[2026-07-29 18:03:06] [INFO] [INFRA_SIMULATOR] windows_servers | Status: Healthy | Metrics: cpu: 23.15, memory: 48.55, disk: 62.1, fortify_cpu: 19.04, fortify_mem: 32.39, iis_threads: 253, iis_sessions: 1414
[2026-07-29 18:03:16] [INFO] [INFRA_SIMULATOR] windows_servers | Status: Healthy | Metrics: cpu: 20.75, memory: 49.1, disk: 62.1, fortify_cpu: 18.99, fortify_mem: 32.19, iis_threads: 246, iis_sessions: 1428
[2026-07-29 18:03:26] [INFO] [INFRA_SIMULATOR] windows_servers | Status: Healthy | Metrics: cpu: 19.99, memory: 49.45, disk: 62.1, fortify_cpu: 17.62, fortify_mem: 32.31, iis_threads: 252, iis_sessions: 1413
[2026-07-29 18:03:36] [INFO] [INFRA_SIMULATOR] windows_servers | Status: Healthy | Metrics: cpu: 26.36, memory: 49.01, disk: 62.1, fortify_cpu: 19.28, fortify_mem: 32.25, iis_threads: 254, iis_sessions: 1422
[2026-07-29 18:03:46] [INFO] [INFRA_SIMULATOR] windows_servers | Status: Healthy | Metrics: cpu: 20.63, memory: 49.68, disk: 62.1, fortify_cpu: 18.8, fortify_mem: 32.31, iis_threads: 254, iis_sessions: 1428
[2026-07-29 18:03:56] [INFO] [INFRA_SIMULATOR] windows_servers | Status: Healthy | Metrics: cpu: 22.16, memory: 47.52, disk: 62.1, fortify_cpu: 18.74, fortify_mem: 32.58, iis_threads: 246, iis_sessions: 1421
[2026-07-29 18:03:57] [INFO] [LOG_AGENT] [IIS-SERVER] GET /api/health - Client IP: 10.194.22.45 - Status 200 OK (elapsed: 15ms)
[2026-07-29 18:04:06] [INFO] [INFRA_SIMULATOR] windows_servers | Status: Healthy | Metrics: cpu: 22.41, memory: 48.85, disk: 62.1, fortify_cpu: 17.72, fortify_mem: 32.15, iis_threads: 250, iis_sessions: 1412
[2026-07-29 18:04:16] [INFO] [INFRA_SIMULATOR] windows_servers | Status: Healthy | Metrics: cpu: 20.01, memory: 47.78, disk: 62.1, fortify_cpu: 18.67, fortify_mem: 32.19, iis_threads: 249, iis_sessions: 1415
[2026-07-29 18:04:26] [INFO] [INFRA_SIMULATOR] windows_servers | Status: Healthy | Metrics: cpu: 20.9, memory: 48.82, disk: 62.1, fortify_cpu: 19.13, fortify_mem: 32.41, iis_threads: 250, iis_sessions: 1415
[2026-07-29 18:04:37] [INFO] [INFRA_SIMULATOR] windows_servers | Status: Healthy | Metrics: cpu: 21.28, memory: 48.05, disk: 62.1, fortify_cpu: 17.76, fortify_mem: 32.18, iis_threads: 250, iis_sessions: 1421
[2026-07-29 18:04:47] [INFO] [INFRA_SIMULATOR] windows_servers | Status: Healthy | Metrics: cpu: 24.5, memory: 49.11, disk: 62.1, fortify_cpu: 18.34, fortify_mem: 32.48, iis_threads: 253, iis_sessions: 1428
[2026-07-29 18:04:57] [INFO] [INFRA_SIMULATOR] windows_servers | Status: Healthy | Metrics: cpu: 26.27, memory: 47.28, disk: 62.1, fortify_cpu: 19.35, fortify_mem: 32.36, iis_threads: 246, iis_sessions: 1422
[2026-07-29 18:04:57] [INFO] [LOG_AGENT] [IIS-SERVER] GET /api/health - Client IP: 10.194.22.45 - Status 200 OK (elapsed: 15ms)
[2026-07-29 18:05:07] [INFO] [INFRA_SIMULATOR] windows_servers | Status: Healthy | Metrics: cpu: 20.62, memory: 49.25, disk: 62.1, fortify_cpu: 17.64, fortify_mem: 32.17, iis_threads: 246, iis_sessions: 1425
[2026-07-29 18:05:17] [INFO] [INFRA_SIMULATOR] windows_servers | Status: Healthy | Metrics: cpu: 22.49, memory: 48.83, disk: 62.1, fortify_cpu: 19.28, fortify_mem: 32.49, iis_threads: 252, iis_sessions: 1426
[2026-07-29 18:05:27] [INFO] [INFRA_SIMULATOR] windows_servers | Status: Healthy | Metrics: cpu: 25.49, memory: 49.35, disk: 62.1, fortify_cpu: 19.18, fortify_mem: 32.47, iis_threads: 249, iis_sessions: 1420
[2026-07-29 18:05:37] [INFO] [INFRA_SIMULATOR] windows_servers | Status: Healthy | Metrics: cpu: 23.67, memory: 47.87, disk: 62.1, fortify_cpu: 18.85, fortify_mem: 32.51, iis_threads: 254, iis_sessions: 1419
[2026-07-29 18:05:47] [INFO] [INFRA_SIMULATOR] windows_servers | Status: Healthy | Metrics: cpu: 23.67, memory: 48.39, disk: 62.1, fortify_cpu: 18.45, fortify_mem: 32.24, iis_threads: 245, iis_sessions: 1428
[2026-07-29 18:05:57] [INFO] [INFRA_SIMULATOR] windows_servers | Status: Healthy | Metrics: cpu: 26.07, memory: 48.68, disk: 62.1, fortify_cpu: 19.06, fortify_mem: 32.64, iis_threads: 248, iis_sessions: 1429
[2026-07-30 06:34:31] [INFO] [INFRA_SIMULATOR] windows_servers | Status: Healthy | Metrics: cpu: 22.24, memory: 49.03, disk: 62.1, fortify_cpu: 18.52, fortify_mem: 32.29, iis_threads: 248, iis_sessions: 1425
[2026-07-30 06:34:41] [INFO] [INFRA_SIMULATOR] windows_servers | Status: Healthy | Metrics: cpu: 23.61, memory: 47.64, disk: 62.1, fortify_cpu: 18.5, fortify_mem: 32.17, iis_threads: 252, iis_sessions: 1417
[2026-07-30 06:34:51] [INFO] [INFRA_SIMULATOR] windows_servers | Status: Healthy | Metrics: cpu: 26.37, memory: 49.6, disk: 62.1, fortify_cpu: 19.3, fortify_mem: 32.46, iis_threads: 249, iis_sessions: 1410
[2026-07-30 06:35:01] [INFO] [INFRA_SIMULATOR] windows_servers | Status: Healthy | Metrics: cpu: 23.78, memory: 49.02, disk: 62.1, fortify_cpu: 18.34, fortify_mem: 32.57, iis_threads: 248, iis_sessions: 1413
[2026-07-30 06:35:11] [INFO] [INFRA_SIMULATOR] windows_servers | Status: Healthy | Metrics: cpu: 23.72, memory: 47.84, disk: 62.1, fortify_cpu: 17.68, fortify_mem: 32.45, iis_threads: 251, iis_sessions: 1425
[2026-07-30 06:35:21] [INFO] [INFRA_SIMULATOR] windows_servers | Status: Healthy | Metrics: cpu: 24.65, memory: 47.39, disk: 62.1, fortify_cpu: 17.62, fortify_mem: 32.51, iis_threads: 248, iis_sessions: 1410
[2026-07-30 06:35:31] [INFO] [INFRA_SIMULATOR] windows_servers | Status: Healthy | Metrics: cpu: 19.93, memory: 49.74, disk: 62.1, fortify_cpu: 18.36, fortify_mem: 32.39, iis_threads: 254, iis_sessions: 1419
[2026-07-30 06:35:41] [INFO] [INFRA_SIMULATOR] windows_servers | Status: Healthy | Metrics: cpu: 25.45, memory: 47.29, disk: 62.1, fortify_cpu: 19.02, fortify_mem: 32.57, iis_threads: 251, iis_sessions: 1417
[2026-07-30 06:35:51] [INFO] [INFRA_SIMULATOR] windows_servers | Status: Healthy | Metrics: cpu: 21.19, memory: 48.71, disk: 62.1, fortify_cpu: 18.16, fortify_mem: 32.46, iis_threads: 247, iis_sessions: 1425
[2026-07-30 06:36:01] [INFO] [INFRA_SIMULATOR] windows_servers | Status: Healthy | Metrics: cpu: 25.95, memory: 49.12, disk: 62.1, fortify_cpu: 18.41, fortify_mem: 32.37, iis_threads: 250, iis_sessions: 1416
[2026-07-30 06:36:11] [INFO] [INFRA_SIMULATOR] windows_servers | Status: Healthy | Metrics: cpu: 19.3, memory: 47.29, disk: 62.1, fortify_cpu: 19.42, fortify_mem: 32.18, iis_threads: 245, iis_sessions: 1427
[2026-07-30 06:36:22] [INFO] [INFRA_SIMULATOR] windows_servers | Status: Healthy | Metrics: cpu: 24.52, memory: 48.28, disk: 62.1, fortify_cpu: 19.38, fortify_mem: 32.16, iis_threads: 248, iis_sessions: 1425
[2026-07-30 06:36:32] [INFO] [INFRA_SIMULATOR] windows_servers | Status: Healthy | Metrics: cpu: 20.1, memory: 48.86, disk: 62.1, fortify_cpu: 18.65, fortify_mem: 32.31, iis_threads: 250, iis_sessions: 1420
[2026-07-30 06:36:32] [INFO] [LOG_AGENT] [IIS-SERVER] GET /api/health - Client IP: 10.194.22.45 - Status 200 OK (elapsed: 15ms)
[2026-07-30 06:36:42] [INFO] [INFRA_SIMULATOR] windows_servers | Status: Healthy | Metrics: cpu: 22.74, memory: 47.53, disk: 62.1, fortify_cpu: 18.91, fortify_mem: 32.32, iis_threads: 251, iis_sessions: 1424
[2026-07-30 06:36:42] [INFO] [LOG_AGENT] [IIS-SERVER] GET /api/health - Client IP: 10.194.22.45 - Status 200 OK (elapsed: 15ms)
[2026-07-30 06:36:52] [INFO] [INFRA_SIMULATOR] windows_servers | Status: Healthy | Metrics: cpu: 20.91, memory: 48.84, disk: 62.1, fortify_cpu: 18.48, fortify_mem: 32.54, iis_threads: 249, iis_sessions: 1418
[2026-07-30 06:37:02] [INFO] [INFRA_SIMULATOR] windows_servers | Status: Healthy | Metrics: cpu: 23.96, memory: 48.78, disk: 62.1, fortify_cpu: 17.9, fortify_mem: 32.3, iis_threads: 251, iis_sessions: 1418
[2026-07-30 06:37:12] [INFO] [INFRA_SIMULATOR] windows_servers | Status: Healthy | Metrics: cpu: 20.67, memory: 49.45, disk: 62.1, fortify_cpu: 18.25, fortify_mem: 32.54, iis_threads: 253, iis_sessions: 1424
[2026-07-30 06:37:12] [INFO] [LOG_AGENT] [IIS-SERVER] GET /api/health - Client IP: 10.194.22.45 - Status 200 OK (elapsed: 15ms)
[2026-07-30 06:37:12] [INFO] [LOG_AGENT] [IIS-SERVER] GET /api/health - Client IP: 10.194.22.45 - Status 200 OK (elapsed: 15ms)
[2026-07-30 06:37:22] [INFO] [INFRA_SIMULATOR] windows_servers | Status: Healthy | Metrics: cpu: 19.17, memory: 47.13, disk: 62.1, fortify_cpu: 19.28, fortify_mem: 32.15, iis_threads: 252, iis_sessions: 1424
[2026-07-30 06:37:22] [INFO] [LOG_AGENT] [IIS-SERVER] GET /api/health - Client IP: 10.194.22.45 - Status 200 OK (elapsed: 15ms)
[2026-07-30 06:37:32] [INFO] [INFRA_SIMULATOR] windows_servers | Status: Healthy | Metrics: cpu: 19, memory: 49.27, disk: 62.1, fortify_cpu: 17.66, fortify_mem: 32.47, iis_threads: 254, iis_sessions: 1418
[2026-07-30 06:37:42] [INFO] [INFRA_SIMULATOR] windows_servers | Status: Healthy | Metrics: cpu: 22.55, memory: 49.63, disk: 62.1, fortify_cpu: 19, fortify_mem: 32.39, iis_threads: 249, iis_sessions: 1421
[2026-07-30 06:37:52] [INFO] [INFRA_SIMULATOR] windows_servers | Status: Healthy | Metrics: cpu: 25.66, memory: 49.46, disk: 62.1, fortify_cpu: 19.32, fortify_mem: 32.37, iis_threads: 247, iis_sessions: 1421
[2026-07-30 06:38:02] [INFO] [INFRA_SIMULATOR] windows_servers | Status: Healthy | Metrics: cpu: 24.07, memory: 48.65, disk: 62.1, fortify_cpu: 18.82, fortify_mem: 32.44, iis_threads: 245, iis_sessions: 1426
[2026-07-30 06:38:12] [INFO] [INFRA_SIMULATOR] windows_servers | Status: Healthy | Metrics: cpu: 20.31, memory: 49.89, disk: 62.1, fortify_cpu: 19.03, fortify_mem: 32.55, iis_threads: 247, iis_sessions: 1414
[2026-07-30 06:38:12] [INFO] [LOG_AGENT] [IIS-SERVER] GET /api/health - Client IP: 10.194.22.45 - Status 200 OK (elapsed: 15ms)
[2026-07-30 06:38:22] [INFO] [INFRA_SIMULATOR] windows_servers | Status: Healthy | Metrics: cpu: 22.7, memory: 49.15, disk: 62.1, fortify_cpu: 18.12, fortify_mem: 32.21, iis_threads: 251, iis_sessions: 1422
[2026-07-30 06:38:32] [INFO] [INFRA_SIMULATOR] windows_servers | Status: Healthy | Metrics: cpu: 19.01, memory: 49.69, disk: 62.1, fortify_cpu: 18.45, fortify_mem: 32.63, iis_threads: 248, iis_sessions: 1424
[2026-07-30 06:38:32] [INFO] [LOG_AGENT] [IIS-SERVER] GET /api/health - Client IP: 10.194.22.45 - Status 200 OK (elapsed: 15ms)
[2026-07-30 06:38:42] [INFO] [INFRA_SIMULATOR] windows_servers | Status: Healthy | Metrics: cpu: 18.69, memory: 49.63, disk: 62.1, fortify_cpu: 19.22, fortify_mem: 32.17, iis_threads: 254, iis_sessions: 1411
[2026-07-30 06:38:52] [INFO] [INFRA_SIMULATOR] windows_servers | Status: Healthy | Metrics: cpu: 18.95, memory: 49.26, disk: 62.1, fortify_cpu: 19.47, fortify_mem: 32.57, iis_threads: 248, iis_sessions: 1428
[2026-07-30 06:38:52] [INFO] [LOG_AGENT] [IIS-SERVER] GET /api/health - Client IP: 10.194.22.45 - Status 200 OK (elapsed: 15ms)
[2026-07-30 06:39:02] [INFO] [INFRA_SIMULATOR] windows_servers | Status: Healthy | Metrics: cpu: 19.49, memory: 49.82, disk: 62.1, fortify_cpu: 17.9, fortify_mem: 32.58, iis_threads: 250, iis_sessions: 1423
[2026-07-30 06:39:12] [INFO] [INFRA_SIMULATOR] windows_servers | Status: Healthy | Metrics: cpu: 20.59, memory: 47.46, disk: 62.1, fortify_cpu: 18.24, fortify_mem: 32.42, iis_threads: 246, iis_sessions: 1417
[2026-07-30 06:39:22] [INFO] [INFRA_SIMULATOR] windows_servers | Status: Healthy | Metrics: cpu: 21.67, memory: 49.12, disk: 62.1, fortify_cpu: 18.3, fortify_mem: 32.54, iis_threads: 252, iis_sessions: 1422
[2026-07-30 06:39:32] [INFO] [INFRA_SIMULATOR] windows_servers | Status: Healthy | Metrics: cpu: 25.99, memory: 47.99, disk: 62.1, fortify_cpu: 18.64, fortify_mem: 32.23, iis_threads: 247, iis_sessions: 1419
[2026-07-30 06:39:42] [INFO] [INFRA_SIMULATOR] windows_servers | Status: Healthy | Metrics: cpu: 26.08, memory: 48.08, disk: 62.1, fortify_cpu: 18.54, fortify_mem: 32.21, iis_threads: 247, iis_sessions: 1417
[2026-07-30 06:39:52] [INFO] [INFRA_SIMULATOR] windows_servers | Status: Healthy | Metrics: cpu: 20.73, memory: 50.01, disk: 62.1, fortify_cpu: 19, fortify_mem: 32.42, iis_threads: 253, iis_sessions: 1414
[2026-07-30 06:40:02] [INFO] [INFRA_SIMULATOR] windows_servers | Status: Healthy | Metrics: cpu: 21.57, memory: 47.91, disk: 62.1, fortify_cpu: 18.11, fortify_mem: 32.26, iis_threads: 251, iis_sessions: 1423
[2026-07-30 06:40:12] [INFO] [INFRA_SIMULATOR] windows_servers | Status: Healthy | Metrics: cpu: 19.29, memory: 47.35, disk: 62.1, fortify_cpu: 18.88, fortify_mem: 32.31, iis_threads: 254, iis_sessions: 1419
[2026-07-30 06:40:22] [INFO] [INFRA_SIMULATOR] windows_servers | Status: Healthy | Metrics: cpu: 22.17, memory: 47.91, disk: 62.1, fortify_cpu: 18.84, fortify_mem: 32.4, iis_threads: 250, iis_sessions: 1425
[2026-07-30 06:40:32] [INFO] [INFRA_SIMULATOR] windows_servers | Status: Healthy | Metrics: cpu: 21.51, memory: 47.18, disk: 62.1, fortify_cpu: 17.88, fortify_mem: 32.3, iis_threads: 246, iis_sessions: 1420
[2026-07-30 06:40:42] [INFO] [INFRA_SIMULATOR] windows_servers | Status: Healthy | Metrics: cpu: 19.27, memory: 47.62, disk: 62.1, fortify_cpu: 18.19, fortify_mem: 32.19, iis_threads: 246, iis_sessions: 1417
[2026-07-30 06:40:52] [INFO] [INFRA_SIMULATOR] windows_servers | Status: Healthy | Metrics: cpu: 20.2, memory: 47.22, disk: 62.1, fortify_cpu: 19.16, fortify_mem: 32.33, iis_threads: 245, iis_sessions: 1410
[2026-07-30 06:41:02] [INFO] [INFRA_SIMULATOR] windows_servers | Status: Healthy | Metrics: cpu: 21.89, memory: 47.46, disk: 62.1, fortify_cpu: 19.45, fortify_mem: 32.28, iis_threads: 246, iis_sessions: 1429
[2026-07-30 06:41:12] [INFO] [INFRA_SIMULATOR] windows_servers | Status: Healthy | Metrics: cpu: 20.99, memory: 47.9, disk: 62.1, fortify_cpu: 17.8, fortify_mem: 32.39, iis_threads: 248, iis_sessions: 1411
[2026-07-30 06:41:22] [INFO] [INFRA_SIMULATOR] windows_servers | Status: Healthy | Metrics: cpu: 21.52, memory: 49.43, disk: 62.1, fortify_cpu: 18.29, fortify_mem: 32.44, iis_threads: 249, iis_sessions: 1420
[2026-07-30 06:41:32] [INFO] [INFRA_SIMULATOR] windows_servers | Status: Healthy | Metrics: cpu: 20.4, memory: 49.69, disk: 62.1, fortify_cpu: 17.85, fortify_mem: 32.49, iis_threads: 253, iis_sessions: 1427
[2026-07-30 06:41:42] [INFO] [INFRA_SIMULATOR] windows_servers | Status: Healthy | Metrics: cpu: 19.93, memory: 47.18, disk: 62.1, fortify_cpu: 19.1, fortify_mem: 32.23, iis_threads: 250, iis_sessions: 1416
[2026-07-30 06:41:52] [INFO] [INFRA_SIMULATOR] windows_servers | Status: Healthy | Metrics: cpu: 25.54, memory: 47.84, disk: 62.1, fortify_cpu: 18.85, fortify_mem: 32.49, iis_threads: 248, iis_sessions: 1411
[2026-07-30 06:42:02] [INFO] [INFRA_SIMULATOR] windows_servers | Status: Healthy | Metrics: cpu: 19.3, memory: 47.25, disk: 62.1, fortify_cpu: 19.01, fortify_mem: 32.45, iis_threads: 253, iis_sessions: 1410
[2026-07-30 06:42:12] [INFO] [INFRA_SIMULATOR] windows_servers | Status: Healthy | Metrics: cpu: 19.4, memory: 49.07, disk: 62.1, fortify_cpu: 19.3, fortify_mem: 32.47, iis_threads: 246, iis_sessions: 1424
[2026-07-30 06:42:22] [INFO] [INFRA_SIMULATOR] windows_servers | Status: Healthy | Metrics: cpu: 22.5, memory: 48.44, disk: 62.1, fortify_cpu: 18.51, fortify_mem: 32.39, iis_threads: 247, iis_sessions: 1410
[2026-07-30 06:42:22] [INFO] [LOG_AGENT] [IIS-SERVER] GET /api/health - Client IP: 10.194.22.45 - Status 200 OK (elapsed: 15ms)
[2026-07-30 06:42:32] [INFO] [INFRA_SIMULATOR] windows_servers | Status: Healthy | Metrics: cpu: 25.72, memory: 48.66, disk: 62.1, fortify_cpu: 19.27, fortify_mem: 32.62, iis_threads: 254, iis_sessions: 1428
[2026-07-30 06:42:42] [INFO] [INFRA_SIMULATOR] windows_servers | Status: Healthy | Metrics: cpu: 24.39, memory: 47.1, disk: 62.1, fortify_cpu: 19.11, fortify_mem: 32.32, iis_threads: 248, iis_sessions: 1424
[2026-07-30 06:42:52] [INFO] [INFRA_SIMULATOR] windows_servers | Status: Healthy | Metrics: cpu: 23.22, memory: 48.41, disk: 62.1, fortify_cpu: 17.66, fortify_mem: 32.64, iis_threads: 250, iis_sessions: 1413
[2026-07-30 06:43:02] [INFO] [INFRA_SIMULATOR] windows_servers | Status: Healthy | Metrics: cpu: 24.41, memory: 47.95, disk: 62.1, fortify_cpu: 18.87, fortify_mem: 32.51, iis_threads: 249, iis_sessions: 1412
[2026-07-30 06:43:12] [INFO] [INFRA_SIMULATOR] windows_servers | Status: Healthy | Metrics: cpu: 22.4, memory: 48.73, disk: 62.1, fortify_cpu: 17.55, fortify_mem: 32.38, iis_threads: 245, iis_sessions: 1420
[2026-07-30 06:43:22] [INFO] [INFRA_SIMULATOR] windows_servers | Status: Healthy | Metrics: cpu: 23.06, memory: 47.73, disk: 62.1, fortify_cpu: 18.68, fortify_mem: 32.46, iis_threads: 247, iis_sessions: 1429
[2026-07-30 06:43:32] [INFO] [INFRA_SIMULATOR] windows_servers | Status: Healthy | Metrics: cpu: 21.07, memory: 49.99, disk: 62.1, fortify_cpu: 18.46, fortify_mem: 32.59, iis_threads: 252, iis_sessions: 1412
[2026-07-30 06:43:42] [INFO] [INFRA_SIMULATOR] windows_servers | Status: Healthy | Metrics: cpu: 20.28, memory: 47.2, disk: 62.1, fortify_cpu: 18.29, fortify_mem: 32.59, iis_threads: 253, iis_sessions: 1427
[2026-07-30 06:43:42] [INFO] [LOG_AGENT] [IIS-SERVER] GET /api/health - Client IP: 10.194.22.45 - Status 200 OK (elapsed: 15ms)
[2026-07-30 06:43:52] [INFO] [INFRA_SIMULATOR] windows_servers | Status: Healthy | Metrics: cpu: 20.88, memory: 49.15, disk: 62.1, fortify_cpu: 18.77, fortify_mem: 32.44, iis_threads: 248, iis_sessions: 1424
[2026-07-30 06:44:02] [INFO] [INFRA_SIMULATOR] windows_servers | Status: Healthy | Metrics: cpu: 19.28, memory: 48.92, disk: 62.1, fortify_cpu: 17.53, fortify_mem: 32.45, iis_threads: 246, iis_sessions: 1422
[2026-07-30 06:44:12] [INFO] [INFRA_SIMULATOR] windows_servers | Status: Healthy | Metrics: cpu: 20.38, memory: 47.95, disk: 62.1, fortify_cpu: 18.39, fortify_mem: 32.51, iis_threads: 250, iis_sessions: 1414
[2026-07-30 06:44:22] [INFO] [INFRA_SIMULATOR] windows_servers | Status: Healthy | Metrics: cpu: 25.41, memory: 49.94, disk: 62.1, fortify_cpu: 17.75, fortify_mem: 32.59, iis_threads: 254, iis_sessions: 1414
[2026-07-30 06:44:32] [INFO] [INFRA_SIMULATOR] windows_servers | Status: Healthy | Metrics: cpu: 24.81, memory: 49.94, disk: 62.1, fortify_cpu: 18.35, fortify_mem: 32.16, iis_threads: 252, iis_sessions: 1429
[2026-07-30 06:44:42] [INFO] [INFRA_SIMULATOR] windows_servers | Status: Healthy | Metrics: cpu: 19.67, memory: 48.13, disk: 62.1, fortify_cpu: 18.85, fortify_mem: 32.46, iis_threads: 250, iis_sessions: 1415
[2026-07-30 06:44:52] [INFO] [INFRA_SIMULATOR] windows_servers | Status: Healthy | Metrics: cpu: 19.94, memory: 48.67, disk: 62.1, fortify_cpu: 18.52, fortify_mem: 32.55, iis_threads: 252, iis_sessions: 1422
[2026-07-30 06:45:02] [INFO] [INFRA_SIMULATOR] windows_servers | Status: Healthy | Metrics: cpu: 23.74, memory: 48.34, disk: 62.1, fortify_cpu: 19.04, fortify_mem: 32.31, iis_threads: 247, iis_sessions: 1414
[2026-07-30 06:45:12] [INFO] [INFRA_SIMULATOR] windows_servers | Status: Healthy | Metrics: cpu: 18.74, memory: 49.6, disk: 62.1, fortify_cpu: 19.15, fortify_mem: 32.3, iis_threads: 251, iis_sessions: 1411
[2026-07-30 06:45:22] [INFO] [INFRA_SIMULATOR] windows_servers | Status: Healthy | Metrics: cpu: 21.89, memory: 47.13, disk: 62.1, fortify_cpu: 18.77, fortify_mem: 32.36, iis_threads: 249, iis_sessions: 1422
[2026-07-30 06:45:32] [INFO] [INFRA_SIMULATOR] windows_servers | Status: Healthy | Metrics: cpu: 26.01, memory: 48.07, disk: 62.1, fortify_cpu: 18.4, fortify_mem: 32.34, iis_threads: 253, iis_sessions: 1418
[2026-07-30 06:45:42] [INFO] [INFRA_SIMULATOR] windows_servers | Status: Healthy | Metrics: cpu: 23.42, memory: 47.49, disk: 62.1, fortify_cpu: 18.71, fortify_mem: 32.21, iis_threads: 252, iis_sessions: 1421
[2026-07-30 06:45:42] [INFO] [LOG_AGENT] [IIS-SERVER] GET /api/health - Client IP: 10.194.22.45 - Status 200 OK (elapsed: 15ms)
[2026-07-30 06:45:52] [INFO] [INFRA_SIMULATOR] windows_servers | Status: Healthy | Metrics: cpu: 26.16, memory: 49.25, disk: 62.1, fortify_cpu: 18.41, fortify_mem: 32.46, iis_threads: 252, iis_sessions: 1411
[2026-07-30 06:45:52] [INFO] [LOG_AGENT] [IIS-SERVER] GET /api/health - Client IP: 10.194.22.45 - Status 200 OK (elapsed: 15ms)
[2026-07-30 06:46:02] [INFO] [INFRA_SIMULATOR] windows_servers | Status: Healthy | Metrics: cpu: 22.09, memory: 48.58, disk: 62.1, fortify_cpu: 18.1, fortify_mem: 32.58, iis_threads: 252, iis_sessions: 1412
[2026-07-30 06:46:12] [INFO] [INFRA_SIMULATOR] windows_servers | Status: Healthy | Metrics: cpu: 22.05, memory: 50, disk: 62.1, fortify_cpu: 18.65, fortify_mem: 32.23, iis_threads: 247, iis_sessions: 1429
[2026-07-30 06:46:22] [INFO] [INFRA_SIMULATOR] windows_servers | Status: Healthy | Metrics: cpu: 25.94, memory: 47.19, disk: 62.1, fortify_cpu: 18.86, fortify_mem: 32.3, iis_threads: 248, iis_sessions: 1423
[2026-07-30 06:46:22] [INFO] [LOG_AGENT] [IIS-SERVER] GET /api/health - Client IP: 10.194.22.45 - Status 200 OK (elapsed: 15ms)
[2026-07-30 06:46:32] [INFO] [INFRA_SIMULATOR] windows_servers | Status: Healthy | Metrics: cpu: 20.61, memory: 49.77, disk: 62.1, fortify_cpu: 18.13, fortify_mem: 32.29, iis_threads: 253, iis_sessions: 1412
[2026-07-30 06:46:42] [INFO] [INFRA_SIMULATOR] windows_servers | Status: Healthy | Metrics: cpu: 25.8, memory: 49.2, disk: 62.1, fortify_cpu: 17.98, fortify_mem: 32.47, iis_threads: 251, iis_sessions: 1415
[2026-07-30 06:46:52] [INFO] [INFRA_SIMULATOR] windows_servers | Status: Healthy | Metrics: cpu: 22.95, memory: 47.14, disk: 62.1, fortify_cpu: 18.38, fortify_mem: 32.3, iis_threads: 247, iis_sessions: 1418
[2026-07-30 06:47:02] [INFO] [INFRA_SIMULATOR] windows_servers | Status: Healthy | Metrics: cpu: 21.46, memory: 49.7, disk: 62.1, fortify_cpu: 19, fortify_mem: 32.61, iis_threads: 249, iis_sessions: 1429
[2026-07-30 06:47:12] [INFO] [INFRA_SIMULATOR] windows_servers | Status: Healthy | Metrics: cpu: 24.19, memory: 49.19, disk: 62.1, fortify_cpu: 18.98, fortify_mem: 32.58, iis_threads: 247, iis_sessions: 1424
[2026-07-30 06:47:22] [INFO] [INFRA_SIMULATOR] windows_servers | Status: Healthy | Metrics: cpu: 20.47, memory: 49.86, disk: 62.1, fortify_cpu: 19.48, fortify_mem: 32.23, iis_threads: 254, iis_sessions: 1413
[2026-07-30 06:47:32] [INFO] [INFRA_SIMULATOR] windows_servers | Status: Healthy | Metrics: cpu: 24.8, memory: 47.87, disk: 62.1, fortify_cpu: 18.72, fortify_mem: 32.31, iis_threads: 247, iis_sessions: 1411
[2026-07-30 06:47:42] [INFO] [INFRA_SIMULATOR] windows_servers | Status: Healthy | Metrics: cpu: 18.45, memory: 47.85, disk: 62.1, fortify_cpu: 18.81, fortify_mem: 32.64, iis_threads: 253, iis_sessions: 1423
[2026-07-30 06:47:52] [INFO] [INFRA_SIMULATOR] windows_servers | Status: Healthy | Metrics: cpu: 25.88, memory: 48.34, disk: 62.1, fortify_cpu: 19, fortify_mem: 32.28, iis_threads: 249, iis_sessions: 1421
[2026-07-30 06:48:02] [INFO] [INFRA_SIMULATOR] windows_servers | Status: Healthy | Metrics: cpu: 20.38, memory: 49.96, disk: 62.1, fortify_cpu: 17.82, fortify_mem: 32.56, iis_threads: 249, iis_sessions: 1428
[2026-07-30 06:48:12] [INFO] [INFRA_SIMULATOR] windows_servers | Status: Healthy | Metrics: cpu: 23.91, memory: 49.97, disk: 62.1, fortify_cpu: 18.62, fortify_mem: 32.49, iis_threads: 251, iis_sessions: 1417
[2026-07-30 06:48:12] [INFO] [LOG_AGENT] [IIS-SERVER] GET /api/health - Client IP: 10.194.22.45 - Status 200 OK (elapsed: 15ms)
[2026-07-30 06:48:22] [INFO] [INFRA_SIMULATOR] windows_servers | Status: Healthy | Metrics: cpu: 21.19, memory: 49.59, disk: 62.1, fortify_cpu: 18.3, fortify_mem: 32.19, iis_threads: 247, iis_sessions: 1427
[2026-07-30 06:48:32] [INFO] [INFRA_SIMULATOR] windows_servers | Status: Healthy | Metrics: cpu: 21.53, memory: 49.59, disk: 62.1, fortify_cpu: 18.08, fortify_mem: 32.33, iis_threads: 253, iis_sessions: 1422
[2026-07-30 06:48:42] [INFO] [INFRA_SIMULATOR] windows_servers | Status: Healthy | Metrics: cpu: 26.14, memory: 47.31, disk: 62.1, fortify_cpu: 18.28, fortify_mem: 32.42, iis_threads: 249, iis_sessions: 1421
[2026-07-30 06:48:52] [INFO] [INFRA_SIMULATOR] windows_servers | Status: Healthy | Metrics: cpu: 18.83, memory: 48.93, disk: 62.1, fortify_cpu: 18.27, fortify_mem: 32.17, iis_threads: 248, iis_sessions: 1414
[2026-07-30 06:49:02] [INFO] [INFRA_SIMULATOR] windows_servers | Status: Healthy | Metrics: cpu: 23.55, memory: 49.21, disk: 62.1, fortify_cpu: 18.63, fortify_mem: 32.63, iis_threads: 252, iis_sessions: 1422
[2026-07-30 06:49:12] [INFO] [INFRA_SIMULATOR] windows_servers | Status: Healthy | Metrics: cpu: 18.77, memory: 47.79, disk: 62.1, fortify_cpu: 19.08, fortify_mem: 32.24, iis_threads: 253, iis_sessions: 1416
[2026-07-30 06:49:22] [INFO] [INFRA_SIMULATOR] windows_servers | Status: Healthy | Metrics: cpu: 19.22, memory: 49.76, disk: 62.1, fortify_cpu: 17.82, fortify_mem: 32.51, iis_threads: 249, iis_sessions: 1417
[2026-07-30 06:49:32] [INFO] [INFRA_SIMULATOR] windows_servers | Status: Healthy | Metrics: cpu: 18.64, memory: 48.22, disk: 62.1, fortify_cpu: 17.72, fortify_mem: 32.31, iis_threads: 246, iis_sessions: 1411
[2026-07-30 06:49:42] [INFO] [INFRA_SIMULATOR] windows_servers | Status: Healthy | Metrics: cpu: 20.26, memory: 47.13, disk: 62.1, fortify_cpu: 18.53, fortify_mem: 32.4, iis_threads: 252, iis_sessions: 1411
[2026-07-30 06:49:52] [INFO] [INFRA_SIMULATOR] windows_servers | Status: Healthy | Metrics: cpu: 21.86, memory: 48.57, disk: 62.1, fortify_cpu: 17.61, fortify_mem: 32.5, iis_threads: 250, iis_sessions: 1427
[2026-07-30 06:50:02] [INFO] [INFRA_SIMULATOR] windows_servers | Status: Healthy | Metrics: cpu: 19.3, memory: 47.59, disk: 62.1, fortify_cpu: 18.62, fortify_mem: 32.64, iis_threads: 247, iis_sessions: 1421
[2026-07-30 06:50:12] [INFO] [INFRA_SIMULATOR] windows_servers | Status: Healthy | Metrics: cpu: 23.41, memory: 49.04, disk: 62.1, fortify_cpu: 17.57, fortify_mem: 32.33, iis_threads: 246, iis_sessions: 1417
[2026-07-30 06:50:22] [INFO] [INFRA_SIMULATOR] windows_servers | Status: Healthy | Metrics: cpu: 22.25, memory: 50.07, disk: 62.1, fortify_cpu: 18.4, fortify_mem: 32.19, iis_threads: 249, iis_sessions: 1412
[2026-07-30 06:50:22] [INFO] [LOG_AGENT] [IIS-SERVER] GET /api/health - Client IP: 10.194.22.45 - Status 200 OK (elapsed: 15ms)
[2026-07-30 06:50:32] [INFO] [INFRA_SIMULATOR] windows_servers | Status: Healthy | Metrics: cpu: 19.34, memory: 49.04, disk: 62.1, fortify_cpu: 18.36, fortify_mem: 32.63, iis_threads: 249, iis_sessions: 1423
[2026-07-30 06:50:42] [INFO] [INFRA_SIMULATOR] windows_servers | Status: Healthy | Metrics: cpu: 23.84, memory: 48.25, disk: 62.1, fortify_cpu: 19.03, fortify_mem: 32.2, iis_threads: 254, iis_sessions: 1424
[2026-07-30 06:50:52] [INFO] [INFRA_SIMULATOR] windows_servers | Status: Healthy | Metrics: cpu: 22.4, memory: 48.48, disk: 62.1, fortify_cpu: 17.74, fortify_mem: 32.34, iis_threads: 250, iis_sessions: 1417
[2026-07-30 06:51:02] [INFO] [INFRA_SIMULATOR] windows_servers | Status: Healthy | Metrics: cpu: 24.49, memory: 47.38, disk: 62.1, fortify_cpu: 19.21, fortify_mem: 32.64, iis_threads: 245, iis_sessions: 1419
[2026-07-30 06:51:12] [INFO] [INFRA_SIMULATOR] windows_servers | Status: Healthy | Metrics: cpu: 22.13, memory: 49.8, disk: 62.1, fortify_cpu: 18.57, fortify_mem: 32.6, iis_threads: 253, iis_sessions: 1413
[2026-07-30 06:51:22] [INFO] [INFRA_SIMULATOR] windows_servers | Status: Healthy | Metrics: cpu: 25.69, memory: 48.72, disk: 62.1, fortify_cpu: 19.19, fortify_mem: 32.18, iis_threads: 252, iis_sessions: 1413
[2026-07-30 06:51:32] [INFO] [INFRA_SIMULATOR] windows_servers | Status: Healthy | Metrics: cpu: 23.52, memory: 47.85, disk: 62.1, fortify_cpu: 18.97, fortify_mem: 32.44, iis_threads: 249, iis_sessions: 1418
[2026-07-30 06:51:42] [INFO] [INFRA_SIMULATOR] windows_servers | Status: Healthy | Metrics: cpu: 21.27, memory: 48.5, disk: 62.1, fortify_cpu: 18.43, fortify_mem: 32.18, iis_threads: 248, iis_sessions: 1420
[2026-07-30 06:51:52] [INFO] [INFRA_SIMULATOR] windows_servers | Status: Healthy | Metrics: cpu: 19.54, memory: 49.08, disk: 62.1, fortify_cpu: 19.16, fortify_mem: 32.45, iis_threads: 251, iis_sessions: 1411
[2026-07-30 06:52:02] [INFO] [INFRA_SIMULATOR] windows_servers | Status: Healthy | Metrics: cpu: 20.92, memory: 48.72, disk: 62.1, fortify_cpu: 18.88, fortify_mem: 32.61, iis_threads: 250, iis_sessions: 1420
[2026-07-30 06:52:12] [INFO] [INFRA_SIMULATOR] windows_servers | Status: Healthy | Metrics: cpu: 18.8, memory: 48.86, disk: 62.1, fortify_cpu: 18.92, fortify_mem: 32.31, iis_threads: 252, iis_sessions: 1415
[2026-07-30 06:52:22] [INFO] [INFRA_SIMULATOR] windows_servers | Status: Healthy | Metrics: cpu: 18.92, memory: 48.8, disk: 62.1, fortify_cpu: 18.49, fortify_mem: 32.47, iis_threads: 252, iis_sessions: 1413
[2026-07-30 06:52:32] [INFO] [INFRA_SIMULATOR] windows_servers | Status: Healthy | Metrics: cpu: 24.51, memory: 49.76, disk: 62.1, fortify_cpu: 17.59, fortify_mem: 32.4, iis_threads: 246, iis_sessions: 1422
[2026-07-30 06:52:42] [INFO] [INFRA_SIMULATOR] windows_servers | Status: Healthy | Metrics: cpu: 21.38, memory: 47.17, disk: 62.1, fortify_cpu: 18.07, fortify_mem: 32.45, iis_threads: 249, iis_sessions: 1411
[2026-07-30 06:52:52] [INFO] [INFRA_SIMULATOR] windows_servers | Status: Healthy | Metrics: cpu: 18.82, memory: 48.64, disk: 62.1, fortify_cpu: 17.94, fortify_mem: 32.2, iis_threads: 248, iis_sessions: 1414
[2026-07-30 06:53:02] [INFO] [INFRA_SIMULATOR] windows_servers | Status: Healthy | Metrics: cpu: 18.61, memory: 50.01, disk: 62.1, fortify_cpu: 17.77, fortify_mem: 32.16, iis_threads: 246, iis_sessions: 1425
[2026-07-30 06:53:02] [INFO] [LOG_AGENT] [IIS-SERVER] GET /api/health - Client IP: 10.194.22.45 - Status 200 OK (elapsed: 15ms)
[2026-07-30 06:53:12] [INFO] [INFRA_SIMULATOR] windows_servers | Status: Healthy | Metrics: cpu: 19.9, memory: 49.27, disk: 62.1, fortify_cpu: 17.57, fortify_mem: 32.52, iis_threads: 253, iis_sessions: 1423
[2026-07-30 06:53:22] [INFO] [INFRA_SIMULATOR] windows_servers | Status: Healthy | Metrics: cpu: 21.11, memory: 47.61, disk: 62.1, fortify_cpu: 18.82, fortify_mem: 32.64, iis_threads: 248, iis_sessions: 1411
[2026-07-30 06:53:32] [INFO] [INFRA_SIMULATOR] windows_servers | Status: Healthy | Metrics: cpu: 21.38, memory: 48.87, disk: 62.1, fortify_cpu: 18.53, fortify_mem: 32.63, iis_threads: 246, iis_sessions: 1426
[2026-07-30 06:53:32] [INFO] [LOG_AGENT] [IIS-SERVER] GET /api/health - Client IP: 10.194.22.45 - Status 200 OK (elapsed: 15ms)
[2026-07-30 06:53:42] [INFO] [INFRA_SIMULATOR] windows_servers | Status: Healthy | Metrics: cpu: 22.46, memory: 48.79, disk: 62.1, fortify_cpu: 18.46, fortify_mem: 32.45, iis_threads: 250, iis_sessions: 1410
[2026-07-30 06:53:52] [INFO] [INFRA_SIMULATOR] windows_servers | Status: Healthy | Metrics: cpu: 19.47, memory: 48.09, disk: 62.1, fortify_cpu: 18.45, fortify_mem: 32.61, iis_threads: 245, iis_sessions: 1414
[2026-07-30 06:54:02] [INFO] [INFRA_SIMULATOR] windows_servers | Status: Healthy | Metrics: cpu: 25.73, memory: 47.66, disk: 62.1, fortify_cpu: 17.75, fortify_mem: 32.35, iis_threads: 247, iis_sessions: 1411
[2026-07-30 06:54:12] [INFO] [INFRA_SIMULATOR] windows_servers | Status: Healthy | Metrics: cpu: 23.75, memory: 49.68, disk: 62.1, fortify_cpu: 18.51, fortify_mem: 32.38, iis_threads: 248, iis_sessions: 1420
[2026-07-30 06:54:22] [INFO] [INFRA_SIMULATOR] windows_servers | Status: Healthy | Metrics: cpu: 23.58, memory: 48.97, disk: 62.1, fortify_cpu: 18.47, fortify_mem: 32.24, iis_threads: 251, iis_sessions: 1424
[2026-07-30 06:54:32] [INFO] [INFRA_SIMULATOR] windows_servers | Status: Healthy | Metrics: cpu: 18.6, memory: 49.46, disk: 62.1, fortify_cpu: 17.97, fortify_mem: 32.61, iis_threads: 253, iis_sessions: 1429
[2026-07-30 06:54:33] [INFO] [LOG_AGENT] [IIS-SERVER] GET /api/health - Client IP: 10.194.22.45 - Status 200 OK (elapsed: 15ms)
[2026-07-30 06:54:42] [INFO] [INFRA_SIMULATOR] windows_servers | Status: Healthy | Metrics: cpu: 18.62, memory: 49.49, disk: 62.1, fortify_cpu: 19.01, fortify_mem: 32.37, iis_threads: 252, iis_sessions: 1418
[2026-07-30 06:54:52] [INFO] [INFRA_SIMULATOR] windows_servers | Status: Healthy | Metrics: cpu: 22.81, memory: 50.06, disk: 62.1, fortify_cpu: 17.71, fortify_mem: 32.49, iis_threads: 247, iis_sessions: 1416
[2026-07-30 06:55:02] [INFO] [INFRA_SIMULATOR] windows_servers | Status: Healthy | Metrics: cpu: 23.84, memory: 49.99, disk: 62.1, fortify_cpu: 17.62, fortify_mem: 32.63, iis_threads: 245, iis_sessions: 1423
[2026-07-30 06:55:02] [INFO] [LOG_AGENT] [IIS-SERVER] GET /api/health - Client IP: 10.194.22.45 - Status 200 OK (elapsed: 15ms)
[2026-07-30 06:55:12] [INFO] [INFRA_SIMULATOR] windows_servers | Status: Healthy | Metrics: cpu: 25.66, memory: 49.18, disk: 62.1, fortify_cpu: 18.89, fortify_mem: 32.16, iis_threads: 248, iis_sessions: 1429
[2026-07-30 06:55:22] [INFO] [INFRA_SIMULATOR] windows_servers | Status: Healthy | Metrics: cpu: 18.65, memory: 48.53, disk: 62.1, fortify_cpu: 17.84, fortify_mem: 32.32, iis_threads: 251, iis_sessions: 1411
[2026-07-30 06:55:32] [INFO] [INFRA_SIMULATOR] windows_servers | Status: Healthy | Metrics: cpu: 24.29, memory: 48.97, disk: 62.1, fortify_cpu: 17.65, fortify_mem: 32.17, iis_threads: 246, iis_sessions: 1419
[2026-07-30 06:55:42] [INFO] [INFRA_SIMULATOR] windows_servers | Status: Healthy | Metrics: cpu: 22.97, memory: 48.23, disk: 62.1, fortify_cpu: 17.51, fortify_mem: 32.36, iis_threads: 245, iis_sessions: 1414
[2026-07-30 06:55:52] [INFO] [INFRA_SIMULATOR] windows_servers | Status: Healthy | Metrics: cpu: 25.28, memory: 47.14, disk: 62.1, fortify_cpu: 18.04, fortify_mem: 32.54, iis_threads: 248, iis_sessions: 1415
[2026-07-30 06:55:53] [INFO] [LOG_AGENT] [IIS-SERVER] GET /api/health - Client IP: 10.194.22.45 - Status 200 OK (elapsed: 15ms)
[2026-07-30 06:56:02] [INFO] [INFRA_SIMULATOR] windows_servers | Status: Healthy | Metrics: cpu: 18.63, memory: 47.34, disk: 62.1, fortify_cpu: 19.4, fortify_mem: 32.45, iis_threads: 249, iis_sessions: 1418
[2026-07-30 06:56:12] [INFO] [INFRA_SIMULATOR] windows_servers | Status: Healthy | Metrics: cpu: 22.94, memory: 48.62, disk: 62.1, fortify_cpu: 18.63, fortify_mem: 32.55, iis_threads: 254, iis_sessions: 1426
[2026-07-30 06:56:22] [INFO] [INFRA_SIMULATOR] windows_servers | Status: Healthy | Metrics: cpu: 19.83, memory: 48.84, disk: 62.1, fortify_cpu: 18.76, fortify_mem: 32.29, iis_threads: 246, iis_sessions: 1418
[2026-07-30 06:56:32] [INFO] [INFRA_SIMULATOR] windows_servers | Status: Healthy | Metrics: cpu: 18.51, memory: 47.89, disk: 62.1, fortify_cpu: 18.98, fortify_mem: 32.48, iis_threads: 250, iis_sessions: 1417
[2026-07-30 06:56:42] [INFO] [INFRA_SIMULATOR] windows_servers | Status: Healthy | Metrics: cpu: 20.61, memory: 49.28, disk: 62.1, fortify_cpu: 17.94, fortify_mem: 32.18, iis_threads: 246, iis_sessions: 1426
[2026-07-30 06:56:43] [INFO] [LOG_AGENT] [IIS-SERVER] GET /api/health - Client IP: 10.194.22.45 - Status 200 OK (elapsed: 15ms)
[2026-07-30 06:56:53] [INFO] [INFRA_SIMULATOR] windows_servers | Status: Healthy | Metrics: cpu: 24.23, memory: 49.52, disk: 62.1, fortify_cpu: 19.21, fortify_mem: 32.34, iis_threads: 247, iis_sessions: 1413
[2026-07-30 06:57:03] [INFO] [INFRA_SIMULATOR] windows_servers | Status: Healthy | Metrics: cpu: 23.9, memory: 48, disk: 62.1, fortify_cpu: 17.84, fortify_mem: 32.5, iis_threads: 249, iis_sessions: 1410
[2026-07-30 06:57:03] [INFO] [LOG_AGENT] [IIS-SERVER] GET /api/health - Client IP: 10.194.22.45 - Status 200 OK (elapsed: 15ms)
[2026-07-30 06:57:13] [INFO] [INFRA_SIMULATOR] windows_servers | Status: Healthy | Metrics: cpu: 23.87, memory: 47.11, disk: 62.1, fortify_cpu: 19.36, fortify_mem: 32.6, iis_threads: 254, iis_sessions: 1417
[2026-07-30 06:57:23] [INFO] [INFRA_SIMULATOR] windows_servers | Status: Healthy | Metrics: cpu: 18.59, memory: 48.45, disk: 62.1, fortify_cpu: 19.03, fortify_mem: 32.59, iis_threads: 254, iis_sessions: 1421
[2026-07-30 06:57:33] [INFO] [INFRA_SIMULATOR] windows_servers | Status: Healthy | Metrics: cpu: 25.11, memory: 49.21, disk: 62.1, fortify_cpu: 17.68, fortify_mem: 32.53, iis_threads: 248, iis_sessions: 1428
[2026-07-30 06:57:33] [INFO] [LOG_AGENT] [IIS-SERVER] GET /api/health - Client IP: 10.194.22.45 - Status 200 OK (elapsed: 15ms)
[2026-07-30 06:57:43] [INFO] [INFRA_SIMULATOR] windows_servers | Status: Healthy | Metrics: cpu: 25.77, memory: 47.88, disk: 62.1, fortify_cpu: 18.76, fortify_mem: 32.2, iis_threads: 252, iis_sessions: 1413
[2026-07-30 06:57:53] [INFO] [INFRA_SIMULATOR] windows_servers | Status: Healthy | Metrics: cpu: 21, memory: 48.25, disk: 62.1, fortify_cpu: 19.24, fortify_mem: 32.22, iis_threads: 249, iis_sessions: 1423
[2026-07-30 06:57:53] [INFO] [LOG_AGENT] [IIS-SERVER] GET /api/health - Client IP: 10.194.22.45 - Status 200 OK (elapsed: 15ms)
[2026-07-30 06:58:03] [INFO] [INFRA_SIMULATOR] windows_servers | Status: Healthy | Metrics: cpu: 18.91, memory: 48.38, disk: 62.1, fortify_cpu: 18.83, fortify_mem: 32.34, iis_threads: 246, iis_sessions: 1412
[2026-07-30 06:58:03] [INFO] [LOG_AGENT] [IIS-SERVER] GET /api/health - Client IP: 10.194.22.45 - Status 200 OK (elapsed: 15ms)
[2026-07-30 06:58:13] [INFO] [INFRA_SIMULATOR] windows_servers | Status: Healthy | Metrics: cpu: 22.81, memory: 49.57, disk: 62.1, fortify_cpu: 19.2, fortify_mem: 32.45, iis_threads: 250, iis_sessions: 1421
[2026-07-30 06:58:23] [INFO] [INFRA_SIMULATOR] windows_servers | Status: Healthy | Metrics: cpu: 23.02, memory: 47.18, disk: 62.1, fortify_cpu: 18.49, fortify_mem: 32.33, iis_threads: 251, iis_sessions: 1427
[2026-07-30 06:58:33] [INFO] [INFRA_SIMULATOR] windows_servers | Status: Healthy | Metrics: cpu: 20.78, memory: 47.29, disk: 62.1, fortify_cpu: 17.61, fortify_mem: 32.49, iis_threads: 245, iis_sessions: 1421
[2026-07-30 06:58:43] [INFO] [INFRA_SIMULATOR] windows_servers | Status: Healthy | Metrics: cpu: 21.18, memory: 47.75, disk: 62.1, fortify_cpu: 19.32, fortify_mem: 32.43, iis_threads: 245, iis_sessions: 1426
[2026-07-30 06:58:53] [INFO] [INFRA_SIMULATOR] windows_servers | Status: Healthy | Metrics: cpu: 22.14, memory: 47.39, disk: 62.1, fortify_cpu: 18.22, fortify_mem: 32.35, iis_threads: 250, iis_sessions: 1421
[2026-07-30 06:59:03] [INFO] [INFRA_SIMULATOR] windows_servers | Status: Healthy | Metrics: cpu: 19.14, memory: 47.24, disk: 62.1, fortify_cpu: 18.38, fortify_mem: 32.19, iis_threads: 245, iis_sessions: 1424
[2026-07-30 06:59:13] [INFO] [INFRA_SIMULATOR] windows_servers | Status: Healthy | Metrics: cpu: 25.94, memory: 49.65, disk: 62.1, fortify_cpu: 18.56, fortify_mem: 32.58, iis_threads: 251, iis_sessions: 1412
[2026-07-30 06:59:23] [INFO] [INFRA_SIMULATOR] windows_servers | Status: Healthy | Metrics: cpu: 24.9, memory: 49.4, disk: 62.1, fortify_cpu: 18.03, fortify_mem: 32.4, iis_threads: 249, iis_sessions: 1421
[2026-07-30 06:59:33] [INFO] [INFRA_SIMULATOR] windows_servers | Status: Healthy | Metrics: cpu: 20.81, memory: 48.95, disk: 62.1, fortify_cpu: 18.16, fortify_mem: 32.3, iis_threads: 250, iis_sessions: 1417
[2026-07-30 06:59:43] [INFO] [INFRA_SIMULATOR] windows_servers | Status: Healthy | Metrics: cpu: 22.92, memory: 47.58, disk: 62.1, fortify_cpu: 17.65, fortify_mem: 32.38, iis_threads: 247, iis_sessions: 1411
[2026-07-30 06:59:43] [INFO] [LOG_AGENT] [IIS-SERVER] GET /api/health - Client IP: 10.194.22.45 - Status 200 OK (elapsed: 15ms)
[2026-07-30 06:59:53] [INFO] [INFRA_SIMULATOR] windows_servers | Status: Healthy | Metrics: cpu: 25.58, memory: 48.34, disk: 62.1, fortify_cpu: 17.75, fortify_mem: 32.3, iis_threads: 253, iis_sessions: 1419
[2026-07-30 07:00:03] [INFO] [INFRA_SIMULATOR] windows_servers | Status: Healthy | Metrics: cpu: 23.75, memory: 48.84, disk: 62.1, fortify_cpu: 19.02, fortify_mem: 32.24, iis_threads: 248, iis_sessions: 1423
[2026-07-30 07:00:13] [INFO] [INFRA_SIMULATOR] windows_servers | Status: Healthy | Metrics: cpu: 22.52, memory: 48.85, disk: 62.1, fortify_cpu: 17.64, fortify_mem: 32.2, iis_threads: 248, iis_sessions: 1420
[2026-07-30 07:00:23] [INFO] [INFRA_SIMULATOR] windows_servers | Status: Healthy | Metrics: cpu: 23.96, memory: 48.22, disk: 62.1, fortify_cpu: 17.78, fortify_mem: 32.33, iis_threads: 245, iis_sessions: 1419
[2026-07-30 07:00:33] [INFO] [INFRA_SIMULATOR] windows_servers | Status: Healthy | Metrics: cpu: 22.03, memory: 48.53, disk: 62.1, fortify_cpu: 18.8, fortify_mem: 32.3, iis_threads: 248, iis_sessions: 1429
[2026-07-30 07:00:43] [INFO] [INFRA_SIMULATOR] windows_servers | Status: Healthy | Metrics: cpu: 24.7, memory: 48.56, disk: 62.1, fortify_cpu: 18.27, fortify_mem: 32.49, iis_threads: 253, iis_sessions: 1411
[2026-07-30 07:00:53] [INFO] [INFRA_SIMULATOR] windows_servers | Status: Healthy | Metrics: cpu: 25.57, memory: 47.54, disk: 62.1, fortify_cpu: 19.16, fortify_mem: 32.18, iis_threads: 248, iis_sessions: 1423
[2026-07-30 07:01:03] [INFO] [INFRA_SIMULATOR] windows_servers | Status: Healthy | Metrics: cpu: 21.36, memory: 49.38, disk: 62.1, fortify_cpu: 17.78, fortify_mem: 32.24, iis_threads: 250, iis_sessions: 1411
[2026-07-30 07:01:13] [INFO] [INFRA_SIMULATOR] windows_servers | Status: Healthy | Metrics: cpu: 25.2, memory: 47.58, disk: 62.1, fortify_cpu: 17.54, fortify_mem: 32.45, iis_threads: 254, iis_sessions: 1423
[2026-07-30 07:01:23] [INFO] [INFRA_SIMULATOR] windows_servers | Status: Healthy | Metrics: cpu: 25.15, memory: 49.02, disk: 62.1, fortify_cpu: 18.84, fortify_mem: 32.27, iis_threads: 245, iis_sessions: 1426
[2026-07-30 07:01:33] [INFO] [INFRA_SIMULATOR] windows_servers | Status: Healthy | Metrics: cpu: 25.14, memory: 47.24, disk: 62.1, fortify_cpu: 17.54, fortify_mem: 32.63, iis_threads: 247, iis_sessions: 1415
[2026-07-30 07:01:43] [INFO] [INFRA_SIMULATOR] windows_servers | Status: Healthy | Metrics: cpu: 21.45, memory: 47.6, disk: 62.1, fortify_cpu: 18.48, fortify_mem: 32.41, iis_threads: 251, iis_sessions: 1429
[2026-07-30 07:01:53] [INFO] [INFRA_SIMULATOR] windows_servers | Status: Healthy | Metrics: cpu: 24.78, memory: 47.28, disk: 62.1, fortify_cpu: 17.98, fortify_mem: 32.43, iis_threads: 251, iis_sessions: 1427
[2026-07-30 07:02:03] [INFO] [INFRA_SIMULATOR] windows_servers | Status: Healthy | Metrics: cpu: 20.54, memory: 49.08, disk: 62.1, fortify_cpu: 17.6, fortify_mem: 32.4, iis_threads: 247, iis_sessions: 1410
[2026-07-30 07:02:03] [INFO] [LOG_AGENT] [IIS-SERVER] GET /api/health - Client IP: 10.194.22.45 - Status 200 OK (elapsed: 15ms)
[2026-07-30 07:02:13] [INFO] [INFRA_SIMULATOR] windows_servers | Status: Healthy | Metrics: cpu: 24.79, memory: 49.82, disk: 62.1, fortify_cpu: 18.66, fortify_mem: 32.35, iis_threads: 252, iis_sessions: 1414
[2026-07-30 07:02:23] [INFO] [INFRA_SIMULATOR] windows_servers | Status: Healthy | Metrics: cpu: 18.97, memory: 47.84, disk: 62.1, fortify_cpu: 17.75, fortify_mem: 32.22, iis_threads: 250, iis_sessions: 1427
[2026-07-30 07:02:33] [INFO] [INFRA_SIMULATOR] windows_servers | Status: Healthy | Metrics: cpu: 26.27, memory: 48.57, disk: 62.1, fortify_cpu: 18.77, fortify_mem: 32.56, iis_threads: 254, iis_sessions: 1428
[2026-07-30 07:02:43] [INFO] [INFRA_SIMULATOR] windows_servers | Status: Healthy | Metrics: cpu: 21.68, memory: 48.64, disk: 62.1, fortify_cpu: 19.24, fortify_mem: 32.31, iis_threads: 251, iis_sessions: 1422
[2026-07-30 07:02:53] [INFO] [INFRA_SIMULATOR] windows_servers | Status: Healthy | Metrics: cpu: 25.31, memory: 47.47, disk: 62.1, fortify_cpu: 19.47, fortify_mem: 32.17, iis_threads: 246, iis_sessions: 1419
[2026-07-30 07:03:03] [INFO] [INFRA_SIMULATOR] windows_servers | Status: Healthy | Metrics: cpu: 23.94, memory: 47.29, disk: 62.1, fortify_cpu: 18.2, fortify_mem: 32.28, iis_threads: 245, iis_sessions: 1429
[2026-07-30 07:03:13] [INFO] [INFRA_SIMULATOR] windows_servers | Status: Healthy | Metrics: cpu: 21.81, memory: 47.26, disk: 62.1, fortify_cpu: 17.81, fortify_mem: 32.31, iis_threads: 249, iis_sessions: 1420
[2026-07-30 07:03:23] [INFO] [INFRA_SIMULATOR] windows_servers | Status: Healthy | Metrics: cpu: 20.71, memory: 47.89, disk: 62.1, fortify_cpu: 17.76, fortify_mem: 32.2, iis_threads: 247, iis_sessions: 1429
[2026-07-30 07:03:33] [INFO] [INFRA_SIMULATOR] windows_servers | Status: Healthy | Metrics: cpu: 21.56, memory: 48.83, disk: 62.1, fortify_cpu: 19.06, fortify_mem: 32.55, iis_threads: 252, iis_sessions: 1420
[2026-07-30 07:03:43] [INFO] [INFRA_SIMULATOR] windows_servers | Status: Healthy | Metrics: cpu: 22.26, memory: 47.96, disk: 62.1, fortify_cpu: 18.92, fortify_mem: 32.61, iis_threads: 254, iis_sessions: 1415
[2026-07-30 07:03:53] [INFO] [INFRA_SIMULATOR] windows_servers | Status: Healthy | Metrics: cpu: 19.8, memory: 48.11, disk: 62.1, fortify_cpu: 18.13, fortify_mem: 32.39, iis_threads: 246, iis_sessions: 1421
[2026-07-30 07:04:03] [INFO] [INFRA_SIMULATOR] windows_servers | Status: Healthy | Metrics: cpu: 18.76, memory: 47.3, disk: 62.1, fortify_cpu: 18.77, fortify_mem: 32.44, iis_threads: 250, iis_sessions: 1427
[2026-07-30 07:04:13] [INFO] [INFRA_SIMULATOR] windows_servers | Status: Healthy | Metrics: cpu: 22.25, memory: 48.85, disk: 62.1, fortify_cpu: 19.31, fortify_mem: 32.47, iis_threads: 253, iis_sessions: 1415
[2026-07-30 07:04:13] [INFO] [LOG_AGENT] [IIS-SERVER] GET /api/health - Client IP: 10.194.22.45 - Status 200 OK (elapsed: 15ms)
[2026-07-30 07:04:23] [INFO] [INFRA_SIMULATOR] windows_servers | Status: Healthy | Metrics: cpu: 21.54, memory: 49.72, disk: 62.1, fortify_cpu: 17.91, fortify_mem: 32.43, iis_threads: 252, iis_sessions: 1417
[2026-07-30 07:04:23] [INFO] [LOG_AGENT] [IIS-SERVER] GET /api/health - Client IP: 10.194.22.45 - Status 200 OK (elapsed: 15ms)
[2026-07-30 07:04:33] [INFO] [INFRA_SIMULATOR] windows_servers | Status: Healthy | Metrics: cpu: 26.28, memory: 49.68, disk: 62.1, fortify_cpu: 19.05, fortify_mem: 32.19, iis_threads: 254, iis_sessions: 1419
[2026-07-30 07:04:33] [INFO] [LOG_AGENT] [IIS-SERVER] GET /api/health - Client IP: 10.194.22.45 - Status 200 OK (elapsed: 15ms)
[2026-07-30 07:04:43] [INFO] [INFRA_SIMULATOR] windows_servers | Status: Healthy | Metrics: cpu: 20.77, memory: 47.25, disk: 62.1, fortify_cpu: 18.95, fortify_mem: 32.51, iis_threads: 246, iis_sessions: 1416
[2026-07-30 07:04:43] [INFO] [LOG_AGENT] [IIS-SERVER] GET /api/health - Client IP: 10.194.22.45 - Status 200 OK (elapsed: 15ms)
[2026-07-30 07:04:53] [INFO] [INFRA_SIMULATOR] windows_servers | Status: Healthy | Metrics: cpu: 18.58, memory: 50.02, disk: 62.1, fortify_cpu: 19.02, fortify_mem: 32.23, iis_threads: 253, iis_sessions: 1421
[2026-07-30 07:05:03] [INFO] [INFRA_SIMULATOR] windows_servers | Status: Healthy | Metrics: cpu: 18.55, memory: 48.91, disk: 62.1, fortify_cpu: 17.92, fortify_mem: 32.53, iis_threads: 245, iis_sessions: 1429
[2026-07-30 07:05:13] [INFO] [INFRA_SIMULATOR] windows_servers | Status: Healthy | Metrics: cpu: 25.1, memory: 49.36, disk: 62.1, fortify_cpu: 17.9, fortify_mem: 32.51, iis_threads: 246, iis_sessions: 1423
[2026-07-30 07:05:23] [INFO] [INFRA_SIMULATOR] windows_servers | Status: Healthy | Metrics: cpu: 24.51, memory: 47.32, disk: 62.1, fortify_cpu: 18.08, fortify_mem: 32.46, iis_threads: 254, iis_sessions: 1411
[2026-07-30 07:05:23] [INFO] [LOG_AGENT] [IIS-SERVER] GET /api/health - Client IP: 10.194.22.45 - Status 200 OK (elapsed: 15ms)
[2026-07-30 07:05:33] [INFO] [INFRA_SIMULATOR] windows_servers | Status: Healthy | Metrics: cpu: 20.1, memory: 49.59, disk: 62.1, fortify_cpu: 17.84, fortify_mem: 32.25, iis_threads: 250, iis_sessions: 1412
[2026-07-30 07:05:43] [INFO] [INFRA_SIMULATOR] windows_servers | Status: Healthy | Metrics: cpu: 19.7, memory: 48.86, disk: 62.1, fortify_cpu: 18.35, fortify_mem: 32.32, iis_threads: 248, iis_sessions: 1427
[2026-07-30 07:05:53] [INFO] [INFRA_SIMULATOR] windows_servers | Status: Healthy | Metrics: cpu: 19.65, memory: 48.01, disk: 62.1, fortify_cpu: 17.85, fortify_mem: 32.39, iis_threads: 246, iis_sessions: 1413
[2026-07-30 07:05:53] [INFO] [LOG_AGENT] [IIS-SERVER] GET /api/health - Client IP: 10.194.22.45 - Status 200 OK (elapsed: 15ms)
[2026-07-30 07:06:03] [INFO] [INFRA_SIMULATOR] windows_servers | Status: Healthy | Metrics: cpu: 23.87, memory: 48.84, disk: 62.1, fortify_cpu: 17.72, fortify_mem: 32.55, iis_threads: 252, iis_sessions: 1411
[2026-07-30 07:15:52] [INFO] [INFRA_SIMULATOR] windows_servers | Status: Healthy | Metrics: cpu: 19.02, memory: 49.44, disk: 62.1, fortify_cpu: 18.8, fortify_mem: 32.6, iis_threads: 250, iis_sessions: 1423
[2026-07-30 07:16:03] [INFO] [INFRA_SIMULATOR] windows_servers | Status: Healthy | Metrics: cpu: 20.84, memory: 49.16, disk: 62.1, fortify_cpu: 17.8, fortify_mem: 32.52, iis_threads: 253, iis_sessions: 1420
[2026-07-30 07:16:13] [INFO] [INFRA_SIMULATOR] windows_servers | Status: Healthy | Metrics: cpu: 24.46, memory: 47.26, disk: 62.1, fortify_cpu: 18.14, fortify_mem: 32.38, iis_threads: 253, iis_sessions: 1422
[2026-07-30 07:16:23] [INFO] [INFRA_SIMULATOR] windows_servers | Status: Healthy | Metrics: cpu: 26.32, memory: 49.83, disk: 62.1, fortify_cpu: 17.8, fortify_mem: 32.19, iis_threads: 250, iis_sessions: 1421
[2026-07-30 07:16:33] [INFO] [INFRA_SIMULATOR] windows_servers | Status: Healthy | Metrics: cpu: 23.54, memory: 47.32, disk: 62.1, fortify_cpu: 19.5, fortify_mem: 32.31, iis_threads: 248, iis_sessions: 1426
[2026-07-30 07:19:39] [INFO] [INFRA_SIMULATOR] windows_servers | Status: Healthy | Metrics: cpu: 19.23, memory: 49.09, disk: 62.1, fortify_cpu: 17.77, fortify_mem: 32.5, iis_threads: 247, iis_sessions: 1413
[2026-07-30 07:19:49] [INFO] [INFRA_SIMULATOR] windows_servers | Status: Healthy | Metrics: cpu: 23.64, memory: 48.2, disk: 62.1, fortify_cpu: 18.19, fortify_mem: 32.27, iis_threads: 246, iis_sessions: 1425
[2026-07-30 07:19:59] [INFO] [INFRA_SIMULATOR] windows_servers | Status: Healthy | Metrics: cpu: 19.09, memory: 48.87, disk: 62.1, fortify_cpu: 18.95, fortify_mem: 32.55, iis_threads: 246, iis_sessions: 1414
[2026-07-30 07:20:09] [INFO] [INFRA_SIMULATOR] windows_servers | Status: Healthy | Metrics: cpu: 21.37, memory: 48.52, disk: 62.1, fortify_cpu: 18.39, fortify_mem: 32.31, iis_threads: 246, iis_sessions: 1416
[2026-07-30 07:20:19] [INFO] [INFRA_SIMULATOR] windows_servers | Status: Healthy | Metrics: cpu: 19.51, memory: 48.47, disk: 62.1, fortify_cpu: 17.85, fortify_mem: 32.32, iis_threads: 252, iis_sessions: 1418
[2026-07-30 07:20:29] [INFO] [INFRA_SIMULATOR] windows_servers | Status: Healthy | Metrics: cpu: 20.16, memory: 47.68, disk: 62.1, fortify_cpu: 19.1, fortify_mem: 32.22, iis_threads: 254, iis_sessions: 1410
[2026-07-30 07:20:39] [INFO] [INFRA_SIMULATOR] windows_servers | Status: Healthy | Metrics: cpu: 24.63, memory: 49.38, disk: 62.1, fortify_cpu: 17.96, fortify_mem: 32.29, iis_threads: 250, iis_sessions: 1412
[2026-07-30 07:20:49] [INFO] [INFRA_SIMULATOR] windows_servers | Status: Healthy | Metrics: cpu: 19.91, memory: 47.65, disk: 62.1, fortify_cpu: 18.23, fortify_mem: 32.21, iis_threads: 253, iis_sessions: 1425
[2026-07-30 07:20:59] [INFO] [INFRA_SIMULATOR] windows_servers | Status: Healthy | Metrics: cpu: 22.26, memory: 49.95, disk: 62.1, fortify_cpu: 17.5, fortify_mem: 32.53, iis_threads: 252, iis_sessions: 1428
[2026-07-30 07:21:09] [INFO] [INFRA_SIMULATOR] windows_servers | Status: Healthy | Metrics: cpu: 26.07, memory: 48.16, disk: 62.1, fortify_cpu: 17.61, fortify_mem: 32.61, iis_threads: 245, iis_sessions: 1413
[2026-07-30 07:21:19] [INFO] [INFRA_SIMULATOR] windows_servers | Status: Healthy | Metrics: cpu: 24.75, memory: 48.1, disk: 62.1, fortify_cpu: 19.05, fortify_mem: 32.17, iis_threads: 248, iis_sessions: 1424
[2026-07-30 07:21:29] [INFO] [INFRA_SIMULATOR] windows_servers | Status: Healthy | Metrics: cpu: 19.6, memory: 47.24, disk: 62.1, fortify_cpu: 18.91, fortify_mem: 32.52, iis_threads: 249, iis_sessions: 1425
[2026-07-30 07:21:39] [INFO] [INFRA_SIMULATOR] windows_servers | Status: Healthy | Metrics: cpu: 23.87, memory: 48.03, disk: 62.1, fortify_cpu: 18.87, fortify_mem: 32.54, iis_threads: 250, iis_sessions: 1427
[2026-07-30 07:21:49] [INFO] [INFRA_SIMULATOR] windows_servers | Status: Healthy | Metrics: cpu: 20.11, memory: 50.06, disk: 62.1, fortify_cpu: 18.93, fortify_mem: 32.23, iis_threads: 254, iis_sessions: 1414
[2026-07-30 07:21:59] [INFO] [INFRA_SIMULATOR] windows_servers | Status: Healthy | Metrics: cpu: 20.3, memory: 49.77, disk: 62.1, fortify_cpu: 18.78, fortify_mem: 32.31, iis_threads: 251, iis_sessions: 1426
[2026-07-30 07:22:09] [INFO] [INFRA_SIMULATOR] windows_servers | Status: Healthy | Metrics: cpu: 21.97, memory: 49.93, disk: 62.1, fortify_cpu: 19.09, fortify_mem: 32.3, iis_threads: 250, iis_sessions: 1428
[2026-07-30 07:22:19] [INFO] [INFRA_SIMULATOR] windows_servers | Status: Healthy | Metrics: cpu: 24.64, memory: 47.13, disk: 62.1, fortify_cpu: 19.19, fortify_mem: 32.48, iis_threads: 248, iis_sessions: 1415
[2026-07-30 07:22:29] [INFO] [INFRA_SIMULATOR] windows_servers | Status: Healthy | Metrics: cpu: 19.4, memory: 48.38, disk: 62.1, fortify_cpu: 19.06, fortify_mem: 32.26, iis_threads: 245, iis_sessions: 1411
[2026-07-30 07:22:29] [INFO] [LOG_AGENT] [IIS-SERVER] GET /api/health - Client IP: 10.194.22.45 - Status 200 OK (elapsed: 15ms)
[2026-07-30 07:22:39] [INFO] [INFRA_SIMULATOR] windows_servers | Status: Healthy | Metrics: cpu: 18.96, memory: 48.69, disk: 62.1, fortify_cpu: 19.32, fortify_mem: 32.64, iis_threads: 252, iis_sessions: 1429
[2026-07-30 07:22:49] [INFO] [INFRA_SIMULATOR] windows_servers | Status: Healthy | Metrics: cpu: 20.04, memory: 49.83, disk: 62.1, fortify_cpu: 17.68, fortify_mem: 32.31, iis_threads: 245, iis_sessions: 1417
[2026-07-30 07:22:50] [INFO] [LOG_AGENT] [IIS-SERVER] GET /api/health - Client IP: 10.194.22.45 - Status 200 OK (elapsed: 15ms)
[2026-07-30 07:22:59] [INFO] [INFRA_SIMULATOR] windows_servers | Status: Healthy | Metrics: cpu: 21.98, memory: 48.16, disk: 62.1, fortify_cpu: 19.03, fortify_mem: 32.23, iis_threads: 253, iis_sessions: 1410
[2026-07-30 07:23:00] [INFO] [LOG_AGENT] [IIS-SERVER] GET /api/health - Client IP: 10.194.22.45 - Status 200 OK (elapsed: 15ms)
[2026-07-30 07:23:09] [INFO] [INFRA_SIMULATOR] windows_servers | Status: Healthy | Metrics: cpu: 21.44, memory: 48.77, disk: 62.1, fortify_cpu: 18.99, fortify_mem: 32.18, iis_threads: 251, iis_sessions: 1410
[2026-07-30 07:23:19] [INFO] [INFRA_SIMULATOR] windows_servers | Status: Healthy | Metrics: cpu: 21.9, memory: 49.49, disk: 62.1, fortify_cpu: 18.03, fortify_mem: 32.21, iis_threads: 254, iis_sessions: 1425
[2026-07-30 07:23:29] [INFO] [INFRA_SIMULATOR] windows_servers | Status: Healthy | Metrics: cpu: 18.9, memory: 48.66, disk: 62.1, fortify_cpu: 19.04, fortify_mem: 32.27, iis_threads: 254, iis_sessions: 1422
[2026-07-30 07:23:39] [INFO] [INFRA_SIMULATOR] windows_servers | Status: Healthy | Metrics: cpu: 20.46, memory: 48.46, disk: 62.1, fortify_cpu: 18.3, fortify_mem: 32.56, iis_threads: 245, iis_sessions: 1429
[2026-07-30 07:23:49] [INFO] [INFRA_SIMULATOR] windows_servers | Status: Healthy | Metrics: cpu: 24.8, memory: 47.44, disk: 62.1, fortify_cpu: 19.19, fortify_mem: 32.55, iis_threads: 247, iis_sessions: 1417
[2026-07-30 07:23:59] [INFO] [INFRA_SIMULATOR] windows_servers | Status: Healthy | Metrics: cpu: 25.1, memory: 47.87, disk: 62.1, fortify_cpu: 19.16, fortify_mem: 32.2, iis_threads: 250, iis_sessions: 1426
[2026-07-30 07:24:10] [INFO] [INFRA_SIMULATOR] windows_servers | Status: Healthy | Metrics: cpu: 18.91, memory: 49.86, disk: 62.1, fortify_cpu: 18.16, fortify_mem: 32.16, iis_threads: 254, iis_sessions: 1420
[2026-07-30 07:24:19] [INFO] [INFRA_SIMULATOR] windows_servers | Status: Healthy | Metrics: cpu: 18.9, memory: 47.88, disk: 62.1, fortify_cpu: 19.5, fortify_mem: 32.57, iis_threads: 247, iis_sessions: 1425
[2026-07-30 07:24:29] [INFO] [INFRA_SIMULATOR] windows_servers | Status: Healthy | Metrics: cpu: 18.68, memory: 49.36, disk: 62.1, fortify_cpu: 17.61, fortify_mem: 32.41, iis_threads: 246, iis_sessions: 1419
[2026-07-30 07:24:39] [INFO] [INFRA_SIMULATOR] windows_servers | Status: Healthy | Metrics: cpu: 19.04, memory: 48.5, disk: 62.1, fortify_cpu: 19, fortify_mem: 32.23, iis_threads: 249, iis_sessions: 1422
[2026-07-30 07:24:50] [INFO] [INFRA_SIMULATOR] windows_servers | Status: Healthy | Metrics: cpu: 26.17, memory: 50.08, disk: 62.1, fortify_cpu: 18.3, fortify_mem: 32.52, iis_threads: 250, iis_sessions: 1414
[2026-07-30 07:25:00] [INFO] [INFRA_SIMULATOR] windows_servers | Status: Healthy | Metrics: cpu: 26.03, memory: 47.65, disk: 62.1, fortify_cpu: 19.41, fortify_mem: 32.28, iis_threads: 254, iis_sessions: 1421
[2026-07-30 07:25:10] [INFO] [INFRA_SIMULATOR] windows_servers | Status: Healthy | Metrics: cpu: 20.68, memory: 47.83, disk: 62.1, fortify_cpu: 19.21, fortify_mem: 32.34, iis_threads: 249, iis_sessions: 1419
[2026-07-30 07:25:10] [INFO] [LOG_AGENT] [IIS-SERVER] GET /api/health - Client IP: 10.194.22.45 - Status 200 OK (elapsed: 15ms)
[2026-07-30 07:25:20] [INFO] [INFRA_SIMULATOR] windows_servers | Status: Healthy | Metrics: cpu: 24.98, memory: 49.23, disk: 62.1, fortify_cpu: 18.23, fortify_mem: 32.61, iis_threads: 248, iis_sessions: 1428
[2026-07-30 07:25:30] [INFO] [INFRA_SIMULATOR] windows_servers | Status: Healthy | Metrics: cpu: 22.01, memory: 49.97, disk: 62.1, fortify_cpu: 19.41, fortify_mem: 32.46, iis_threads: 247, iis_sessions: 1416
[2026-07-30 07:25:40] [INFO] [INFRA_SIMULATOR] windows_servers | Status: Healthy | Metrics: cpu: 19.6, memory: 47.93, disk: 62.1, fortify_cpu: 19.03, fortify_mem: 32.17, iis_threads: 246, iis_sessions: 1417
[2026-07-30 07:25:50] [INFO] [INFRA_SIMULATOR] windows_servers | Status: Healthy | Metrics: cpu: 20.56, memory: 48.58, disk: 62.1, fortify_cpu: 18.33, fortify_mem: 32.63, iis_threads: 253, iis_sessions: 1410
[2026-07-30 07:26:00] [INFO] [INFRA_SIMULATOR] windows_servers | Status: Healthy | Metrics: cpu: 21.06, memory: 49.55, disk: 62.1, fortify_cpu: 19.26, fortify_mem: 32.63, iis_threads: 250, iis_sessions: 1421
[2026-07-30 07:26:10] [INFO] [INFRA_SIMULATOR] windows_servers | Status: Healthy | Metrics: cpu: 19.09, memory: 47.11, disk: 62.1, fortify_cpu: 18.87, fortify_mem: 32.57, iis_threads: 249, iis_sessions: 1426
[2026-07-30 07:26:10] [INFO] [LOG_AGENT] [IIS-SERVER] GET /api/health - Client IP: 10.194.22.45 - Status 200 OK (elapsed: 15ms)
[2026-07-30 07:26:20] [INFO] [INFRA_SIMULATOR] windows_servers | Status: Healthy | Metrics: cpu: 19.42, memory: 50.05, disk: 62.1, fortify_cpu: 17.56, fortify_mem: 32.26, iis_threads: 249, iis_sessions: 1418
[2026-07-30 07:26:30] [INFO] [INFRA_SIMULATOR] windows_servers | Status: Healthy | Metrics: cpu: 23.57, memory: 49.13, disk: 62.1, fortify_cpu: 19.05, fortify_mem: 32.25, iis_threads: 253, iis_sessions: 1414
[2026-07-30 07:26:40] [INFO] [INFRA_SIMULATOR] windows_servers | Status: Healthy | Metrics: cpu: 18.63, memory: 49.58, disk: 62.1, fortify_cpu: 19.46, fortify_mem: 32.61, iis_threads: 252, iis_sessions: 1422
[2026-07-30 07:26:50] [INFO] [INFRA_SIMULATOR] windows_servers | Status: Healthy | Metrics: cpu: 19.86, memory: 49.58, disk: 62.1, fortify_cpu: 18.86, fortify_mem: 32.38, iis_threads: 248, iis_sessions: 1425
[2026-07-30 07:27:00] [INFO] [INFRA_SIMULATOR] windows_servers | Status: Healthy | Metrics: cpu: 26.37, memory: 47.74, disk: 62.1, fortify_cpu: 19.08, fortify_mem: 32.32, iis_threads: 254, iis_sessions: 1429
[2026-07-30 07:27:10] [INFO] [INFRA_SIMULATOR] windows_servers | Status: Healthy | Metrics: cpu: 21.61, memory: 49.51, disk: 62.1, fortify_cpu: 18.9, fortify_mem: 32.34, iis_threads: 251, iis_sessions: 1425
[2026-07-30 07:27:20] [INFO] [INFRA_SIMULATOR] windows_servers | Status: Healthy | Metrics: cpu: 25.8, memory: 49.78, disk: 62.1, fortify_cpu: 19.07, fortify_mem: 32.3, iis_threads: 247, iis_sessions: 1413
[2026-07-30 07:27:30] [INFO] [INFRA_SIMULATOR] windows_servers | Status: Healthy | Metrics: cpu: 23.87, memory: 47.72, disk: 62.1, fortify_cpu: 19.43, fortify_mem: 32.49, iis_threads: 246, iis_sessions: 1422
[2026-07-30 07:27:40] [INFO] [INFRA_SIMULATOR] windows_servers | Status: Healthy | Metrics: cpu: 18.55, memory: 49.22, disk: 62.1, fortify_cpu: 18.06, fortify_mem: 32.58, iis_threads: 254, iis_sessions: 1423
[2026-07-30 07:27:50] [INFO] [INFRA_SIMULATOR] windows_servers | Status: Healthy | Metrics: cpu: 23.17, memory: 48.72, disk: 62.1, fortify_cpu: 18.56, fortify_mem: 32.3, iis_threads: 248, iis_sessions: 1421
[2026-07-30 07:28:00] [INFO] [INFRA_SIMULATOR] windows_servers | Status: Healthy | Metrics: cpu: 25.3, memory: 49.75, disk: 62.1, fortify_cpu: 18.84, fortify_mem: 32.58, iis_threads: 252, iis_sessions: 1413
[2026-07-30 07:28:10] [INFO] [INFRA_SIMULATOR] windows_servers | Status: Healthy | Metrics: cpu: 20.64, memory: 48.31, disk: 62.1, fortify_cpu: 18.25, fortify_mem: 32.17, iis_threads: 245, iis_sessions: 1421
[2026-07-30 07:28:20] [INFO] [INFRA_SIMULATOR] windows_servers | Status: Healthy | Metrics: cpu: 18.65, memory: 49.9, disk: 62.1, fortify_cpu: 18.12, fortify_mem: 32.16, iis_threads: 250, iis_sessions: 1425
[2026-07-30 07:28:30] [INFO] [INFRA_SIMULATOR] windows_servers | Status: Healthy | Metrics: cpu: 22.89, memory: 49.78, disk: 62.1, fortify_cpu: 17.86, fortify_mem: 32.43, iis_threads: 252, iis_sessions: 1416
[2026-07-30 07:28:30] [INFO] [LOG_AGENT] [IIS-SERVER] GET /api/health - Client IP: 10.194.22.45 - Status 200 OK (elapsed: 15ms)
[2026-07-30 07:28:40] [INFO] [INFRA_SIMULATOR] windows_servers | Status: Healthy | Metrics: cpu: 22.56, memory: 47.35, disk: 62.1, fortify_cpu: 17.92, fortify_mem: 32.63, iis_threads: 249, iis_sessions: 1414
[2026-07-30 07:28:40] [INFO] [LOG_AGENT] [IIS-SERVER] GET /api/health - Client IP: 10.194.22.45 - Status 200 OK (elapsed: 15ms)
[2026-07-30 07:28:50] [INFO] [INFRA_SIMULATOR] windows_servers | Status: Healthy | Metrics: cpu: 22.22, memory: 49.24, disk: 62.1, fortify_cpu: 18.23, fortify_mem: 32.48, iis_threads: 254, iis_sessions: 1412
[2026-07-30 07:29:00] [INFO] [INFRA_SIMULATOR] windows_servers | Status: Healthy | Metrics: cpu: 23.85, memory: 49.52, disk: 62.1, fortify_cpu: 18.92, fortify_mem: 32.24, iis_threads: 254, iis_sessions: 1429
[2026-07-30 07:29:00] [INFO] [LOG_AGENT] [IIS-SERVER] GET /api/health - Client IP: 10.194.22.45 - Status 200 OK (elapsed: 15ms)
[2026-07-30 07:29:10] [INFO] [INFRA_SIMULATOR] windows_servers | Status: Healthy | Metrics: cpu: 24.79, memory: 49.92, disk: 62.1, fortify_cpu: 18.41, fortify_mem: 32.28, iis_threads: 253, iis_sessions: 1417
[2026-07-30 07:29:10] [INFO] [LOG_AGENT] [IIS-SERVER] GET /api/health - Client IP: 10.194.22.45 - Status 200 OK (elapsed: 15ms)
[2026-07-30 07:29:20] [INFO] [INFRA_SIMULATOR] windows_servers | Status: Healthy | Metrics: cpu: 20.18, memory: 47.21, disk: 62.1, fortify_cpu: 17.87, fortify_mem: 32.35, iis_threads: 250, iis_sessions: 1412
[2026-07-30 07:29:30] [INFO] [INFRA_SIMULATOR] windows_servers | Status: Healthy | Metrics: cpu: 24.96, memory: 47.81, disk: 62.1, fortify_cpu: 19.43, fortify_mem: 32.21, iis_threads: 249, iis_sessions: 1418
[2026-07-30 07:29:40] [INFO] [INFRA_SIMULATOR] windows_servers | Status: Healthy | Metrics: cpu: 19.19, memory: 47.12, disk: 62.1, fortify_cpu: 19.16, fortify_mem: 32.53, iis_threads: 248, iis_sessions: 1428
[2026-07-30 07:29:50] [INFO] [INFRA_SIMULATOR] windows_servers | Status: Healthy | Metrics: cpu: 24.92, memory: 47.5, disk: 62.1, fortify_cpu: 17.71, fortify_mem: 32.23, iis_threads: 254, iis_sessions: 1413
[2026-07-30 07:29:50] [INFO] [LOG_AGENT] [IIS-SERVER] GET /api/health - Client IP: 10.194.22.45 - Status 200 OK (elapsed: 15ms)
[2026-07-30 07:30:00] [INFO] [INFRA_SIMULATOR] windows_servers | Status: Healthy | Metrics: cpu: 18.55, memory: 49.62, disk: 62.1, fortify_cpu: 18.98, fortify_mem: 32.42, iis_threads: 248, iis_sessions: 1416
[2026-07-30 07:30:00] [INFO] [LOG_AGENT] [IIS-SERVER] GET /api/health - Client IP: 10.194.22.45 - Status 200 OK (elapsed: 15ms)
[2026-07-30 07:30:10] [INFO] [INFRA_SIMULATOR] windows_servers | Status: Healthy | Metrics: cpu: 23.77, memory: 49.61, disk: 62.1, fortify_cpu: 17.58, fortify_mem: 32.51, iis_threads: 250, iis_sessions: 1423
[2026-07-30 07:30:20] [INFO] [INFRA_SIMULATOR] windows_servers | Status: Healthy | Metrics: cpu: 19.48, memory: 49.78, disk: 62.1, fortify_cpu: 18.58, fortify_mem: 32.19, iis_threads: 252, iis_sessions: 1427
[2026-07-30 07:30:30] [INFO] [INFRA_SIMULATOR] windows_servers | Status: Healthy | Metrics: cpu: 19.01, memory: 49.43, disk: 62.1, fortify_cpu: 17.96, fortify_mem: 32.38, iis_threads: 247, iis_sessions: 1423
[2026-07-30 07:30:40] [INFO] [INFRA_SIMULATOR] windows_servers | Status: Healthy | Metrics: cpu: 25.57, memory: 47.45, disk: 62.1, fortify_cpu: 17.6, fortify_mem: 32.42, iis_threads: 249, iis_sessions: 1416
[2026-07-30 07:30:50] [INFO] [INFRA_SIMULATOR] windows_servers | Status: Healthy | Metrics: cpu: 24.22, memory: 48.06, disk: 62.1, fortify_cpu: 18.23, fortify_mem: 32.62, iis_threads: 253, iis_sessions: 1429
[2026-07-30 07:31:00] [INFO] [INFRA_SIMULATOR] windows_servers | Status: Healthy | Metrics: cpu: 24.74, memory: 48.15, disk: 62.1, fortify_cpu: 19.08, fortify_mem: 32.53, iis_threads: 248, iis_sessions: 1412
[2026-07-30 07:31:00] [INFO] [LOG_AGENT] [IIS-SERVER] GET /api/health - Client IP: 10.194.22.45 - Status 200 OK (elapsed: 15ms)
[2026-07-30 07:31:00] [INFO] [LOG_AGENT] [IIS-SERVER] GET /api/health - Client IP: 10.194.22.45 - Status 200 OK (elapsed: 15ms)
[2026-07-30 07:31:10] [INFO] [INFRA_SIMULATOR] windows_servers | Status: Healthy | Metrics: cpu: 21.58, memory: 47.53, disk: 62.1, fortify_cpu: 18.06, fortify_mem: 32.57, iis_threads: 247, iis_sessions: 1425
[2026-07-30 07:31:20] [INFO] [INFRA_SIMULATOR] windows_servers | Status: Healthy | Metrics: cpu: 21.6, memory: 49.43, disk: 62.1, fortify_cpu: 18.87, fortify_mem: 32.2, iis_threads: 247, iis_sessions: 1426
[2026-07-30 07:31:30] [INFO] [INFRA_SIMULATOR] windows_servers | Status: Healthy | Metrics: cpu: 23.89, memory: 49.23, disk: 62.1, fortify_cpu: 18.12, fortify_mem: 32.28, iis_threads: 254, iis_sessions: 1414
[2026-07-30 07:31:40] [INFO] [INFRA_SIMULATOR] windows_servers | Status: Healthy | Metrics: cpu: 24.77, memory: 49.08, disk: 62.1, fortify_cpu: 18.47, fortify_mem: 32.45, iis_threads: 245, iis_sessions: 1421
[2026-07-30 07:31:50] [INFO] [INFRA_SIMULATOR] windows_servers | Status: Healthy | Metrics: cpu: 22.83, memory: 49.17, disk: 62.1, fortify_cpu: 17.96, fortify_mem: 32.27, iis_threads: 249, iis_sessions: 1415
[2026-07-30 07:32:00] [INFO] [INFRA_SIMULATOR] windows_servers | Status: Healthy | Metrics: cpu: 26.13, memory: 49.89, disk: 62.1, fortify_cpu: 18.73, fortify_mem: 32.46, iis_threads: 249, iis_sessions: 1415
[2026-07-30 07:32:10] [INFO] [INFRA_SIMULATOR] windows_servers | Status: Healthy | Metrics: cpu: 18.46, memory: 48.19, disk: 62.1, fortify_cpu: 17.63, fortify_mem: 32.4, iis_threads: 247, iis_sessions: 1410
[2026-07-30 07:32:20] [INFO] [INFRA_SIMULATOR] windows_servers | Status: Healthy | Metrics: cpu: 21.09, memory: 49.55, disk: 62.1, fortify_cpu: 18.82, fortify_mem: 32.62, iis_threads: 247, iis_sessions: 1415
[2026-07-30 07:32:20] [INFO] [LOG_AGENT] [IIS-SERVER] GET /api/health - Client IP: 10.194.22.45 - Status 200 OK (elapsed: 15ms)
[2026-07-30 07:32:30] [INFO] [INFRA_SIMULATOR] windows_servers | Status: Healthy | Metrics: cpu: 24.29, memory: 48, disk: 62.1, fortify_cpu: 18.6, fortify_mem: 32.47, iis_threads: 253, iis_sessions: 1421
[2026-07-30 07:32:30] [INFO] [LOG_AGENT] [IIS-SERVER] GET /api/health - Client IP: 10.194.22.45 - Status 200 OK (elapsed: 15ms)
[2026-07-30 07:32:40] [INFO] [INFRA_SIMULATOR] windows_servers | Status: Healthy | Metrics: cpu: 24.93, memory: 47.3, disk: 62.1, fortify_cpu: 19.26, fortify_mem: 32.45, iis_threads: 245, iis_sessions: 1415
[2026-07-30 07:32:50] [INFO] [INFRA_SIMULATOR] windows_servers | Status: Healthy | Metrics: cpu: 23.28, memory: 48, disk: 62.1, fortify_cpu: 18.45, fortify_mem: 32.51, iis_threads: 248, iis_sessions: 1416
[2026-07-30 07:33:00] [INFO] [INFRA_SIMULATOR] windows_servers | Status: Healthy | Metrics: cpu: 18.71, memory: 49.86, disk: 62.1, fortify_cpu: 18.15, fortify_mem: 32.56, iis_threads: 254, iis_sessions: 1426
[2026-07-30 07:33:10] [INFO] [INFRA_SIMULATOR] windows_servers | Status: Healthy | Metrics: cpu: 25.17, memory: 48.45, disk: 62.1, fortify_cpu: 19.17, fortify_mem: 32.29, iis_threads: 250, iis_sessions: 1412
[2026-07-30 07:33:20] [INFO] [INFRA_SIMULATOR] windows_servers | Status: Healthy | Metrics: cpu: 18.49, memory: 48.16, disk: 62.1, fortify_cpu: 18.5, fortify_mem: 32.26, iis_threads: 254, iis_sessions: 1424
[2026-07-30 07:33:30] [INFO] [INFRA_SIMULATOR] windows_servers | Status: Healthy | Metrics: cpu: 24.87, memory: 49.98, disk: 62.1, fortify_cpu: 18.73, fortify_mem: 32.23, iis_threads: 245, iis_sessions: 1410
[2026-07-30 07:33:40] [INFO] [INFRA_SIMULATOR] windows_servers | Status: Healthy | Metrics: cpu: 24.51, memory: 49.37, disk: 62.1, fortify_cpu: 19.37, fortify_mem: 32.19, iis_threads: 245, iis_sessions: 1428
[2026-07-30 07:33:40] [INFO] [LOG_AGENT] [IIS-SERVER] GET /api/health - Client IP: 10.194.22.45 - Status 200 OK (elapsed: 15ms)
[2026-07-30 07:33:50] [INFO] [INFRA_SIMULATOR] windows_servers | Status: Healthy | Metrics: cpu: 26.09, memory: 48.42, disk: 62.1, fortify_cpu: 18.06, fortify_mem: 32.23, iis_threads: 254, iis_sessions: 1411
[2026-07-30 07:34:00] [INFO] [INFRA_SIMULATOR] windows_servers | Status: Healthy | Metrics: cpu: 26.35, memory: 47.76, disk: 62.1, fortify_cpu: 19.13, fortify_mem: 32.18, iis_threads: 254, iis_sessions: 1426
[2026-07-30 07:34:00] [INFO] [LOG_AGENT] [IIS-SERVER] GET /api/health - Client IP: 10.194.22.45 - Status 200 OK (elapsed: 15ms)
[2026-07-30 07:34:10] [INFO] [INFRA_SIMULATOR] windows_servers | Status: Healthy | Metrics: cpu: 18.43, memory: 47.22, disk: 62.1, fortify_cpu: 17.9, fortify_mem: 32.46, iis_threads: 251, iis_sessions: 1413
[2026-07-30 07:34:20] [INFO] [INFRA_SIMULATOR] windows_servers | Status: Healthy | Metrics: cpu: 21.34, memory: 49.37, disk: 62.1, fortify_cpu: 18.98, fortify_mem: 32.44, iis_threads: 250, iis_sessions: 1420
[2026-07-30 07:34:30] [INFO] [INFRA_SIMULATOR] windows_servers | Status: Healthy | Metrics: cpu: 24.1, memory: 49.07, disk: 62.1, fortify_cpu: 18.49, fortify_mem: 32.54, iis_threads: 250, iis_sessions: 1424
[2026-07-30 07:34:40] [INFO] [INFRA_SIMULATOR] windows_servers | Status: Healthy | Metrics: cpu: 23.79, memory: 47.92, disk: 62.1, fortify_cpu: 18.9, fortify_mem: 32.51, iis_threads: 253, iis_sessions: 1416
[2026-07-30 07:34:50] [INFO] [INFRA_SIMULATOR] windows_servers | Status: Healthy | Metrics: cpu: 19.18, memory: 47.17, disk: 62.1, fortify_cpu: 19.11, fortify_mem: 32.46, iis_threads: 245, iis_sessions: 1427
[2026-07-30 07:35:00] [INFO] [INFRA_SIMULATOR] windows_servers | Status: Healthy | Metrics: cpu: 19.72, memory: 48.03, disk: 62.1, fortify_cpu: 19.47, fortify_mem: 32.35, iis_threads: 246, iis_sessions: 1417
[2026-07-30 07:35:10] [INFO] [INFRA_SIMULATOR] windows_servers | Status: Healthy | Metrics: cpu: 21.09, memory: 49.45, disk: 62.1, fortify_cpu: 19.49, fortify_mem: 32.48, iis_threads: 249, iis_sessions: 1414
[2026-07-30 07:35:10] [INFO] [LOG_AGENT] [IIS-SERVER] GET /api/health - Client IP: 10.194.22.45 - Status 200 OK (elapsed: 15ms)
[2026-07-30 07:35:10] [INFO] [LOG_AGENT] [IIS-SERVER] GET /api/health - Client IP: 10.194.22.45 - Status 200 OK (elapsed: 15ms)
[2026-07-30 07:35:20] [INFO] [INFRA_SIMULATOR] windows_servers | Status: Healthy | Metrics: cpu: 25.66, memory: 48.8, disk: 62.1, fortify_cpu: 18.71, fortify_mem: 32.21, iis_threads: 246, iis_sessions: 1428
[2026-07-30 07:35:20] [INFO] [LOG_AGENT] [IIS-SERVER] GET /api/health - Client IP: 10.194.22.45 - Status 200 OK (elapsed: 15ms)
[2026-07-30 07:35:30] [INFO] [INFRA_SIMULATOR] windows_servers | Status: Healthy | Metrics: cpu: 18.56, memory: 48.64, disk: 62.1, fortify_cpu: 18.54, fortify_mem: 32.35, iis_threads: 250, iis_sessions: 1413
[2026-07-30 07:35:40] [INFO] [INFRA_SIMULATOR] windows_servers | Status: Healthy | Metrics: cpu: 20.53, memory: 48.75, disk: 62.1, fortify_cpu: 17.91, fortify_mem: 32.37, iis_threads: 247, iis_sessions: 1419
[2026-07-30 07:35:50] [INFO] [INFRA_SIMULATOR] windows_servers | Status: Healthy | Metrics: cpu: 24.67, memory: 47.72, disk: 62.1, fortify_cpu: 18.39, fortify_mem: 32.41, iis_threads: 248, iis_sessions: 1427
[2026-07-30 07:35:50] [INFO] [LOG_AGENT] [IIS-SERVER] GET /api/health - Client IP: 10.194.22.45 - Status 200 OK (elapsed: 15ms)
[2026-07-30 07:36:00] [INFO] [INFRA_SIMULATOR] windows_servers | Status: Healthy | Metrics: cpu: 23.48, memory: 48.45, disk: 62.1, fortify_cpu: 18.89, fortify_mem: 32.38, iis_threads: 245, iis_sessions: 1411
[2026-07-30 07:36:10] [INFO] [INFRA_SIMULATOR] windows_servers | Status: Healthy | Metrics: cpu: 21.65, memory: 48.17, disk: 62.1, fortify_cpu: 17.99, fortify_mem: 32.63, iis_threads: 246, iis_sessions: 1416
[2026-07-30 07:36:20] [INFO] [INFRA_SIMULATOR] windows_servers | Status: Healthy | Metrics: cpu: 23.07, memory: 48.12, disk: 62.1, fortify_cpu: 19.4, fortify_mem: 32.63, iis_threads: 248, iis_sessions: 1427
[2026-07-30 07:36:30] [INFO] [INFRA_SIMULATOR] windows_servers | Status: Healthy | Metrics: cpu: 21.37, memory: 47.44, disk: 62.1, fortify_cpu: 19.45, fortify_mem: 32.53, iis_threads: 248, iis_sessions: 1422
[2026-07-30 07:36:30] [INFO] [LOG_AGENT] [IIS-SERVER] GET /api/health - Client IP: 10.194.22.45 - Status 200 OK (elapsed: 15ms)
[2026-07-30 07:36:40] [INFO] [INFRA_SIMULATOR] windows_servers | Status: Healthy | Metrics: cpu: 21.8, memory: 49.58, disk: 62.1, fortify_cpu: 17.75, fortify_mem: 32.16, iis_threads: 248, iis_sessions: 1419
[2026-07-30 07:36:50] [INFO] [INFRA_SIMULATOR] windows_servers | Status: Healthy | Metrics: cpu: 24.03, memory: 47.59, disk: 62.1, fortify_cpu: 17.63, fortify_mem: 32.19, iis_threads: 254, iis_sessions: 1426
[2026-07-30 07:37:00] [INFO] [INFRA_SIMULATOR] windows_servers | Status: Healthy | Metrics: cpu: 24.47, memory: 47.92, disk: 62.1, fortify_cpu: 19.46, fortify_mem: 32.62, iis_threads: 252, iis_sessions: 1427
[2026-07-30 07:37:10] [INFO] [INFRA_SIMULATOR] windows_servers | Status: Healthy | Metrics: cpu: 20.77, memory: 47.86, disk: 62.1, fortify_cpu: 17.97, fortify_mem: 32.43, iis_threads: 254, iis_sessions: 1412
[2026-07-30 07:37:20] [INFO] [INFRA_SIMULATOR] windows_servers | Status: Healthy | Metrics: cpu: 20.4, memory: 49.83, disk: 62.1, fortify_cpu: 18.34, fortify_mem: 32.42, iis_threads: 254, iis_sessions: 1417
[2026-07-30 07:37:30] [INFO] [INFRA_SIMULATOR] windows_servers | Status: Healthy | Metrics: cpu: 20.87, memory: 47.34, disk: 62.1, fortify_cpu: 19, fortify_mem: 32.29, iis_threads: 252, iis_sessions: 1428
[2026-07-30 07:37:40] [INFO] [INFRA_SIMULATOR] windows_servers | Status: Healthy | Metrics: cpu: 23.01, memory: 47.45, disk: 62.1, fortify_cpu: 19.13, fortify_mem: 32.46, iis_threads: 251, iis_sessions: 1423
[2026-07-30 07:37:40] [INFO] [LOG_AGENT] [IIS-SERVER] GET /api/health - Client IP: 10.194.22.45 - Status 200 OK (elapsed: 15ms)
[2026-07-30 07:37:50] [INFO] [INFRA_SIMULATOR] windows_servers | Status: Healthy | Metrics: cpu: 19.37, memory: 49.35, disk: 62.1, fortify_cpu: 18.79, fortify_mem: 32.36, iis_threads: 249, iis_sessions: 1411
[2026-07-30 07:38:00] [INFO] [INFRA_SIMULATOR] windows_servers | Status: Healthy | Metrics: cpu: 25.91, memory: 47.89, disk: 62.1, fortify_cpu: 19.48, fortify_mem: 32.6, iis_threads: 248, iis_sessions: 1426
[2026-07-30 07:38:10] [INFO] [INFRA_SIMULATOR] windows_servers | Status: Healthy | Metrics: cpu: 24.02, memory: 48.69, disk: 62.1, fortify_cpu: 17.87, fortify_mem: 32.48, iis_threads: 249, iis_sessions: 1418
[2026-07-30 07:38:20] [INFO] [INFRA_SIMULATOR] windows_servers | Status: Healthy | Metrics: cpu: 23.79, memory: 47.97, disk: 62.1, fortify_cpu: 18.52, fortify_mem: 32.35, iis_threads: 250, iis_sessions: 1423
[2026-07-30 07:38:30] [INFO] [INFRA_SIMULATOR] windows_servers | Status: Healthy | Metrics: cpu: 23.27, memory: 47.93, disk: 62.1, fortify_cpu: 18.81, fortify_mem: 32.36, iis_threads: 254, iis_sessions: 1414
[2026-07-30 07:38:40] [INFO] [INFRA_SIMULATOR] windows_servers | Status: Healthy | Metrics: cpu: 25.26, memory: 48.72, disk: 62.1, fortify_cpu: 19.03, fortify_mem: 32.21, iis_threads: 253, iis_sessions: 1410
[2026-07-30 07:38:50] [INFO] [INFRA_SIMULATOR] windows_servers | Status: Healthy | Metrics: cpu: 26.35, memory: 50.06, disk: 62.1, fortify_cpu: 17.76, fortify_mem: 32.24, iis_threads: 249, iis_sessions: 1417
[2026-07-30 07:39:00] [INFO] [INFRA_SIMULATOR] windows_servers | Status: Healthy | Metrics: cpu: 19.78, memory: 48.77, disk: 62.1, fortify_cpu: 18.74, fortify_mem: 32.65, iis_threads: 245, iis_sessions: 1415
[2026-07-30 07:39:10] [INFO] [INFRA_SIMULATOR] windows_servers | Status: Healthy | Metrics: cpu: 25.63, memory: 47.99, disk: 62.1, fortify_cpu: 17.78, fortify_mem: 32.18, iis_threads: 253, iis_sessions: 1422
[2026-07-30 07:39:20] [INFO] [INFRA_SIMULATOR] windows_servers | Status: Healthy | Metrics: cpu: 21.31, memory: 48.96, disk: 62.1, fortify_cpu: 18.51, fortify_mem: 32.56, iis_threads: 247, iis_sessions: 1420
[2026-07-30 07:39:30] [INFO] [INFRA_SIMULATOR] windows_servers | Status: Healthy | Metrics: cpu: 19.23, memory: 49.01, disk: 62.1, fortify_cpu: 17.85, fortify_mem: 32.54, iis_threads: 245, iis_sessions: 1429
[2026-07-30 07:39:30] [INFO] [LOG_AGENT] [IIS-SERVER] GET /api/health - Client IP: 10.194.22.45 - Status 200 OK (elapsed: 15ms)
[2026-07-30 07:39:40] [INFO] [INFRA_SIMULATOR] windows_servers | Status: Healthy | Metrics: cpu: 26.32, memory: 49.35, disk: 62.1, fortify_cpu: 19.17, fortify_mem: 32.19, iis_threads: 254, iis_sessions: 1423
[2026-07-30 07:39:40] [INFO] [LOG_AGENT] [IIS-SERVER] GET /api/health - Client IP: 10.194.22.45 - Status 200 OK (elapsed: 15ms)
[2026-07-30 07:39:50] [INFO] [INFRA_SIMULATOR] windows_servers | Status: Healthy | Metrics: cpu: 23.75, memory: 48.17, disk: 62.1, fortify_cpu: 18.32, fortify_mem: 32.63, iis_threads: 249, iis_sessions: 1423
[2026-07-30 07:40:00] [INFO] [INFRA_SIMULATOR] windows_servers | Status: Healthy | Metrics: cpu: 20.99, memory: 47.43, disk: 62.1, fortify_cpu: 18.01, fortify_mem: 32.29, iis_threads: 248, iis_sessions: 1416
[2026-07-30 07:40:10] [INFO] [INFRA_SIMULATOR] windows_servers | Status: Healthy | Metrics: cpu: 18.92, memory: 47.55, disk: 62.1, fortify_cpu: 18.69, fortify_mem: 32.27, iis_threads: 247, iis_sessions: 1426
[2026-07-30 07:40:10] [INFO] [LOG_AGENT] [IIS-SERVER] GET /api/health - Client IP: 10.194.22.45 - Status 200 OK (elapsed: 15ms)
[2026-07-30 07:40:20] [INFO] [INFRA_SIMULATOR] windows_servers | Status: Healthy | Metrics: cpu: 25.54, memory: 47.85, disk: 62.1, fortify_cpu: 18.22, fortify_mem: 32.46, iis_threads: 250, iis_sessions: 1420
[2026-07-30 07:40:30] [INFO] [INFRA_SIMULATOR] windows_servers | Status: Healthy | Metrics: cpu: 20.48, memory: 48.88, disk: 62.1, fortify_cpu: 18.38, fortify_mem: 32.19, iis_threads: 248, iis_sessions: 1429
[2026-07-30 07:40:40] [INFO] [INFRA_SIMULATOR] windows_servers | Status: Healthy | Metrics: cpu: 20.13, memory: 48.73, disk: 62.1, fortify_cpu: 17.66, fortify_mem: 32.29, iis_threads: 251, iis_sessions: 1423
[2026-07-30 07:40:50] [INFO] [INFRA_SIMULATOR] windows_servers | Status: Healthy | Metrics: cpu: 22.52, memory: 48.48, disk: 62.1, fortify_cpu: 18.17, fortify_mem: 32.36, iis_threads: 249, iis_sessions: 1417
[2026-07-30 07:41:00] [INFO] [INFRA_SIMULATOR] windows_servers | Status: Healthy | Metrics: cpu: 18.73, memory: 47.6, disk: 62.1, fortify_cpu: 18.65, fortify_mem: 32.58, iis_threads: 245, iis_sessions: 1424
[2026-07-30 07:41:10] [INFO] [INFRA_SIMULATOR] windows_servers | Status: Healthy | Metrics: cpu: 20.98, memory: 48.27, disk: 62.1, fortify_cpu: 17.63, fortify_mem: 32.34, iis_threads: 248, iis_sessions: 1427
[2026-07-30 07:41:20] [INFO] [INFRA_SIMULATOR] windows_servers | Status: Healthy | Metrics: cpu: 19.28, memory: 47.21, disk: 62.1, fortify_cpu: 18.07, fortify_mem: 32.27, iis_threads: 250, iis_sessions: 1423
[2026-07-30 07:41:20] [INFO] [LOG_AGENT] [IIS-SERVER] GET /api/health - Client IP: 10.194.22.45 - Status 200 OK (elapsed: 15ms)
[2026-07-30 07:41:30] [INFO] [INFRA_SIMULATOR] windows_servers | Status: Healthy | Metrics: cpu: 23.38, memory: 49.31, disk: 62.1, fortify_cpu: 18.92, fortify_mem: 32.29, iis_threads: 252, iis_sessions: 1425
[2026-07-30 07:41:40] [INFO] [INFRA_SIMULATOR] windows_servers | Status: Healthy | Metrics: cpu: 20.9, memory: 49.39, disk: 62.1, fortify_cpu: 19.38, fortify_mem: 32.17, iis_threads: 250, iis_sessions: 1419
[2026-07-30 07:41:40] [INFO] [LOG_AGENT] [IIS-SERVER] GET /api/health - Client IP: 10.194.22.45 - Status 200 OK (elapsed: 15ms)
[2026-07-30 07:41:50] [INFO] [INFRA_SIMULATOR] windows_servers | Status: Healthy | Metrics: cpu: 19.46, memory: 47.71, disk: 62.1, fortify_cpu: 18.3, fortify_mem: 32.59, iis_threads: 253, iis_sessions: 1413
[2026-07-30 07:42:00] [INFO] [INFRA_SIMULATOR] windows_servers | Status: Healthy | Metrics: cpu: 25.86, memory: 48.14, disk: 62.1, fortify_cpu: 17.51, fortify_mem: 32.19, iis_threads: 249, iis_sessions: 1423
[2026-07-30 07:42:10] [INFO] [INFRA_SIMULATOR] windows_servers | Status: Healthy | Metrics: cpu: 21.72, memory: 49.95, disk: 62.1, fortify_cpu: 18.21, fortify_mem: 32.59, iis_threads: 246, iis_sessions: 1423
[2026-07-30 07:42:20] [INFO] [INFRA_SIMULATOR] windows_servers | Status: Healthy | Metrics: cpu: 20.92, memory: 49.39, disk: 62.1, fortify_cpu: 18.46, fortify_mem: 32.57, iis_threads: 245, iis_sessions: 1420
[2026-07-30 07:42:30] [INFO] [INFRA_SIMULATOR] windows_servers | Status: Healthy | Metrics: cpu: 21.94, memory: 49.72, disk: 62.1, fortify_cpu: 19.03, fortify_mem: 32.2, iis_threads: 249, iis_sessions: 1410
[2026-07-30 07:42:40] [INFO] [INFRA_SIMULATOR] windows_servers | Status: Healthy | Metrics: cpu: 18.6, memory: 48, disk: 62.1, fortify_cpu: 18.68, fortify_mem: 32.51, iis_threads: 245, iis_sessions: 1417
[2026-07-30 07:42:50] [INFO] [INFRA_SIMULATOR] windows_servers | Status: Healthy | Metrics: cpu: 24.97, memory: 49.23, disk: 62.1, fortify_cpu: 18.01, fortify_mem: 32.21, iis_threads: 248, iis_sessions: 1419
[2026-07-30 07:43:00] [INFO] [INFRA_SIMULATOR] windows_servers | Status: Healthy | Metrics: cpu: 23.01, memory: 49.61, disk: 62.1, fortify_cpu: 18.85, fortify_mem: 32.29, iis_threads: 246, iis_sessions: 1415
[2026-07-30 07:43:10] [INFO] [INFRA_SIMULATOR] windows_servers | Status: Healthy | Metrics: cpu: 23, memory: 47.39, disk: 62.1, fortify_cpu: 18.03, fortify_mem: 32.59, iis_threads: 250, iis_sessions: 1415
[2026-07-30 07:43:20] [INFO] [INFRA_SIMULATOR] windows_servers | Status: Healthy | Metrics: cpu: 22.26, memory: 48.45, disk: 62.1, fortify_cpu: 18.3, fortify_mem: 32.23, iis_threads: 248, iis_sessions: 1412
[2026-07-30 07:43:30] [INFO] [INFRA_SIMULATOR] windows_servers | Status: Healthy | Metrics: cpu: 19.39, memory: 48.49, disk: 62.1, fortify_cpu: 19.04, fortify_mem: 32.45, iis_threads: 245, iis_sessions: 1412
[2026-07-30 07:43:30] [INFO] [LOG_AGENT] [IIS-SERVER] GET /api/health - Client IP: 10.194.22.45 - Status 200 OK (elapsed: 15ms)
[2026-07-30 07:43:40] [INFO] [INFRA_SIMULATOR] windows_servers | Status: Healthy | Metrics: cpu: 19.34, memory: 47.57, disk: 62.1, fortify_cpu: 18.06, fortify_mem: 32.29, iis_threads: 245, iis_sessions: 1428
[2026-07-30 07:43:50] [INFO] [INFRA_SIMULATOR] windows_servers | Status: Healthy | Metrics: cpu: 23.45, memory: 50.1, disk: 62.1, fortify_cpu: 17.73, fortify_mem: 32.41, iis_threads: 251, iis_sessions: 1414
[2026-07-30 07:44:00] [INFO] [INFRA_SIMULATOR] windows_servers | Status: Healthy | Metrics: cpu: 24.27, memory: 47.92, disk: 62.1, fortify_cpu: 18.47, fortify_mem: 32.25, iis_threads: 254, iis_sessions: 1420
[2026-07-30 07:44:10] [INFO] [INFRA_SIMULATOR] windows_servers | Status: Healthy | Metrics: cpu: 24.63, memory: 48.91, disk: 62.1, fortify_cpu: 18.98, fortify_mem: 32.47, iis_threads: 252, iis_sessions: 1424
[2026-07-30 07:44:20] [INFO] [INFRA_SIMULATOR] windows_servers | Status: Healthy | Metrics: cpu: 25.54, memory: 49.34, disk: 62.1, fortify_cpu: 17.71, fortify_mem: 32.34, iis_threads: 253, iis_sessions: 1423
[2026-07-30 07:44:30] [INFO] [INFRA_SIMULATOR] windows_servers | Status: Healthy | Metrics: cpu: 24.05, memory: 47.16, disk: 62.1, fortify_cpu: 19.37, fortify_mem: 32.33, iis_threads: 249, iis_sessions: 1417
[2026-07-30 07:44:40] [INFO] [INFRA_SIMULATOR] windows_servers | Status: Healthy | Metrics: cpu: 21.95, memory: 47.85, disk: 62.1, fortify_cpu: 19.38, fortify_mem: 32.25, iis_threads: 248, iis_sessions: 1425
[2026-07-30 07:44:50] [INFO] [INFRA_SIMULATOR] windows_servers | Status: Healthy | Metrics: cpu: 19.42, memory: 47.29, disk: 62.1, fortify_cpu: 18.25, fortify_mem: 32.44, iis_threads: 254, iis_sessions: 1421
[2026-07-30 07:45:00] [INFO] [INFRA_SIMULATOR] windows_servers | Status: Healthy | Metrics: cpu: 26.3, memory: 48.51, disk: 62.1, fortify_cpu: 17.7, fortify_mem: 32.16, iis_threads: 246, iis_sessions: 1419
[2026-07-30 07:45:10] [INFO] [INFRA_SIMULATOR] windows_servers | Status: Healthy | Metrics: cpu: 24.17, memory: 48.51, disk: 62.1, fortify_cpu: 18.96, fortify_mem: 32.17, iis_threads: 251, iis_sessions: 1424
[2026-07-30 07:45:20] [INFO] [INFRA_SIMULATOR] windows_servers | Status: Healthy | Metrics: cpu: 25.93, memory: 49.71, disk: 62.1, fortify_cpu: 18.71, fortify_mem: 32.6, iis_threads: 247, iis_sessions: 1426
[2026-07-30 07:45:30] [INFO] [INFRA_SIMULATOR] windows_servers | Status: Healthy | Metrics: cpu: 24.41, memory: 47.96, disk: 62.1, fortify_cpu: 19.32, fortify_mem: 32.34, iis_threads: 246, iis_sessions: 1411
[2026-07-30 07:45:40] [INFO] [INFRA_SIMULATOR] windows_servers | Status: Healthy | Metrics: cpu: 26.03, memory: 48.53, disk: 62.1, fortify_cpu: 18.95, fortify_mem: 32.22, iis_threads: 250, iis_sessions: 1419
[2026-07-30 07:45:50] [INFO] [INFRA_SIMULATOR] windows_servers | Status: Healthy | Metrics: cpu: 20.64, memory: 47.81, disk: 62.1, fortify_cpu: 19.42, fortify_mem: 32.59, iis_threads: 247, iis_sessions: 1420
[2026-07-30 07:46:00] [INFO] [INFRA_SIMULATOR] windows_servers | Status: Healthy | Metrics: cpu: 23.61, memory: 47.48, disk: 62.1, fortify_cpu: 19.37, fortify_mem: 32.52, iis_threads: 247, iis_sessions: 1415
[2026-07-30 07:46:10] [INFO] [INFRA_SIMULATOR] windows_servers | Status: Healthy | Metrics: cpu: 19.23, memory: 47.51, disk: 62.1, fortify_cpu: 17.97, fortify_mem: 32.41, iis_threads: 253, iis_sessions: 1427
[2026-07-30 07:46:20] [INFO] [INFRA_SIMULATOR] windows_servers | Status: Healthy | Metrics: cpu: 20.97, memory: 48.26, disk: 62.1, fortify_cpu: 18.91, fortify_mem: 32.59, iis_threads: 251, iis_sessions: 1411
[2026-07-30 07:46:30] [INFO] [INFRA_SIMULATOR] windows_servers | Status: Healthy | Metrics: cpu: 20.53, memory: 48.17, disk: 62.1, fortify_cpu: 19.05, fortify_mem: 32.43, iis_threads: 254, iis_sessions: 1428
[2026-07-30 07:46:40] [INFO] [INFRA_SIMULATOR] windows_servers | Status: Healthy | Metrics: cpu: 19.66, memory: 49.31, disk: 62.1, fortify_cpu: 17.86, fortify_mem: 32.58, iis_threads: 248, iis_sessions: 1429
[2026-07-30 07:46:41] [INFO] [LOG_AGENT] [IIS-SERVER] GET /api/health - Client IP: 10.194.22.45 - Status 200 OK (elapsed: 15ms)
[2026-07-30 07:46:51] [INFO] [INFRA_SIMULATOR] windows_servers | Status: Healthy | Metrics: cpu: 24.14, memory: 49.83, disk: 62.1, fortify_cpu: 18.24, fortify_mem: 32.34, iis_threads: 252, iis_sessions: 1420
[2026-07-30 07:47:01] [INFO] [INFRA_SIMULATOR] windows_servers | Status: Healthy | Metrics: cpu: 21.49, memory: 50.1, disk: 62.1, fortify_cpu: 17.8, fortify_mem: 32.5, iis_threads: 252, iis_sessions: 1425
[2026-07-30 07:47:11] [INFO] [INFRA_SIMULATOR] windows_servers | Status: Healthy | Metrics: cpu: 20.23, memory: 49.22, disk: 62.1, fortify_cpu: 17.74, fortify_mem: 32.62, iis_threads: 250, iis_sessions: 1425
[2026-07-30 07:47:21] [INFO] [INFRA_SIMULATOR] windows_servers | Status: Healthy | Metrics: cpu: 23.71, memory: 48.77, disk: 62.1, fortify_cpu: 18.07, fortify_mem: 32.33, iis_threads: 247, iis_sessions: 1425
[2026-07-30 07:47:31] [INFO] [INFRA_SIMULATOR] windows_servers | Status: Healthy | Metrics: cpu: 22.22, memory: 48.19, disk: 62.1, fortify_cpu: 18.05, fortify_mem: 32.43, iis_threads: 246, iis_sessions: 1412
[2026-07-30 07:47:31] [INFO] [LOG_AGENT] [IIS-SERVER] GET /api/health - Client IP: 10.194.22.45 - Status 200 OK (elapsed: 15ms)
[2026-07-30 07:47:41] [INFO] [INFRA_SIMULATOR] windows_servers | Status: Healthy | Metrics: cpu: 25.34, memory: 49.83, disk: 62.1, fortify_cpu: 18.38, fortify_mem: 32.59, iis_threads: 245, iis_sessions: 1420
[2026-07-30 07:47:51] [INFO] [INFRA_SIMULATOR] windows_servers | Status: Healthy | Metrics: cpu: 19.82, memory: 49.04, disk: 62.1, fortify_cpu: 19.41, fortify_mem: 32.19, iis_threads: 247, iis_sessions: 1412
[2026-07-30 07:47:51] [INFO] [LOG_AGENT] [IIS-SERVER] GET /api/health - Client IP: 10.194.22.45 - Status 200 OK (elapsed: 15ms)
[2026-07-30 07:48:01] [INFO] [INFRA_SIMULATOR] windows_servers | Status: Healthy | Metrics: cpu: 23.19, memory: 47.68, disk: 62.1, fortify_cpu: 19.4, fortify_mem: 32.21, iis_threads: 248, iis_sessions: 1425
[2026-07-30 16:58:32] [INFO] [INFRA_SIMULATOR] windows_servers | Status: Healthy | Metrics: cpu: 20.75, memory: 48.39, disk: 62.1, fortify_cpu: 18.19, fortify_mem: 32.5, iis_threads: 245, iis_sessions: 1424
[2026-07-30 16:58:42] [INFO] [INFRA_SIMULATOR] windows_servers | Status: Healthy | Metrics: cpu: 25.72, memory: 49.91, disk: 62.1, fortify_cpu: 17.56, fortify_mem: 32.31, iis_threads: 250, iis_sessions: 1415
[2026-07-30 16:58:52] [INFO] [INFRA_SIMULATOR] windows_servers | Status: Healthy | Metrics: cpu: 18.95, memory: 49.03, disk: 62.1, fortify_cpu: 18.34, fortify_mem: 32.18, iis_threads: 251, iis_sessions: 1422
[2026-07-30 16:59:01] [INFO] [INFRA_SIMULATOR] windows_servers | Status: Healthy | Metrics: cpu: 19.55, memory: 48.18, disk: 62.1, fortify_cpu: 19.42, fortify_mem: 32.42, iis_threads: 248, iis_sessions: 1426
[2026-07-30 16:59:12] [INFO] [INFRA_SIMULATOR] windows_servers | Status: Healthy | Metrics: cpu: 22.37, memory: 48.44, disk: 62.1, fortify_cpu: 18.47, fortify_mem: 32.57, iis_threads: 254, iis_sessions: 1414
[2026-07-30 16:59:22] [INFO] [INFRA_SIMULATOR] windows_servers | Status: Healthy | Metrics: cpu: 18.85, memory: 47.93, disk: 62.1, fortify_cpu: 19.07, fortify_mem: 32.61, iis_threads: 246, iis_sessions: 1411
[2026-07-30 16:59:22] [INFO] [LOG_AGENT] [IIS-SERVER] GET /api/health - Client IP: 10.194.22.45 - Status 200 OK (elapsed: 15ms)
[2026-07-30 16:59:32] [INFO] [INFRA_SIMULATOR] windows_servers | Status: Healthy | Metrics: cpu: 19.94, memory: 49.81, disk: 62.1, fortify_cpu: 19.47, fortify_mem: 32.38, iis_threads: 249, iis_sessions: 1425
[2026-07-30 16:59:32] [INFO] [LOG_AGENT] [IIS-SERVER] GET /api/health - Client IP: 10.194.22.45 - Status 200 OK (elapsed: 15ms)
[2026-07-30 16:59:42] [INFO] [INFRA_SIMULATOR] windows_servers | Status: Healthy | Metrics: cpu: 21.9, memory: 47.58, disk: 62.1, fortify_cpu: 17.53, fortify_mem: 32.4, iis_threads: 253, iis_sessions: 1418
[2026-07-30 16:59:51] [INFO] [INFRA_SIMULATOR] windows_servers | Status: Healthy | Metrics: cpu: 19.47, memory: 49.26, disk: 62.1, fortify_cpu: 19.16, fortify_mem: 32.37, iis_threads: 247, iis_sessions: 1414
[2026-07-30 17:00:02] [INFO] [INFRA_SIMULATOR] windows_servers | Status: Healthy | Metrics: cpu: 25.67, memory: 48.58, disk: 62.1, fortify_cpu: 18.85, fortify_mem: 32.51, iis_threads: 254, iis_sessions: 1423
[2026-07-30 17:00:12] [INFO] [INFRA_SIMULATOR] windows_servers | Status: Healthy | Metrics: cpu: 25.09, memory: 49.04, disk: 62.1, fortify_cpu: 18.31, fortify_mem: 32.28, iis_threads: 247, iis_sessions: 1429
[2026-07-30 17:00:22] [INFO] [INFRA_SIMULATOR] windows_servers | Status: Healthy | Metrics: cpu: 24.41, memory: 47.13, disk: 62.1, fortify_cpu: 17.7, fortify_mem: 32.3, iis_threads: 249, iis_sessions: 1428
[2026-07-30 17:00:22] [INFO] [LOG_AGENT] [IIS-SERVER] GET /api/health - Client IP: 10.194.22.45 - Status 200 OK (elapsed: 15ms)
[2026-07-30 17:00:32] [INFO] [INFRA_SIMULATOR] windows_servers | Status: Healthy | Metrics: cpu: 23.66, memory: 48.23, disk: 62.1, fortify_cpu: 19.13, fortify_mem: 32.62, iis_threads: 252, iis_sessions: 1416
[2026-07-30 17:00:42] [INFO] [INFRA_SIMULATOR] windows_servers | Status: Healthy | Metrics: cpu: 21.44, memory: 48.27, disk: 62.1, fortify_cpu: 18.87, fortify_mem: 32.2, iis_threads: 246, iis_sessions: 1424
[2026-07-30 17:00:52] [INFO] [INFRA_SIMULATOR] windows_servers | Status: Healthy | Metrics: cpu: 23.68, memory: 48.13, disk: 62.1, fortify_cpu: 18.38, fortify_mem: 32.19, iis_threads: 253, iis_sessions: 1424
[2026-07-30 17:00:52] [INFO] [LOG_AGENT] [IIS-SERVER] GET /api/health - Client IP: 10.194.22.45 - Status 200 OK (elapsed: 15ms)
[2026-07-30 17:01:02] [INFO] [INFRA_SIMULATOR] windows_servers | Status: Healthy | Metrics: cpu: 23.54, memory: 49.69, disk: 62.1, fortify_cpu: 18.22, fortify_mem: 32.64, iis_threads: 253, iis_sessions: 1412
[2026-07-30 17:01:12] [INFO] [INFRA_SIMULATOR] windows_servers | Status: Healthy | Metrics: cpu: 20.99, memory: 47.8, disk: 62.1, fortify_cpu: 17.61, fortify_mem: 32.15, iis_threads: 250, iis_sessions: 1416
[2026-07-30 17:01:22] [INFO] [INFRA_SIMULATOR] windows_servers | Status: Healthy | Metrics: cpu: 22.47, memory: 47.67, disk: 62.1, fortify_cpu: 18.98, fortify_mem: 32.36, iis_threads: 246, iis_sessions: 1410
[2026-07-30 17:01:32] [INFO] [INFRA_SIMULATOR] windows_servers | Status: Healthy | Metrics: cpu: 21.87, memory: 47.88, disk: 62.1, fortify_cpu: 18.31, fortify_mem: 32.64, iis_threads: 251, iis_sessions: 1418
[2026-07-30 17:01:42] [INFO] [INFRA_SIMULATOR] windows_servers | Status: Healthy | Metrics: cpu: 23.71, memory: 49.71, disk: 62.1, fortify_cpu: 17.75, fortify_mem: 32.52, iis_threads: 250, iis_sessions: 1418
[2026-07-30 17:01:52] [INFO] [INFRA_SIMULATOR] windows_servers | Status: Healthy | Metrics: cpu: 22.93, memory: 47.56, disk: 62.1, fortify_cpu: 18.38, fortify_mem: 32.6, iis_threads: 249, iis_sessions: 1422
[2026-07-30 17:01:52] [INFO] [LOG_AGENT] [IIS-SERVER] GET /api/health - Client IP: 10.194.22.45 - Status 200 OK (elapsed: 15ms)
[2026-07-30 17:02:02] [INFO] [INFRA_SIMULATOR] windows_servers | Status: Healthy | Metrics: cpu: 23.73, memory: 47.35, disk: 62.1, fortify_cpu: 18.44, fortify_mem: 32.4, iis_threads: 249, iis_sessions: 1426
[2026-07-30 17:02:12] [INFO] [INFRA_SIMULATOR] windows_servers | Status: Healthy | Metrics: cpu: 22.04, memory: 47.6, disk: 62.1, fortify_cpu: 18.01, fortify_mem: 32.39, iis_threads: 254, iis_sessions: 1410
[2026-07-30 17:02:12] [INFO] [LOG_AGENT] [IIS-SERVER] GET /api/health - Client IP: 10.194.22.45 - Status 200 OK (elapsed: 15ms)
[2026-07-30 17:02:22] [INFO] [INFRA_SIMULATOR] windows_servers | Status: Healthy | Metrics: cpu: 22.49, memory: 47.5, disk: 62.1, fortify_cpu: 17.66, fortify_mem: 32.19, iis_threads: 253, iis_sessions: 1418
[2026-07-30 17:02:32] [INFO] [INFRA_SIMULATOR] windows_servers | Status: Healthy | Metrics: cpu: 21.48, memory: 49.76, disk: 62.1, fortify_cpu: 18.66, fortify_mem: 32.48, iis_threads: 246, iis_sessions: 1416
[2026-07-30 17:02:32] [INFO] [LOG_AGENT] [IIS-SERVER] GET /api/health - Client IP: 10.194.22.45 - Status 200 OK (elapsed: 15ms)
[2026-07-30 17:02:42] [INFO] [INFRA_SIMULATOR] windows_servers | Status: Healthy | Metrics: cpu: 19.86, memory: 48.99, disk: 62.1, fortify_cpu: 17.68, fortify_mem: 32.55, iis_threads: 247, iis_sessions: 1426
[2026-07-30 17:02:52] [INFO] [INFRA_SIMULATOR] windows_servers | Status: Healthy | Metrics: cpu: 26.09, memory: 48.76, disk: 62.1, fortify_cpu: 17.83, fortify_mem: 32.29, iis_threads: 246, iis_sessions: 1415
[2026-07-30 17:03:02] [INFO] [INFRA_SIMULATOR] windows_servers | Status: Healthy | Metrics: cpu: 22.51, memory: 48.81, disk: 62.1, fortify_cpu: 18.19, fortify_mem: 32.47, iis_threads: 250, iis_sessions: 1414
[2026-07-30 17:03:02] [INFO] [LOG_AGENT] [IIS-SERVER] GET /api/health - Client IP: 10.194.22.45 - Status 200 OK (elapsed: 15ms)
[2026-07-30 17:03:12] [INFO] [INFRA_SIMULATOR] windows_servers | Status: Healthy | Metrics: cpu: 19.19, memory: 48.48, disk: 62.1, fortify_cpu: 19.3, fortify_mem: 32.47, iis_threads: 252, iis_sessions: 1426
[2026-07-30 17:03:22] [INFO] [INFRA_SIMULATOR] windows_servers | Status: Healthy | Metrics: cpu: 26.34, memory: 49.29, disk: 62.1, fortify_cpu: 17.83, fortify_mem: 32.56, iis_threads: 251, iis_sessions: 1421
[2026-07-30 17:03:22] [INFO] [LOG_AGENT] [IIS-SERVER] GET /api/health - Client IP: 10.194.22.45 - Status 200 OK (elapsed: 15ms)
[2026-07-30 17:03:32] [INFO] [INFRA_SIMULATOR] windows_servers | Status: Healthy | Metrics: cpu: 18.45, memory: 47.74, disk: 62.1, fortify_cpu: 17.75, fortify_mem: 32.23, iis_threads: 248, iis_sessions: 1425
[2026-07-30 17:03:42] [INFO] [INFRA_SIMULATOR] windows_servers | Status: Healthy | Metrics: cpu: 23.75, memory: 48.72, disk: 62.1, fortify_cpu: 18.72, fortify_mem: 32.18, iis_threads: 251, iis_sessions: 1426
[2026-07-30 17:03:52] [INFO] [INFRA_SIMULATOR] windows_servers | Status: Healthy | Metrics: cpu: 19.82, memory: 47.5, disk: 62.1, fortify_cpu: 17.53, fortify_mem: 32.59, iis_threads: 245, iis_sessions: 1425
[2026-07-30 17:03:52] [INFO] [LOG_AGENT] [IIS-SERVER] GET /api/health - Client IP: 10.194.22.45 - Status 200 OK (elapsed: 15ms)
[2026-07-30 17:04:02] [INFO] [INFRA_SIMULATOR] windows_servers | Status: Healthy | Metrics: cpu: 26.1, memory: 47.18, disk: 62.1, fortify_cpu: 19.47, fortify_mem: 32.26, iis_threads: 248, iis_sessions: 1419
[2026-07-30 17:04:12] [INFO] [INFRA_SIMULATOR] windows_servers | Status: Healthy | Metrics: cpu: 19.17, memory: 49.99, disk: 62.1, fortify_cpu: 18.38, fortify_mem: 32.29, iis_threads: 247, iis_sessions: 1423
[2026-07-30 17:04:12] [INFO] [LOG_AGENT] [IIS-SERVER] GET /api/health - Client IP: 10.194.22.45 - Status 200 OK (elapsed: 15ms)
[2026-07-30 17:04:22] [INFO] [INFRA_SIMULATOR] windows_servers | Status: Healthy | Metrics: cpu: 24.97, memory: 48.64, disk: 62.1, fortify_cpu: 19.09, fortify_mem: 32.55, iis_threads: 246, iis_sessions: 1428
[2026-07-30 17:04:32] [INFO] [INFRA_SIMULATOR] windows_servers | Status: Healthy | Metrics: cpu: 24.52, memory: 47.41, disk: 62.1, fortify_cpu: 19.43, fortify_mem: 32.62, iis_threads: 254, iis_sessions: 1419
[2026-07-30 17:04:42] [INFO] [INFRA_SIMULATOR] windows_servers | Status: Healthy | Metrics: cpu: 23.47, memory: 47.26, disk: 62.1, fortify_cpu: 19.27, fortify_mem: 32.3, iis_threads: 247, iis_sessions: 1421
[2026-07-30 17:04:52] [INFO] [INFRA_SIMULATOR] windows_servers | Status: Healthy | Metrics: cpu: 23.2, memory: 48.28, disk: 62.1, fortify_cpu: 17.77, fortify_mem: 32.34, iis_threads: 245, iis_sessions: 1419
[2026-07-30 17:05:02] [INFO] [INFRA_SIMULATOR] windows_servers | Status: Healthy | Metrics: cpu: 19.45, memory: 49.39, disk: 62.1, fortify_cpu: 19.13, fortify_mem: 32.26, iis_threads: 250, iis_sessions: 1414
[2026-07-30 17:05:12] [INFO] [INFRA_SIMULATOR] windows_servers | Status: Healthy | Metrics: cpu: 20.41, memory: 49.44, disk: 62.1, fortify_cpu: 17.96, fortify_mem: 32.19, iis_threads: 246, iis_sessions: 1427
[2026-07-30 17:05:22] [INFO] [INFRA_SIMULATOR] windows_servers | Status: Healthy | Metrics: cpu: 21.18, memory: 47.66, disk: 62.1, fortify_cpu: 19.29, fortify_mem: 32.26, iis_threads: 250, iis_sessions: 1424
[2026-07-30 17:05:32] [INFO] [INFRA_SIMULATOR] windows_servers | Status: Healthy | Metrics: cpu: 22.81, memory: 49.03, disk: 62.1, fortify_cpu: 18.28, fortify_mem: 32.47, iis_threads: 252, iis_sessions: 1416
[2026-07-30 17:05:42] [INFO] [INFRA_SIMULATOR] windows_servers | Status: Healthy | Metrics: cpu: 25.49, memory: 49.47, disk: 62.1, fortify_cpu: 18.9, fortify_mem: 32.37, iis_threads: 252, iis_sessions: 1416
[2026-07-30 17:05:52] [INFO] [INFRA_SIMULATOR] windows_servers | Status: Healthy | Metrics: cpu: 25.62, memory: 49.65, disk: 62.1, fortify_cpu: 19.09, fortify_mem: 32.64, iis_threads: 245, iis_sessions: 1419
[2026-07-30 17:06:02] [INFO] [INFRA_SIMULATOR] windows_servers | Status: Healthy | Metrics: cpu: 21.08, memory: 49.97, disk: 62.1, fortify_cpu: 18.41, fortify_mem: 32.28, iis_threads: 253, iis_sessions: 1415
[2026-07-30 17:06:02] [INFO] [LOG_AGENT] [IIS-SERVER] GET /api/health - Client IP: 10.194.22.45 - Status 200 OK (elapsed: 15ms)
[2026-07-30 17:06:12] [INFO] [INFRA_SIMULATOR] windows_servers | Status: Healthy | Metrics: cpu: 21.4, memory: 48.55, disk: 62.1, fortify_cpu: 18.94, fortify_mem: 32.26, iis_threads: 252, iis_sessions: 1423
[2026-07-30 17:06:12] [INFO] [LOG_AGENT] [IIS-SERVER] GET /api/health - Client IP: 10.194.22.45 - Status 200 OK (elapsed: 15ms)
[2026-07-30 17:06:22] [INFO] [INFRA_SIMULATOR] windows_servers | Status: Healthy | Metrics: cpu: 21.82, memory: 49.5, disk: 62.1, fortify_cpu: 17.61, fortify_mem: 32.28, iis_threads: 249, iis_sessions: 1422
[2026-07-30 17:06:32] [INFO] [INFRA_SIMULATOR] windows_servers | Status: Healthy | Metrics: cpu: 25.59, memory: 49.35, disk: 62.1, fortify_cpu: 19.16, fortify_mem: 32.54, iis_threads: 248, iis_sessions: 1415
[2026-07-30 17:06:42] [INFO] [INFRA_SIMULATOR] windows_servers | Status: Healthy | Metrics: cpu: 19.75, memory: 48.45, disk: 62.1, fortify_cpu: 19.23, fortify_mem: 32.23, iis_threads: 254, iis_sessions: 1414
[2026-07-30 17:06:52] [INFO] [INFRA_SIMULATOR] windows_servers | Status: Healthy | Metrics: cpu: 20.41, memory: 48.41, disk: 62.1, fortify_cpu: 17.74, fortify_mem: 32.16, iis_threads: 254, iis_sessions: 1411
[2026-07-30 17:06:52] [INFO] [LOG_AGENT] [IIS-SERVER] GET /api/health - Client IP: 10.194.22.45 - Status 200 OK (elapsed: 15ms)
[2026-07-30 17:07:02] [INFO] [INFRA_SIMULATOR] windows_servers | Status: Healthy | Metrics: cpu: 24.81, memory: 48.74, disk: 62.1, fortify_cpu: 18.83, fortify_mem: 32.51, iis_threads: 248, iis_sessions: 1422
[2026-07-30 17:07:12] [INFO] [INFRA_SIMULATOR] windows_servers | Status: Healthy | Metrics: cpu: 21.08, memory: 49.87, disk: 62.1, fortify_cpu: 18.68, fortify_mem: 32.62, iis_threads: 245, iis_sessions: 1412
[2026-07-30 17:07:12] [INFO] [LOG_AGENT] [IIS-SERVER] GET /api/health - Client IP: 10.194.22.45 - Status 200 OK (elapsed: 15ms)
[2026-07-30 17:07:22] [INFO] [INFRA_SIMULATOR] windows_servers | Status: Healthy | Metrics: cpu: 21.72, memory: 47.56, disk: 62.1, fortify_cpu: 19.42, fortify_mem: 32.15, iis_threads: 250, iis_sessions: 1412
[2026-07-30 17:07:32] [INFO] [INFRA_SIMULATOR] windows_servers | Status: Healthy | Metrics: cpu: 21.9, memory: 49.62, disk: 62.1, fortify_cpu: 18.04, fortify_mem: 32.62, iis_threads: 250, iis_sessions: 1411
[2026-07-30 17:07:42] [INFO] [INFRA_SIMULATOR] windows_servers | Status: Healthy | Metrics: cpu: 25.92, memory: 49.79, disk: 62.1, fortify_cpu: 18.9, fortify_mem: 32.25, iis_threads: 251, iis_sessions: 1417
[2026-07-30 17:07:52] [INFO] [INFRA_SIMULATOR] windows_servers | Status: Healthy | Metrics: cpu: 19.16, memory: 49.36, disk: 62.1, fortify_cpu: 19.23, fortify_mem: 32.28, iis_threads: 245, iis_sessions: 1414
[2026-07-30 17:07:52] [INFO] [LOG_AGENT] [IIS-SERVER] GET /api/health - Client IP: 10.194.22.45 - Status 200 OK (elapsed: 15ms)
[2026-07-30 17:08:02] [INFO] [INFRA_SIMULATOR] windows_servers | Status: Healthy | Metrics: cpu: 23.87, memory: 49.56, disk: 62.1, fortify_cpu: 18.18, fortify_mem: 32.34, iis_threads: 247, iis_sessions: 1419
[2026-07-30 17:08:02] [INFO] [LOG_AGENT] [IIS-SERVER] GET /api/health - Client IP: 10.194.22.45 - Status 200 OK (elapsed: 15ms)
[2026-07-30 17:08:12] [INFO] [INFRA_SIMULATOR] windows_servers | Status: Healthy | Metrics: cpu: 24.07, memory: 49.59, disk: 62.1, fortify_cpu: 17.7, fortify_mem: 32.46, iis_threads: 246, iis_sessions: 1415
[2026-07-30 17:08:12] [INFO] [LOG_AGENT] [IIS-SERVER] GET /api/health - Client IP: 10.194.22.45 - Status 200 OK (elapsed: 15ms)
[2026-07-30 17:08:22] [INFO] [INFRA_SIMULATOR] windows_servers | Status: Healthy | Metrics: cpu: 26.06, memory: 49.53, disk: 62.1, fortify_cpu: 19.29, fortify_mem: 32.43, iis_threads: 246, iis_sessions: 1424
[2026-07-30 17:08:32] [INFO] [INFRA_SIMULATOR] windows_servers | Status: Healthy | Metrics: cpu: 20.83, memory: 47.94, disk: 62.1, fortify_cpu: 19.14, fortify_mem: 32.47, iis_threads: 251, iis_sessions: 1416
[2026-07-30 17:08:42] [INFO] [INFRA_SIMULATOR] windows_servers | Status: Healthy | Metrics: cpu: 23.17, memory: 48.38, disk: 62.1, fortify_cpu: 17.54, fortify_mem: 32.56, iis_threads: 249, iis_sessions: 1416
[2026-07-30 17:08:52] [INFO] [INFRA_SIMULATOR] windows_servers | Status: Healthy | Metrics: cpu: 24.07, memory: 47.64, disk: 62.1, fortify_cpu: 18.21, fortify_mem: 32.36, iis_threads: 250, iis_sessions: 1416
[2026-07-30 17:09:02] [INFO] [INFRA_SIMULATOR] windows_servers | Status: Healthy | Metrics: cpu: 25.69, memory: 49.15, disk: 62.1, fortify_cpu: 18.46, fortify_mem: 32.26, iis_threads: 250, iis_sessions: 1423
[2026-07-30 17:09:12] [INFO] [INFRA_SIMULATOR] windows_servers | Status: Healthy | Metrics: cpu: 19.6, memory: 48.23, disk: 62.1, fortify_cpu: 19.26, fortify_mem: 32.59, iis_threads: 250, iis_sessions: 1427
[2026-07-30 17:09:12] [INFO] [LOG_AGENT] [IIS-SERVER] GET /api/health - Client IP: 10.194.22.45 - Status 200 OK (elapsed: 15ms)
[2026-07-30 17:09:22] [INFO] [INFRA_SIMULATOR] windows_servers | Status: Healthy | Metrics: cpu: 23.75, memory: 48.32, disk: 62.1, fortify_cpu: 18.59, fortify_mem: 32.25, iis_threads: 246, iis_sessions: 1412
[2026-07-30 17:09:32] [INFO] [INFRA_SIMULATOR] windows_servers | Status: Healthy | Metrics: cpu: 23.63, memory: 49.93, disk: 62.1, fortify_cpu: 18.11, fortify_mem: 32.3, iis_threads: 250, iis_sessions: 1420
[2026-07-30 17:09:42] [INFO] [INFRA_SIMULATOR] windows_servers | Status: Healthy | Metrics: cpu: 20.4, memory: 48.42, disk: 62.1, fortify_cpu: 18.25, fortify_mem: 32.5, iis_threads: 252, iis_sessions: 1415
[2026-07-30 17:09:42] [INFO] [LOG_AGENT] [IIS-SERVER] GET /api/health - Client IP: 10.194.22.45 - Status 200 OK (elapsed: 15ms)
[2026-07-30 17:09:52] [INFO] [INFRA_SIMULATOR] windows_servers | Status: Healthy | Metrics: cpu: 19.73, memory: 48.22, disk: 62.1, fortify_cpu: 17.79, fortify_mem: 32.23, iis_threads: 249, iis_sessions: 1427
[2026-07-30 17:10:02] [INFO] [INFRA_SIMULATOR] windows_servers | Status: Healthy | Metrics: cpu: 21.99, memory: 48.59, disk: 62.1, fortify_cpu: 18.61, fortify_mem: 32.23, iis_threads: 249, iis_sessions: 1414
[2026-07-30 17:10:12] [INFO] [INFRA_SIMULATOR] windows_servers | Status: Healthy | Metrics: cpu: 19.03, memory: 48.37, disk: 62.1, fortify_cpu: 18.85, fortify_mem: 32.46, iis_threads: 248, iis_sessions: 1424
[2026-07-30 17:10:22] [INFO] [INFRA_SIMULATOR] windows_servers | Status: Healthy | Metrics: cpu: 22.9, memory: 49.14, disk: 62.1, fortify_cpu: 19.19, fortify_mem: 32.3, iis_threads: 247, iis_sessions: 1412
[2026-07-30 17:10:22] [INFO] [LOG_AGENT] [IIS-SERVER] GET /api/health - Client IP: 10.194.22.45 - Status 200 OK (elapsed: 15ms)
[2026-07-30 17:10:32] [INFO] [INFRA_SIMULATOR] windows_servers | Status: Healthy | Metrics: cpu: 25.23, memory: 49.24, disk: 62.1, fortify_cpu: 19.31, fortify_mem: 32.18, iis_threads: 254, iis_sessions: 1426
[2026-07-30 17:10:42] [INFO] [INFRA_SIMULATOR] windows_servers | Status: Healthy | Metrics: cpu: 19.45, memory: 49.51, disk: 62.1, fortify_cpu: 17.92, fortify_mem: 32.6, iis_threads: 249, iis_sessions: 1423
[2026-07-30 17:10:52] [INFO] [INFRA_SIMULATOR] windows_servers | Status: Healthy | Metrics: cpu: 22.69, memory: 48.89, disk: 62.1, fortify_cpu: 18.78, fortify_mem: 32.55, iis_threads: 250, iis_sessions: 1410
[2026-07-30 17:10:52] [INFO] [LOG_AGENT] [IIS-SERVER] GET /api/health - Client IP: 10.194.22.45 - Status 200 OK (elapsed: 15ms)
[2026-07-30 17:11:02] [INFO] [INFRA_SIMULATOR] windows_servers | Status: Healthy | Metrics: cpu: 19.47, memory: 47.4, disk: 62.1, fortify_cpu: 19.41, fortify_mem: 32.52, iis_threads: 250, iis_sessions: 1420
[2026-07-30 17:11:02] [INFO] [LOG_AGENT] [IIS-SERVER] GET /api/health - Client IP: 10.194.22.45 - Status 200 OK (elapsed: 15ms)
[2026-07-30 17:11:12] [INFO] [INFRA_SIMULATOR] windows_servers | Status: Healthy | Metrics: cpu: 24.92, memory: 49.04, disk: 62.1, fortify_cpu: 19.46, fortify_mem: 32.39, iis_threads: 249, iis_sessions: 1411
[2026-07-30 17:11:22] [INFO] [INFRA_SIMULATOR] windows_servers | Status: Healthy | Metrics: cpu: 25.16, memory: 48.35, disk: 62.1, fortify_cpu: 19.22, fortify_mem: 32.49, iis_threads: 245, iis_sessions: 1428
[2026-07-30 17:11:32] [INFO] [INFRA_SIMULATOR] windows_servers | Status: Healthy | Metrics: cpu: 22.38, memory: 49.35, disk: 62.1, fortify_cpu: 18.06, fortify_mem: 32.21, iis_threads: 246, iis_sessions: 1423
[2026-07-30 17:11:32] [INFO] [LOG_AGENT] [IIS-SERVER] GET /api/health - Client IP: 10.194.22.45 - Status 200 OK (elapsed: 15ms)
[2026-07-30 17:11:42] [INFO] [INFRA_SIMULATOR] windows_servers | Status: Healthy | Metrics: cpu: 21.79, memory: 49.75, disk: 62.1, fortify_cpu: 19.42, fortify_mem: 32.38, iis_threads: 246, iis_sessions: 1418
[2026-07-30 17:11:42] [INFO] [LOG_AGENT] [IIS-SERVER] GET /api/health - Client IP: 10.194.22.45 - Status 200 OK (elapsed: 15ms)
[2026-07-30 17:11:52] [INFO] [INFRA_SIMULATOR] windows_servers | Status: Healthy | Metrics: cpu: 23.99, memory: 48.89, disk: 62.1, fortify_cpu: 17.62, fortify_mem: 32.15, iis_threads: 247, iis_sessions: 1427
[2026-07-30 17:12:02] [INFO] [INFRA_SIMULATOR] windows_servers | Status: Healthy | Metrics: cpu: 20.03, memory: 47.42, disk: 62.1, fortify_cpu: 18.66, fortify_mem: 32.22, iis_threads: 254, iis_sessions: 1423
[2026-07-30 17:12:12] [INFO] [INFRA_SIMULATOR] windows_servers | Status: Healthy | Metrics: cpu: 26.19, memory: 47.85, disk: 62.1, fortify_cpu: 18, fortify_mem: 32.22, iis_threads: 250, iis_sessions: 1417
[2026-07-30 17:12:22] [INFO] [INFRA_SIMULATOR] windows_servers | Status: Healthy | Metrics: cpu: 24.52, memory: 49.22, disk: 62.1, fortify_cpu: 18.21, fortify_mem: 32.57, iis_threads: 248, iis_sessions: 1415
[2026-07-30 17:12:22] [INFO] [LOG_AGENT] [IIS-SERVER] GET /api/health - Client IP: 10.194.22.45 - Status 200 OK (elapsed: 15ms)
[2026-07-30 17:12:32] [INFO] [INFRA_SIMULATOR] windows_servers | Status: Healthy | Metrics: cpu: 24.54, memory: 49.71, disk: 62.1, fortify_cpu: 18.94, fortify_mem: 32.35, iis_threads: 245, iis_sessions: 1419
[2026-07-30 17:12:42] [INFO] [INFRA_SIMULATOR] windows_servers | Status: Healthy | Metrics: cpu: 25.05, memory: 48.96, disk: 62.1, fortify_cpu: 18.4, fortify_mem: 32.39, iis_threads: 247, iis_sessions: 1422
[2026-07-30 17:12:52] [INFO] [INFRA_SIMULATOR] windows_servers | Status: Healthy | Metrics: cpu: 22.88, memory: 49.94, disk: 62.1, fortify_cpu: 17.79, fortify_mem: 32.56, iis_threads: 248, iis_sessions: 1424
[2026-07-30 17:13:02] [INFO] [INFRA_SIMULATOR] windows_servers | Status: Healthy | Metrics: cpu: 24.84, memory: 48.57, disk: 62.1, fortify_cpu: 17.55, fortify_mem: 32.16, iis_threads: 246, iis_sessions: 1419
[2026-07-30 17:13:12] [INFO] [INFRA_SIMULATOR] windows_servers | Status: Healthy | Metrics: cpu: 25.74, memory: 49.8, disk: 62.1, fortify_cpu: 19.14, fortify_mem: 32.27, iis_threads: 249, iis_sessions: 1417
[2026-07-30 17:13:22] [INFO] [INFRA_SIMULATOR] windows_servers | Status: Healthy | Metrics: cpu: 19.95, memory: 49.64, disk: 62.1, fortify_cpu: 18.42, fortify_mem: 32.52, iis_threads: 250, iis_sessions: 1420
[2026-07-30 17:13:32] [INFO] [INFRA_SIMULATOR] windows_servers | Status: Healthy | Metrics: cpu: 25.28, memory: 48.21, disk: 62.1, fortify_cpu: 19.33, fortify_mem: 32.16, iis_threads: 247, iis_sessions: 1414
[2026-07-30 17:13:32] [INFO] [LOG_AGENT] [IIS-SERVER] GET /api/health - Client IP: 10.194.22.45 - Status 200 OK (elapsed: 15ms)
[2026-07-30 17:13:42] [INFO] [INFRA_SIMULATOR] windows_servers | Status: Healthy | Metrics: cpu: 23.01, memory: 48.47, disk: 62.1, fortify_cpu: 19.44, fortify_mem: 32.54, iis_threads: 253, iis_sessions: 1411
[2026-07-30 17:13:52] [INFO] [INFRA_SIMULATOR] windows_servers | Status: Healthy | Metrics: cpu: 18.48, memory: 48.4, disk: 62.1, fortify_cpu: 19.23, fortify_mem: 32.58, iis_threads: 254, iis_sessions: 1414
[2026-07-30 17:14:02] [INFO] [INFRA_SIMULATOR] windows_servers | Status: Healthy | Metrics: cpu: 24.4, memory: 49.61, disk: 62.1, fortify_cpu: 18.47, fortify_mem: 32.17, iis_threads: 247, iis_sessions: 1419
[2026-07-30 17:14:12] [INFO] [INFRA_SIMULATOR] windows_servers | Status: Healthy | Metrics: cpu: 23.73, memory: 49.77, disk: 62.1, fortify_cpu: 17.68, fortify_mem: 32.53, iis_threads: 251, iis_sessions: 1428
[2026-07-30 17:14:12] [INFO] [LOG_AGENT] [IIS-SERVER] GET /api/health - Client IP: 10.194.22.45 - Status 200 OK (elapsed: 15ms)
[2026-07-30 17:14:22] [INFO] [INFRA_SIMULATOR] windows_servers | Status: Healthy | Metrics: cpu: 24.91, memory: 48.63, disk: 62.1, fortify_cpu: 19.31, fortify_mem: 32.61, iis_threads: 253, iis_sessions: 1427
[2026-07-30 17:14:32] [INFO] [INFRA_SIMULATOR] windows_servers | Status: Healthy | Metrics: cpu: 20.34, memory: 47.26, disk: 62.1, fortify_cpu: 17.97, fortify_mem: 32.61, iis_threads: 246, iis_sessions: 1429
[2026-07-30 17:14:42] [INFO] [INFRA_SIMULATOR] windows_servers | Status: Healthy | Metrics: cpu: 18.53, memory: 48.41, disk: 62.1, fortify_cpu: 19.29, fortify_mem: 32.41, iis_threads: 251, iis_sessions: 1420
[2026-07-30 17:14:52] [INFO] [INFRA_SIMULATOR] windows_servers | Status: Healthy | Metrics: cpu: 22.5, memory: 47.29, disk: 62.1, fortify_cpu: 19.1, fortify_mem: 32.5, iis_threads: 250, iis_sessions: 1410
[2026-07-30 17:15:02] [INFO] [INFRA_SIMULATOR] windows_servers | Status: Healthy | Metrics: cpu: 25.02, memory: 49.31, disk: 62.1, fortify_cpu: 18.53, fortify_mem: 32.23, iis_threads: 247, iis_sessions: 1428
[2026-07-30 17:15:12] [INFO] [INFRA_SIMULATOR] windows_servers | Status: Healthy | Metrics: cpu: 24.4, memory: 47.59, disk: 62.1, fortify_cpu: 17.78, fortify_mem: 32.48, iis_threads: 252, iis_sessions: 1423
[2026-07-30 17:15:12] [INFO] [LOG_AGENT] [IIS-SERVER] GET /api/health - Client IP: 10.194.22.45 - Status 200 OK (elapsed: 15ms)
[2026-07-30 17:15:22] [INFO] [INFRA_SIMULATOR] windows_servers | Status: Healthy | Metrics: cpu: 22.54, memory: 48.49, disk: 62.1, fortify_cpu: 17.82, fortify_mem: 32.27, iis_threads: 246, iis_sessions: 1423
[2026-07-30 17:15:22] [INFO] [LOG_AGENT] [IIS-SERVER] GET /api/health - Client IP: 10.194.22.45 - Status 200 OK (elapsed: 15ms)
[2026-07-30 17:15:32] [INFO] [INFRA_SIMULATOR] windows_servers | Status: Healthy | Metrics: cpu: 23.17, memory: 47.35, disk: 62.1, fortify_cpu: 18.27, fortify_mem: 32.6, iis_threads: 254, iis_sessions: 1418
[2026-07-30 17:15:32] [INFO] [LOG_AGENT] [IIS-SERVER] GET /api/health - Client IP: 10.194.22.45 - Status 200 OK (elapsed: 15ms)
[2026-07-30 17:15:42] [INFO] [INFRA_SIMULATOR] windows_servers | Status: Healthy | Metrics: cpu: 19.16, memory: 48.07, disk: 62.1, fortify_cpu: 18.08, fortify_mem: 32.34, iis_threads: 245, iis_sessions: 1425
[2026-07-30 17:15:52] [INFO] [INFRA_SIMULATOR] windows_servers | Status: Healthy | Metrics: cpu: 19.11, memory: 48.87, disk: 62.1, fortify_cpu: 18.85, fortify_mem: 32.17, iis_threads: 245, iis_sessions: 1412
[2026-07-30 17:16:02] [INFO] [INFRA_SIMULATOR] windows_servers | Status: Healthy | Metrics: cpu: 25.42, memory: 48.8, disk: 62.1, fortify_cpu: 18.03, fortify_mem: 32.2, iis_threads: 250, iis_sessions: 1422
[2026-07-30 17:16:12] [INFO] [INFRA_SIMULATOR] windows_servers | Status: Healthy | Metrics: cpu: 22.66, memory: 48.28, disk: 62.1, fortify_cpu: 18.33, fortify_mem: 32.46, iis_threads: 245, iis_sessions: 1424
[2026-07-30 17:16:22] [INFO] [INFRA_SIMULATOR] windows_servers | Status: Healthy | Metrics: cpu: 25.73, memory: 48.24, disk: 62.1, fortify_cpu: 17.52, fortify_mem: 32.41, iis_threads: 249, iis_sessions: 1412
[2026-07-30 17:16:32] [INFO] [INFRA_SIMULATOR] windows_servers | Status: Healthy | Metrics: cpu: 21.49, memory: 48.63, disk: 62.1, fortify_cpu: 18.09, fortify_mem: 32.45, iis_threads: 254, iis_sessions: 1425
[2026-07-30 17:16:42] [INFO] [INFRA_SIMULATOR] windows_servers | Status: Healthy | Metrics: cpu: 22.95, memory: 47.33, disk: 62.1, fortify_cpu: 19.4, fortify_mem: 32.59, iis_threads: 251, iis_sessions: 1415
[2026-07-30 17:16:52] [INFO] [INFRA_SIMULATOR] windows_servers | Status: Healthy | Metrics: cpu: 22.96, memory: 47.1, disk: 62.1, fortify_cpu: 17.81, fortify_mem: 32.3, iis_threads: 245, iis_sessions: 1414
[2026-07-30 17:17:02] [INFO] [INFRA_SIMULATOR] windows_servers | Status: Healthy | Metrics: cpu: 20.69, memory: 49.69, disk: 62.1, fortify_cpu: 18.69, fortify_mem: 32.45, iis_threads: 252, iis_sessions: 1414
[2026-07-30 17:17:12] [INFO] [INFRA_SIMULATOR] windows_servers | Status: Healthy | Metrics: cpu: 20.87, memory: 49.83, disk: 62.1, fortify_cpu: 17.9, fortify_mem: 32.42, iis_threads: 245, iis_sessions: 1424
[2026-07-30 17:17:22] [INFO] [INFRA_SIMULATOR] windows_servers | Status: Healthy | Metrics: cpu: 25.65, memory: 49.9, disk: 62.1, fortify_cpu: 18.44, fortify_mem: 32.34, iis_threads: 251, iis_sessions: 1414
[2026-07-30 17:17:32] [INFO] [INFRA_SIMULATOR] windows_servers | Status: Healthy | Metrics: cpu: 20.37, memory: 48.69, disk: 62.1, fortify_cpu: 18.54, fortify_mem: 32.19, iis_threads: 245, iis_sessions: 1425
[2026-07-30 17:17:42] [INFO] [INFRA_SIMULATOR] windows_servers | Status: Healthy | Metrics: cpu: 24.08, memory: 47.33, disk: 62.1, fortify_cpu: 18.83, fortify_mem: 32.29, iis_threads: 250, iis_sessions: 1412
[2026-07-30 17:17:52] [INFO] [INFRA_SIMULATOR] windows_servers | Status: Healthy | Metrics: cpu: 23.6, memory: 47.82, disk: 62.1, fortify_cpu: 19.1, fortify_mem: 32.2, iis_threads: 247, iis_sessions: 1426
[2026-07-30 17:18:02] [INFO] [INFRA_SIMULATOR] windows_servers | Status: Healthy | Metrics: cpu: 25.5, memory: 49, disk: 62.1, fortify_cpu: 17.63, fortify_mem: 32.22, iis_threads: 252, iis_sessions: 1421
[2026-07-30 17:18:12] [INFO] [INFRA_SIMULATOR] windows_servers | Status: Healthy | Metrics: cpu: 22.12, memory: 47.19, disk: 62.1, fortify_cpu: 18.8, fortify_mem: 32.44, iis_threads: 249, iis_sessions: 1427
[2026-07-30 17:18:22] [INFO] [INFRA_SIMULATOR] windows_servers | Status: Healthy | Metrics: cpu: 19.61, memory: 49.63, disk: 62.1, fortify_cpu: 18.28, fortify_mem: 32.46, iis_threads: 247, iis_sessions: 1418
[2026-07-30 17:18:32] [INFO] [INFRA_SIMULATOR] windows_servers | Status: Healthy | Metrics: cpu: 19.02, memory: 49.97, disk: 62.1, fortify_cpu: 17.75, fortify_mem: 32.48, iis_threads: 249, iis_sessions: 1411
[2026-07-30 17:18:32] [INFO] [LOG_AGENT] [IIS-SERVER] GET /api/health - Client IP: 10.194.22.45 - Status 200 OK (elapsed: 15ms)
[2026-07-30 17:18:42] [INFO] [INFRA_SIMULATOR] windows_servers | Status: Healthy | Metrics: cpu: 19.71, memory: 48.89, disk: 62.1, fortify_cpu: 17.83, fortify_mem: 32.27, iis_threads: 248, iis_sessions: 1415
[2026-07-30 17:18:52] [INFO] [INFRA_SIMULATOR] windows_servers | Status: Healthy | Metrics: cpu: 18.7, memory: 48.07, disk: 62.1, fortify_cpu: 19.41, fortify_mem: 32.37, iis_threads: 253, iis_sessions: 1412
[2026-07-30 17:19:02] [INFO] [INFRA_SIMULATOR] windows_servers | Status: Healthy | Metrics: cpu: 24.21, memory: 49.55, disk: 62.1, fortify_cpu: 19.33, fortify_mem: 32.19, iis_threads: 248, iis_sessions: 1428
[2026-07-30 17:19:12] [INFO] [INFRA_SIMULATOR] windows_servers | Status: Healthy | Metrics: cpu: 18.44, memory: 49.75, disk: 62.1, fortify_cpu: 18.73, fortify_mem: 32.33, iis_threads: 251, iis_sessions: 1423
[2026-07-30 17:19:22] [INFO] [INFRA_SIMULATOR] windows_servers | Status: Healthy | Metrics: cpu: 25.02, memory: 47.8, disk: 62.1, fortify_cpu: 18.56, fortify_mem: 32.52, iis_threads: 248, iis_sessions: 1410
[2026-07-30 17:19:23] [INFO] [LOG_AGENT] [IIS-SERVER] GET /api/health - Client IP: 10.194.22.45 - Status 200 OK (elapsed: 15ms)
[2026-07-30 17:19:32] [INFO] [INFRA_SIMULATOR] windows_servers | Status: Healthy | Metrics: cpu: 20.01, memory: 49.3, disk: 62.1, fortify_cpu: 18.5, fortify_mem: 32.22, iis_threads: 253, iis_sessions: 1426
[2026-07-30 17:19:42] [INFO] [INFRA_SIMULATOR] windows_servers | Status: Healthy | Metrics: cpu: 21.06, memory: 48.05, disk: 62.1, fortify_cpu: 19.34, fortify_mem: 32.44, iis_threads: 251, iis_sessions: 1417
[2026-07-30 17:19:52] [INFO] [INFRA_SIMULATOR] windows_servers | Status: Healthy | Metrics: cpu: 22.24, memory: 47.16, disk: 62.1, fortify_cpu: 18.34, fortify_mem: 32.46, iis_threads: 249, iis_sessions: 1429
[2026-07-30 17:20:02] [INFO] [INFRA_SIMULATOR] windows_servers | Status: Healthy | Metrics: cpu: 25.63, memory: 49.31, disk: 62.1, fortify_cpu: 17.81, fortify_mem: 32.42, iis_threads: 253, iis_sessions: 1414
[2026-07-30 17:20:03] [INFO] [LOG_AGENT] [IIS-SERVER] GET /api/health - Client IP: 10.194.22.45 - Status 200 OK (elapsed: 15ms)
[2026-07-30 17:20:12] [INFO] [INFRA_SIMULATOR] windows_servers | Status: Healthy | Metrics: cpu: 21.41, memory: 48.1, disk: 62.1, fortify_cpu: 19.48, fortify_mem: 32.51, iis_threads: 250, iis_sessions: 1419
[2026-07-30 17:20:22] [INFO] [INFRA_SIMULATOR] windows_servers | Status: Healthy | Metrics: cpu: 19.4, memory: 49.31, disk: 62.1, fortify_cpu: 19.05, fortify_mem: 32.24, iis_threads: 247, iis_sessions: 1426
[2026-07-30 17:20:23] [INFO] [LOG_AGENT] [IIS-SERVER] GET /api/health - Client IP: 10.194.22.45 - Status 200 OK (elapsed: 15ms)
[2026-07-30 17:20:33] [INFO] [INFRA_SIMULATOR] windows_servers | Status: Healthy | Metrics: cpu: 21.85, memory: 49.97, disk: 62.1, fortify_cpu: 17.64, fortify_mem: 32.47, iis_threads: 253, iis_sessions: 1412
[2026-07-30 17:20:42] [INFO] [INFRA_SIMULATOR] windows_servers | Status: Healthy | Metrics: cpu: 23.12, memory: 48.82, disk: 62.1, fortify_cpu: 18.28, fortify_mem: 32.29, iis_threads: 250, iis_sessions: 1416
[2026-07-30 17:20:43] [INFO] [LOG_AGENT] [IIS-SERVER] GET /api/health - Client IP: 10.194.22.45 - Status 200 OK (elapsed: 15ms)
[2026-07-30 17:20:52] [INFO] [INFRA_SIMULATOR] windows_servers | Status: Healthy | Metrics: cpu: 21.67, memory: 49.07, disk: 62.1, fortify_cpu: 18.17, fortify_mem: 32.58, iis_threads: 246, iis_sessions: 1412
[2026-07-30 17:21:02] [INFO] [INFRA_SIMULATOR] windows_servers | Status: Healthy | Metrics: cpu: 24.9, memory: 48.19, disk: 62.1, fortify_cpu: 17.61, fortify_mem: 32.32, iis_threads: 245, iis_sessions: 1411
[2026-07-30 17:21:03] [INFO] [LOG_AGENT] [IIS-SERVER] GET /api/health - Client IP: 10.194.22.45 - Status 200 OK (elapsed: 15ms)
[2026-07-30 17:21:12] [INFO] [INFRA_SIMULATOR] windows_servers | Status: Healthy | Metrics: cpu: 25.78, memory: 47.78, disk: 62.1, fortify_cpu: 17.87, fortify_mem: 32.15, iis_threads: 246, iis_sessions: 1411
[2026-07-30 17:21:22] [INFO] [INFRA_SIMULATOR] windows_servers | Status: Healthy | Metrics: cpu: 18.74, memory: 48.59, disk: 62.1, fortify_cpu: 18.4, fortify_mem: 32.53, iis_threads: 246, iis_sessions: 1411
[2026-07-30 17:21:23] [INFO] [LOG_AGENT] [IIS-SERVER] GET /api/health - Client IP: 10.194.22.45 - Status 200 OK (elapsed: 15ms)
[2026-07-30 17:21:33] [INFO] [INFRA_SIMULATOR] windows_servers | Status: Healthy | Metrics: cpu: 19.15, memory: 49.8, disk: 62.1, fortify_cpu: 18.79, fortify_mem: 32.28, iis_threads: 252, iis_sessions: 1427
[2026-07-30 17:21:43] [INFO] [INFRA_SIMULATOR] windows_servers | Status: Healthy | Metrics: cpu: 21.02, memory: 48, disk: 62.1, fortify_cpu: 17.65, fortify_mem: 32.26, iis_threads: 251, iis_sessions: 1425
[2026-07-30 17:21:53] [INFO] [INFRA_SIMULATOR] windows_servers | Status: Healthy | Metrics: cpu: 20.62, memory: 48.12, disk: 62.1, fortify_cpu: 18.06, fortify_mem: 32.61, iis_threads: 250, iis_sessions: 1421
[2026-07-30 17:22:02] [INFO] [INFRA_SIMULATOR] windows_servers | Status: Healthy | Metrics: cpu: 19.4, memory: 48.09, disk: 62.1, fortify_cpu: 19.05, fortify_mem: 32.57, iis_threads: 248, iis_sessions: 1422
[2026-07-30 17:22:13] [INFO] [INFRA_SIMULATOR] windows_servers | Status: Healthy | Metrics: cpu: 21.87, memory: 47.64, disk: 62.1, fortify_cpu: 19.21, fortify_mem: 32.5, iis_threads: 253, iis_sessions: 1411
[2026-07-30 17:22:13] [INFO] [LOG_AGENT] [IIS-SERVER] GET /api/health - Client IP: 10.194.22.45 - Status 200 OK (elapsed: 15ms)
[2026-07-30 17:22:23] [INFO] [INFRA_SIMULATOR] windows_servers | Status: Healthy | Metrics: cpu: 24.07, memory: 48.83, disk: 62.1, fortify_cpu: 17.51, fortify_mem: 32.25, iis_threads: 245, iis_sessions: 1413
[2026-07-30 17:22:23] [INFO] [LOG_AGENT] [IIS-SERVER] GET /api/health - Client IP: 10.194.22.45 - Status 200 OK (elapsed: 15ms)
[2026-07-30 17:22:33] [INFO] [INFRA_SIMULATOR] windows_servers | Status: Healthy | Metrics: cpu: 22.5, memory: 49.36, disk: 62.1, fortify_cpu: 18.37, fortify_mem: 32.48, iis_threads: 246, iis_sessions: 1420
[2026-07-30 17:22:43] [INFO] [INFRA_SIMULATOR] windows_servers | Status: Healthy | Metrics: cpu: 22.57, memory: 47.34, disk: 62.1, fortify_cpu: 18.66, fortify_mem: 32.37, iis_threads: 245, iis_sessions: 1412
[2026-07-30 17:22:43] [INFO] [LOG_AGENT] [IIS-SERVER] GET /api/health - Client IP: 10.194.22.45 - Status 200 OK (elapsed: 15ms)
[2026-07-30 17:22:53] [INFO] [INFRA_SIMULATOR] windows_servers | Status: Healthy | Metrics: cpu: 25.48, memory: 49.4, disk: 62.1, fortify_cpu: 17.68, fortify_mem: 32.34, iis_threads: 254, iis_sessions: 1427
[2026-07-30 17:24:32] [INFO] [INFRA_SIMULATOR] windows_servers | Status: Healthy | Metrics: cpu: 18.66, memory: 48.37, disk: 62.1, fortify_cpu: 19.44, fortify_mem: 32.44, iis_threads: 253, iis_sessions: 1420
[2026-07-30 17:24:32] [INFO] [LOG_AGENT] [IIS-SERVER] GET /api/health - Client IP: 10.194.22.45 - Status 200 OK (elapsed: 15ms)
[2026-07-30 17:24:43] [INFO] [INFRA_SIMULATOR] windows_servers | Status: Healthy | Metrics: cpu: 22.42, memory: 47.89, disk: 62.1, fortify_cpu: 19.11, fortify_mem: 32.31, iis_threads: 251, iis_sessions: 1413
[2026-07-30 17:24:43] [INFO] [LOG_AGENT] [IIS-SERVER] GET /api/health - Client IP: 10.194.22.45 - Status 200 OK (elapsed: 15ms)
[2026-07-30 17:24:53] [INFO] [INFRA_SIMULATOR] windows_servers | Status: Healthy | Metrics: cpu: 25.63, memory: 48.84, disk: 62.1, fortify_cpu: 18.96, fortify_mem: 32.43, iis_threads: 252, iis_sessions: 1420
[2026-07-30 17:25:03] [INFO] [INFRA_SIMULATOR] windows_servers | Status: Healthy | Metrics: cpu: 20.49, memory: 47.67, disk: 62.1, fortify_cpu: 19.19, fortify_mem: 32.31, iis_threads: 254, iis_sessions: 1422
[2026-07-30 17:25:12] [INFO] [INFRA_SIMULATOR] windows_servers | Status: Healthy | Metrics: cpu: 20.81, memory: 47.47, disk: 62.1, fortify_cpu: 19.02, fortify_mem: 32.65, iis_threads: 252, iis_sessions: 1422
[2026-07-30 17:25:22] [INFO] [INFRA_SIMULATOR] windows_servers | Status: Healthy | Metrics: cpu: 24.86, memory: 49.13, disk: 62.1, fortify_cpu: 17.59, fortify_mem: 32.54, iis_threads: 246, iis_sessions: 1426
[2026-07-30 17:25:32] [INFO] [INFRA_SIMULATOR] windows_servers | Status: Healthy | Metrics: cpu: 23.59, memory: 49.95, disk: 62.1, fortify_cpu: 18.28, fortify_mem: 32.24, iis_threads: 247, iis_sessions: 1426
[2026-07-30 17:25:42] [INFO] [INFRA_SIMULATOR] windows_servers | Status: Healthy | Metrics: cpu: 23.35, memory: 48.58, disk: 62.1, fortify_cpu: 17.62, fortify_mem: 32.41, iis_threads: 246, iis_sessions: 1426
[2026-07-30 17:25:52] [INFO] [INFRA_SIMULATOR] windows_servers | Status: Healthy | Metrics: cpu: 23.99, memory: 49.74, disk: 62.1, fortify_cpu: 18.8, fortify_mem: 32.16, iis_threads: 245, iis_sessions: 1419
[2026-07-30 17:26:02] [INFO] [INFRA_SIMULATOR] windows_servers | Status: Healthy | Metrics: cpu: 20.85, memory: 49.64, disk: 62.1, fortify_cpu: 19.08, fortify_mem: 32.64, iis_threads: 250, iis_sessions: 1417
[2026-07-30 17:26:12] [INFO] [INFRA_SIMULATOR] windows_servers | Status: Healthy | Metrics: cpu: 22.63, memory: 49.87, disk: 62.1, fortify_cpu: 19.15, fortify_mem: 32.59, iis_threads: 246, iis_sessions: 1417
[2026-07-30 17:26:12] [INFO] [LOG_AGENT] [IIS-SERVER] GET /api/health - Client IP: 10.194.22.45 - Status 200 OK (elapsed: 15ms)
[2026-07-30 17:26:22] [INFO] [INFRA_SIMULATOR] windows_servers | Status: Healthy | Metrics: cpu: 25.18, memory: 48.06, disk: 62.1, fortify_cpu: 19.31, fortify_mem: 32.62, iis_threads: 251, iis_sessions: 1424
[2026-07-30 17:26:32] [INFO] [INFRA_SIMULATOR] windows_servers | Status: Healthy | Metrics: cpu: 25.45, memory: 48.51, disk: 62.1, fortify_cpu: 18.75, fortify_mem: 32.45, iis_threads: 250, iis_sessions: 1424
[2026-07-30 17:26:42] [INFO] [INFRA_SIMULATOR] windows_servers | Status: Healthy | Metrics: cpu: 22.46, memory: 49.84, disk: 62.1, fortify_cpu: 17.7, fortify_mem: 32.49, iis_threads: 253, iis_sessions: 1410
[2026-07-30 17:26:52] [INFO] [INFRA_SIMULATOR] windows_servers | Status: Healthy | Metrics: cpu: 23.75, memory: 49, disk: 62.1, fortify_cpu: 19.13, fortify_mem: 32.34, iis_threads: 254, iis_sessions: 1419
[2026-07-30 17:26:53] [INFO] [LOG_AGENT] [IIS-SERVER] GET /api/health - Client IP: 10.194.22.45 - Status 200 OK (elapsed: 15ms)
[2026-07-30 17:27:02] [INFO] [INFRA_SIMULATOR] windows_servers | Status: Healthy | Metrics: cpu: 25.39, memory: 47.32, disk: 62.1, fortify_cpu: 18.75, fortify_mem: 32.62, iis_threads: 249, iis_sessions: 1425
[2026-07-30 17:27:12] [INFO] [INFRA_SIMULATOR] windows_servers | Status: Healthy | Metrics: cpu: 18.77, memory: 49.36, disk: 62.1, fortify_cpu: 19.31, fortify_mem: 32.54, iis_threads: 253, iis_sessions: 1414
[2026-07-30 17:27:22] [INFO] [INFRA_SIMULATOR] windows_servers | Status: Healthy | Metrics: cpu: 21.78, memory: 47.13, disk: 62.1, fortify_cpu: 18.71, fortify_mem: 32.49, iis_threads: 249, iis_sessions: 1422
[2026-07-30 17:27:32] [INFO] [INFRA_SIMULATOR] windows_servers | Status: Healthy | Metrics: cpu: 19.77, memory: 49.35, disk: 62.1, fortify_cpu: 19.14, fortify_mem: 32.35, iis_threads: 254, iis_sessions: 1421
[2026-07-30 17:27:43] [INFO] [INFRA_SIMULATOR] windows_servers | Status: Healthy | Metrics: cpu: 19.67, memory: 49.85, disk: 62.1, fortify_cpu: 18.24, fortify_mem: 32.5, iis_threads: 248, iis_sessions: 1419
[2026-07-30 17:27:52] [INFO] [INFRA_SIMULATOR] windows_servers | Status: Healthy | Metrics: cpu: 18.83, memory: 49.48, disk: 62.1, fortify_cpu: 18.67, fortify_mem: 32.58, iis_threads: 246, iis_sessions: 1411
[2026-07-30 17:28:03] [INFO] [INFRA_SIMULATOR] windows_servers | Status: Healthy | Metrics: cpu: 20.66, memory: 47.3, disk: 62.1, fortify_cpu: 18.35, fortify_mem: 32.23, iis_threads: 250, iis_sessions: 1423
[2026-07-30 17:28:13] [INFO] [INFRA_SIMULATOR] windows_servers | Status: Healthy | Metrics: cpu: 22.31, memory: 49.68, disk: 62.1, fortify_cpu: 18.08, fortify_mem: 32.56, iis_threads: 254, iis_sessions: 1421
[2026-07-30 17:28:13] [INFO] [LOG_AGENT] [IIS-SERVER] GET /api/health - Client IP: 10.194.22.45 - Status 200 OK (elapsed: 15ms)
[2026-07-30 17:28:22] [INFO] [INFRA_SIMULATOR] windows_servers | Status: Healthy | Metrics: cpu: 20.33, memory: 49.8, disk: 62.1, fortify_cpu: 18.89, fortify_mem: 32.49, iis_threads: 253, iis_sessions: 1410
[2026-07-30 17:28:23] [INFO] [LOG_AGENT] [IIS-SERVER] GET /api/health - Client IP: 10.194.22.45 - Status 200 OK (elapsed: 15ms)
[2026-07-30 17:28:32] [INFO] [INFRA_SIMULATOR] windows_servers | Status: Healthy | Metrics: cpu: 24.55, memory: 47.5, disk: 62.1, fortify_cpu: 19.14, fortify_mem: 32.43, iis_threads: 245, iis_sessions: 1412
[2026-07-30 17:28:43] [INFO] [INFRA_SIMULATOR] windows_servers | Status: Healthy | Metrics: cpu: 24.6, memory: 48.66, disk: 62.1, fortify_cpu: 18.82, fortify_mem: 32.24, iis_threads: 252, iis_sessions: 1421
[2026-07-30 17:28:53] [INFO] [INFRA_SIMULATOR] windows_servers | Status: Healthy | Metrics: cpu: 18.73, memory: 48.49, disk: 62.1, fortify_cpu: 19.26, fortify_mem: 32.29, iis_threads: 246, iis_sessions: 1414
[2026-07-30 17:28:53] [INFO] [LOG_AGENT] [IIS-SERVER] GET /api/health - Client IP: 10.194.22.45 - Status 200 OK (elapsed: 15ms)
[2026-07-30 17:29:03] [INFO] [INFRA_SIMULATOR] windows_servers | Status: Healthy | Metrics: cpu: 21.39, memory: 49.46, disk: 62.1, fortify_cpu: 19.26, fortify_mem: 32.37, iis_threads: 249, iis_sessions: 1420
[2026-07-30 17:29:03] [INFO] [LOG_AGENT] [IIS-SERVER] GET /api/health - Client IP: 10.194.22.45 - Status 200 OK (elapsed: 15ms)
[2026-07-30 17:29:13] [INFO] [INFRA_SIMULATOR] windows_servers | Status: Healthy | Metrics: cpu: 19.05, memory: 47.81, disk: 62.1, fortify_cpu: 17.94, fortify_mem: 32.26, iis_threads: 247, iis_sessions: 1413
[2026-07-30 17:29:23] [INFO] [INFRA_SIMULATOR] windows_servers | Status: Healthy | Metrics: cpu: 25.5, memory: 48.7, disk: 62.1, fortify_cpu: 17.79, fortify_mem: 32.55, iis_threads: 252, iis_sessions: 1428
[2026-07-30 17:29:33] [INFO] [INFRA_SIMULATOR] windows_servers | Status: Healthy | Metrics: cpu: 25.63, memory: 48.98, disk: 62.1, fortify_cpu: 18.07, fortify_mem: 32.36, iis_threads: 250, iis_sessions: 1423
[2026-07-30 17:29:43] [INFO] [INFRA_SIMULATOR] windows_servers | Status: Healthy | Metrics: cpu: 21.4, memory: 48.83, disk: 62.1, fortify_cpu: 17.55, fortify_mem: 32.6, iis_threads: 248, iis_sessions: 1412
[2026-07-30 17:29:53] [INFO] [INFRA_SIMULATOR] windows_servers | Status: Healthy | Metrics: cpu: 25.63, memory: 47.77, disk: 62.1, fortify_cpu: 18.94, fortify_mem: 32.17, iis_threads: 246, iis_sessions: 1422
[2026-07-30 17:30:03] [INFO] [INFRA_SIMULATOR] windows_servers | Status: Healthy | Metrics: cpu: 26.16, memory: 47.63, disk: 62.1, fortify_cpu: 17.54, fortify_mem: 32.19, iis_threads: 250, iis_sessions: 1412
[2026-07-30 17:30:13] [INFO] [INFRA_SIMULATOR] windows_servers | Status: Healthy | Metrics: cpu: 18.89, memory: 49.16, disk: 62.1, fortify_cpu: 18.41, fortify_mem: 32.24, iis_threads: 247, iis_sessions: 1416
[2026-07-30 17:30:23] [INFO] [INFRA_SIMULATOR] windows_servers | Status: Healthy | Metrics: cpu: 18.54, memory: 47.45, disk: 62.1, fortify_cpu: 17.57, fortify_mem: 32.65, iis_threads: 246, iis_sessions: 1426
[2026-07-30 17:30:33] [INFO] [INFRA_SIMULATOR] windows_servers | Status: Healthy | Metrics: cpu: 18.95, memory: 49.29, disk: 62.1, fortify_cpu: 18.26, fortify_mem: 32.58, iis_threads: 250, iis_sessions: 1417
[2026-07-30 17:30:43] [INFO] [INFRA_SIMULATOR] windows_servers | Status: Healthy | Metrics: cpu: 20.16, memory: 50.06, disk: 62.1, fortify_cpu: 18.53, fortify_mem: 32.27, iis_threads: 247, iis_sessions: 1418
[2026-07-30 17:30:53] [INFO] [INFRA_SIMULATOR] windows_servers | Status: Healthy | Metrics: cpu: 22.06, memory: 47.23, disk: 62.1, fortify_cpu: 18.65, fortify_mem: 32.38, iis_threads: 254, iis_sessions: 1416
[2026-07-30 17:31:03] [INFO] [INFRA_SIMULATOR] windows_servers | Status: Healthy | Metrics: cpu: 18.58, memory: 48.79, disk: 62.1, fortify_cpu: 18.47, fortify_mem: 32.35, iis_threads: 249, iis_sessions: 1410
[2026-07-30 17:31:13] [INFO] [INFRA_SIMULATOR] windows_servers | Status: Healthy | Metrics: cpu: 24.42, memory: 50.02, disk: 62.1, fortify_cpu: 19.19, fortify_mem: 32.17, iis_threads: 251, iis_sessions: 1420
[2026-07-30 17:31:13] [INFO] [LOG_AGENT] [IIS-SERVER] GET /api/health - Client IP: 10.194.22.45 - Status 200 OK (elapsed: 15ms)
[2026-07-30 17:31:23] [INFO] [INFRA_SIMULATOR] windows_servers | Status: Healthy | Metrics: cpu: 23.16, memory: 48.84, disk: 62.1, fortify_cpu: 19.08, fortify_mem: 32.24, iis_threads: 245, iis_sessions: 1420
[2026-07-30 17:31:33] [INFO] [INFRA_SIMULATOR] windows_servers | Status: Healthy | Metrics: cpu: 23.46, memory: 49.81, disk: 62.1, fortify_cpu: 18.34, fortify_mem: 32.16, iis_threads: 246, iis_sessions: 1425
[2026-07-30 17:31:43] [INFO] [INFRA_SIMULATOR] windows_servers | Status: Healthy | Metrics: cpu: 21.9, memory: 49.2, disk: 62.1, fortify_cpu: 19.08, fortify_mem: 32.6, iis_threads: 248, iis_sessions: 1410
[2026-07-30 17:31:53] [INFO] [INFRA_SIMULATOR] windows_servers | Status: Healthy | Metrics: cpu: 21.91, memory: 49.21, disk: 62.1, fortify_cpu: 18.44, fortify_mem: 32.37, iis_threads: 249, iis_sessions: 1415
[2026-07-30 17:32:03] [INFO] [INFRA_SIMULATOR] windows_servers | Status: Healthy | Metrics: cpu: 21.44, memory: 49.36, disk: 62.1, fortify_cpu: 18.33, fortify_mem: 32.59, iis_threads: 252, iis_sessions: 1414
[2026-07-30 17:32:13] [INFO] [INFRA_SIMULATOR] windows_servers | Status: Healthy | Metrics: cpu: 19.12, memory: 48.61, disk: 62.1, fortify_cpu: 18.04, fortify_mem: 32.3, iis_threads: 245, iis_sessions: 1425
[2026-07-30 17:32:23] [INFO] [INFRA_SIMULATOR] windows_servers | Status: Healthy | Metrics: cpu: 22.77, memory: 47.52, disk: 62.1, fortify_cpu: 18.71, fortify_mem: 32.62, iis_threads: 249, iis_sessions: 1423
[2026-07-30 17:32:23] [INFO] [LOG_AGENT] [IIS-SERVER] GET /api/health - Client IP: 10.194.22.45 - Status 200 OK (elapsed: 15ms)
[2026-07-30 17:32:33] [INFO] [INFRA_SIMULATOR] windows_servers | Status: Healthy | Metrics: cpu: 20.97, memory: 49.55, disk: 62.1, fortify_cpu: 19.05, fortify_mem: 32.17, iis_threads: 253, iis_sessions: 1414
[2026-07-30 17:32:43] [INFO] [INFRA_SIMULATOR] windows_servers | Status: Healthy | Metrics: cpu: 25.7, memory: 47.51, disk: 62.1, fortify_cpu: 18.09, fortify_mem: 32.16, iis_threads: 251, iis_sessions: 1417
[2026-07-30 17:32:53] [INFO] [INFRA_SIMULATOR] windows_servers | Status: Healthy | Metrics: cpu: 22.23, memory: 49.68, disk: 62.1, fortify_cpu: 19.22, fortify_mem: 32.21, iis_threads: 246, iis_sessions: 1426
[2026-07-30 17:33:03] [INFO] [INFRA_SIMULATOR] windows_servers | Status: Healthy | Metrics: cpu: 21.82, memory: 48.48, disk: 62.1, fortify_cpu: 19.36, fortify_mem: 32.33, iis_threads: 254, iis_sessions: 1429
[2026-07-30 17:33:03] [INFO] [LOG_AGENT] [IIS-SERVER] GET /api/health - Client IP: 10.194.22.45 - Status 200 OK (elapsed: 15ms)
[2026-07-30 17:33:03] [INFO] [LOG_AGENT] [IIS-SERVER] GET /api/health - Client IP: 10.194.22.45 - Status 200 OK (elapsed: 15ms)
[2026-07-30 17:33:13] [INFO] [INFRA_SIMULATOR] windows_servers | Status: Healthy | Metrics: cpu: 24.85, memory: 47.26, disk: 62.1, fortify_cpu: 18.55, fortify_mem: 32.32, iis_threads: 248, iis_sessions: 1427
[2026-07-30 17:33:23] [INFO] [INFRA_SIMULATOR] windows_servers | Status: Healthy | Metrics: cpu: 22.71, memory: 49.84, disk: 62.1, fortify_cpu: 18.7, fortify_mem: 32.42, iis_threads: 245, iis_sessions: 1416
[2026-07-30 17:33:23] [INFO] [LOG_AGENT] [IIS-SERVER] GET /api/health - Client IP: 10.194.22.45 - Status 200 OK (elapsed: 15ms)
[2026-07-30 17:33:33] [INFO] [INFRA_SIMULATOR] windows_servers | Status: Healthy | Metrics: cpu: 25.84, memory: 48.23, disk: 62.1, fortify_cpu: 18.03, fortify_mem: 32.49, iis_threads: 245, iis_sessions: 1428
[2026-07-30 17:33:43] [INFO] [INFRA_SIMULATOR] windows_servers | Status: Healthy | Metrics: cpu: 21.7, memory: 47.8, disk: 62.1, fortify_cpu: 19.13, fortify_mem: 32.51, iis_threads: 252, iis_sessions: 1423
[2026-07-30 17:33:53] [INFO] [INFRA_SIMULATOR] windows_servers | Status: Healthy | Metrics: cpu: 22.14, memory: 47.78, disk: 62.1, fortify_cpu: 18.34, fortify_mem: 32.24, iis_threads: 254, iis_sessions: 1417
[2026-07-30 17:34:03] [INFO] [INFRA_SIMULATOR] windows_servers | Status: Healthy | Metrics: cpu: 26.22, memory: 47.5, disk: 62.1, fortify_cpu: 19.07, fortify_mem: 32.37, iis_threads: 245, iis_sessions: 1427
[2026-07-30 17:34:13] [INFO] [INFRA_SIMULATOR] windows_servers | Status: Healthy | Metrics: cpu: 23.87, memory: 48.03, disk: 62.1, fortify_cpu: 18.42, fortify_mem: 32.37, iis_threads: 246, iis_sessions: 1418
[2026-07-30 17:34:23] [INFO] [INFRA_SIMULATOR] windows_servers | Status: Healthy | Metrics: cpu: 23.63, memory: 47.3, disk: 62.1, fortify_cpu: 17.64, fortify_mem: 32.62, iis_threads: 250, iis_sessions: 1412
[2026-07-30 17:34:33] [INFO] [INFRA_SIMULATOR] windows_servers | Status: Healthy | Metrics: cpu: 20.97, memory: 47.41, disk: 62.1, fortify_cpu: 17.95, fortify_mem: 32.64, iis_threads: 249, iis_sessions: 1418
[2026-07-30 17:34:43] [INFO] [INFRA_SIMULATOR] windows_servers | Status: Healthy | Metrics: cpu: 21.3, memory: 47.51, disk: 62.1, fortify_cpu: 19.37, fortify_mem: 32.44, iis_threads: 252, iis_sessions: 1422
[2026-07-30 17:34:53] [INFO] [INFRA_SIMULATOR] windows_servers | Status: Healthy | Metrics: cpu: 20.42, memory: 49.56, disk: 62.1, fortify_cpu: 18.72, fortify_mem: 32.63, iis_threads: 252, iis_sessions: 1417
[2026-07-30 17:35:03] [INFO] [INFRA_SIMULATOR] windows_servers | Status: Healthy | Metrics: cpu: 22.67, memory: 47.73, disk: 62.1, fortify_cpu: 19.38, fortify_mem: 32.45, iis_threads: 246, iis_sessions: 1419
[2026-07-30 17:35:03] [INFO] [LOG_AGENT] [IIS-SERVER] GET /api/health - Client IP: 10.194.22.45 - Status 200 OK (elapsed: 15ms)
[2026-07-30 17:35:13] [INFO] [INFRA_SIMULATOR] windows_servers | Status: Healthy | Metrics: cpu: 23.82, memory: 48.42, disk: 62.1, fortify_cpu: 18.1, fortify_mem: 32.39, iis_threads: 254, iis_sessions: 1411
[2026-07-30 17:35:23] [INFO] [INFRA_SIMULATOR] windows_servers | Status: Healthy | Metrics: cpu: 23.15, memory: 49.16, disk: 62.1, fortify_cpu: 18.9, fortify_mem: 32.35, iis_threads: 246, iis_sessions: 1423
[2026-07-30 17:35:33] [INFO] [INFRA_SIMULATOR] windows_servers | Status: Healthy | Metrics: cpu: 25.61, memory: 49.13, disk: 62.1, fortify_cpu: 17.6, fortify_mem: 32.46, iis_threads: 252, iis_sessions: 1417
[2026-07-30 17:35:43] [INFO] [INFRA_SIMULATOR] windows_servers | Status: Healthy | Metrics: cpu: 20.94, memory: 50.08, disk: 62.1, fortify_cpu: 19.34, fortify_mem: 32.23, iis_threads: 252, iis_sessions: 1428
[2026-07-30 17:35:53] [INFO] [INFRA_SIMULATOR] windows_servers | Status: Healthy | Metrics: cpu: 24.55, memory: 49.46, disk: 62.1, fortify_cpu: 18.54, fortify_mem: 32.52, iis_threads: 246, iis_sessions: 1410
[2026-07-30 17:36:03] [INFO] [INFRA_SIMULATOR] windows_servers | Status: Healthy | Metrics: cpu: 23.72, memory: 49, disk: 62.1, fortify_cpu: 18.17, fortify_mem: 32.61, iis_threads: 254, iis_sessions: 1414
[2026-07-30 17:36:13] [INFO] [INFRA_SIMULATOR] windows_servers | Status: Healthy | Metrics: cpu: 24.04, memory: 50, disk: 62.1, fortify_cpu: 18.59, fortify_mem: 32.46, iis_threads: 247, iis_sessions: 1427
[2026-07-30 17:36:23] [INFO] [INFRA_SIMULATOR] windows_servers | Status: Healthy | Metrics: cpu: 22.78, memory: 47.79, disk: 62.1, fortify_cpu: 18.01, fortify_mem: 32.29, iis_threads: 249, iis_sessions: 1426
[2026-07-30 17:36:33] [INFO] [INFRA_SIMULATOR] windows_servers | Status: Healthy | Metrics: cpu: 24.91, memory: 49.53, disk: 62.1, fortify_cpu: 19.27, fortify_mem: 32.63, iis_threads: 246, iis_sessions: 1427
[2026-07-30 17:36:33] [INFO] [LOG_AGENT] [IIS-SERVER] GET /api/health - Client IP: 10.194.22.45 - Status 200 OK (elapsed: 15ms)
[2026-07-30 17:36:43] [INFO] [INFRA_SIMULATOR] windows_servers | Status: Healthy | Metrics: cpu: 21.48, memory: 48.95, disk: 62.1, fortify_cpu: 18.33, fortify_mem: 32.62, iis_threads: 251, iis_sessions: 1414
[2026-07-30 17:36:53] [INFO] [INFRA_SIMULATOR] windows_servers | Status: Healthy | Metrics: cpu: 26.4, memory: 48.52, disk: 62.1, fortify_cpu: 17.81, fortify_mem: 32.62, iis_threads: 252, iis_sessions: 1420
[2026-07-30 17:37:03] [INFO] [INFRA_SIMULATOR] windows_servers | Status: Healthy | Metrics: cpu: 19.52, memory: 48.05, disk: 62.1, fortify_cpu: 18.39, fortify_mem: 32.2, iis_threads: 253, iis_sessions: 1425
[2026-07-30 17:37:13] [INFO] [INFRA_SIMULATOR] windows_servers | Status: Healthy | Metrics: cpu: 24.59, memory: 47.35, disk: 62.1, fortify_cpu: 18.81, fortify_mem: 32.57, iis_threads: 247, iis_sessions: 1426
[2026-07-30 17:37:23] [INFO] [INFRA_SIMULATOR] windows_servers | Status: Healthy | Metrics: cpu: 23.13, memory: 47.28, disk: 62.1, fortify_cpu: 18.88, fortify_mem: 32.18, iis_threads: 250, iis_sessions: 1423
[2026-07-30 17:37:33] [INFO] [INFRA_SIMULATOR] windows_servers | Status: Healthy | Metrics: cpu: 19.41, memory: 49.85, disk: 62.1, fortify_cpu: 18.2, fortify_mem: 32.26, iis_threads: 246, iis_sessions: 1428
[2026-07-30 17:37:43] [INFO] [INFRA_SIMULATOR] windows_servers | Status: Healthy | Metrics: cpu: 18.66, memory: 47.94, disk: 62.1, fortify_cpu: 19.17, fortify_mem: 32.41, iis_threads: 248, iis_sessions: 1412
[2026-07-30 17:37:53] [INFO] [INFRA_SIMULATOR] windows_servers | Status: Healthy | Metrics: cpu: 21.06, memory: 49.74, disk: 62.1, fortify_cpu: 17.65, fortify_mem: 32.26, iis_threads: 248, iis_sessions: 1414
[2026-07-30 17:37:53] [INFO] [LOG_AGENT] [IIS-SERVER] GET /api/health - Client IP: 10.194.22.45 - Status 200 OK (elapsed: 15ms)
[2026-07-30 17:38:03] [INFO] [INFRA_SIMULATOR] windows_servers | Status: Healthy | Metrics: cpu: 23.42, memory: 48.34, disk: 62.1, fortify_cpu: 19, fortify_mem: 32.54, iis_threads: 249, iis_sessions: 1429
[2026-07-30 17:38:03] [INFO] [LOG_AGENT] [IIS-SERVER] GET /api/health - Client IP: 10.194.22.45 - Status 200 OK (elapsed: 15ms)
[2026-07-30 17:38:13] [INFO] [INFRA_SIMULATOR] windows_servers | Status: Healthy | Metrics: cpu: 21.77, memory: 48.62, disk: 62.1, fortify_cpu: 17.64, fortify_mem: 32.46, iis_threads: 248, iis_sessions: 1410
[2026-07-30 17:38:23] [INFO] [INFRA_SIMULATOR] windows_servers | Status: Healthy | Metrics: cpu: 21.82, memory: 49.8, disk: 62.1, fortify_cpu: 18.87, fortify_mem: 32.21, iis_threads: 245, iis_sessions: 1422
[2026-07-30 17:38:33] [INFO] [INFRA_SIMULATOR] windows_servers | Status: Healthy | Metrics: cpu: 22.33, memory: 50.03, disk: 62.1, fortify_cpu: 18.9, fortify_mem: 32.49, iis_threads: 250, iis_sessions: 1423
[2026-07-30 17:38:33] [INFO] [LOG_AGENT] [IIS-SERVER] GET /api/health - Client IP: 10.194.22.45 - Status 200 OK (elapsed: 15ms)
[2026-07-30 17:38:43] [INFO] [INFRA_SIMULATOR] windows_servers | Status: Healthy | Metrics: cpu: 18.75, memory: 47.8, disk: 62.1, fortify_cpu: 19.03, fortify_mem: 32.5, iis_threads: 249, iis_sessions: 1416
[2026-07-30 17:38:53] [INFO] [INFRA_SIMULATOR] windows_servers | Status: Healthy | Metrics: cpu: 21.63, memory: 48.42, disk: 62.1, fortify_cpu: 19.22, fortify_mem: 32.56, iis_threads: 246, iis_sessions: 1428
[2026-07-30 17:39:03] [INFO] [INFRA_SIMULATOR] windows_servers | Status: Healthy | Metrics: cpu: 23.38, memory: 47.7, disk: 62.1, fortify_cpu: 17.53, fortify_mem: 32.18, iis_threads: 248, iis_sessions: 1420
[2026-07-30 17:39:13] [INFO] [INFRA_SIMULATOR] windows_servers | Status: Healthy | Metrics: cpu: 20.53, memory: 48.48, disk: 62.1, fortify_cpu: 19.28, fortify_mem: 32.26, iis_threads: 247, iis_sessions: 1422
[2026-07-30 17:39:23] [INFO] [INFRA_SIMULATOR] windows_servers | Status: Healthy | Metrics: cpu: 23.96, memory: 48.24, disk: 62.1, fortify_cpu: 19.22, fortify_mem: 32.35, iis_threads: 248, iis_sessions: 1411
[2026-07-30 17:39:33] [INFO] [INFRA_SIMULATOR] windows_servers | Status: Healthy | Metrics: cpu: 23.84, memory: 47.68, disk: 62.1, fortify_cpu: 17.77, fortify_mem: 32.38, iis_threads: 248, iis_sessions: 1425
[2026-07-30 17:39:43] [INFO] [INFRA_SIMULATOR] windows_servers | Status: Healthy | Metrics: cpu: 19.67, memory: 48.59, disk: 62.1, fortify_cpu: 19.48, fortify_mem: 32.32, iis_threads: 250, iis_sessions: 1414
[2026-07-30 17:39:43] [INFO] [LOG_AGENT] [IIS-SERVER] GET /api/health - Client IP: 10.194.22.45 - Status 200 OK (elapsed: 15ms)
[2026-07-30 17:39:53] [INFO] [INFRA_SIMULATOR] windows_servers | Status: Healthy | Metrics: cpu: 18.64, memory: 49.61, disk: 62.1, fortify_cpu: 19.06, fortify_mem: 32.35, iis_threads: 248, iis_sessions: 1412
[2026-07-30 17:40:03] [INFO] [INFRA_SIMULATOR] windows_servers | Status: Healthy | Metrics: cpu: 19.85, memory: 48.06, disk: 62.1, fortify_cpu: 18.7, fortify_mem: 32.42, iis_threads: 246, iis_sessions: 1428
[2026-07-30 17:40:03] [INFO] [LOG_AGENT] [IIS-SERVER] GET /api/health - Client IP: 10.194.22.45 - Status 200 OK (elapsed: 15ms)
[2026-07-30 17:40:13] [INFO] [INFRA_SIMULATOR] windows_servers | Status: Healthy | Metrics: cpu: 23.13, memory: 49.68, disk: 62.1, fortify_cpu: 19.22, fortify_mem: 32.36, iis_threads: 247, iis_sessions: 1427
[2026-07-30 17:40:23] [INFO] [INFRA_SIMULATOR] windows_servers | Status: Healthy | Metrics: cpu: 18.59, memory: 48.95, disk: 62.1, fortify_cpu: 18.67, fortify_mem: 32.3, iis_threads: 248, iis_sessions: 1422
[2026-07-30 17:40:33] [INFO] [INFRA_SIMULATOR] windows_servers | Status: Healthy | Metrics: cpu: 25.14, memory: 48.35, disk: 62.1, fortify_cpu: 17.57, fortify_mem: 32.28, iis_threads: 248, iis_sessions: 1426
[2026-07-30 17:40:43] [INFO] [INFRA_SIMULATOR] windows_servers | Status: Healthy | Metrics: cpu: 23.3, memory: 49.99, disk: 62.1, fortify_cpu: 18.53, fortify_mem: 32.17, iis_threads: 254, iis_sessions: 1421
[2026-07-30 17:40:53] [INFO] [INFRA_SIMULATOR] windows_servers | Status: Healthy | Metrics: cpu: 22.55, memory: 49.49, disk: 62.1, fortify_cpu: 19.14, fortify_mem: 32.42, iis_threads: 251, iis_sessions: 1413
[2026-07-30 17:40:53] [INFO] [LOG_AGENT] [IIS-SERVER] GET /api/health - Client IP: 10.194.22.45 - Status 200 OK (elapsed: 15ms)
[2026-07-30 17:41:03] [INFO] [INFRA_SIMULATOR] windows_servers | Status: Healthy | Metrics: cpu: 19.67, memory: 47.55, disk: 62.1, fortify_cpu: 19.13, fortify_mem: 32.39, iis_threads: 248, iis_sessions: 1416
[2026-07-30 17:41:13] [INFO] [INFRA_SIMULATOR] windows_servers | Status: Healthy | Metrics: cpu: 23.83, memory: 48.1, disk: 62.1, fortify_cpu: 18.63, fortify_mem: 32.33, iis_threads: 245, iis_sessions: 1413
[2026-07-30 17:41:23] [INFO] [INFRA_SIMULATOR] windows_servers | Status: Healthy | Metrics: cpu: 18.9, memory: 47.48, disk: 62.1, fortify_cpu: 19.32, fortify_mem: 32.62, iis_threads: 250, iis_sessions: 1420
[2026-07-30 17:41:33] [INFO] [INFRA_SIMULATOR] windows_servers | Status: Healthy | Metrics: cpu: 21.61, memory: 47.31, disk: 62.1, fortify_cpu: 18.46, fortify_mem: 32.59, iis_threads: 248, iis_sessions: 1416
[2026-07-30 17:41:43] [INFO] [INFRA_SIMULATOR] windows_servers | Status: Healthy | Metrics: cpu: 24.68, memory: 48.42, disk: 62.1, fortify_cpu: 19.33, fortify_mem: 32.44, iis_threads: 246, iis_sessions: 1413
[2026-07-30 17:41:53] [INFO] [INFRA_SIMULATOR] windows_servers | Status: Healthy | Metrics: cpu: 24.74, memory: 47.67, disk: 62.1, fortify_cpu: 17.93, fortify_mem: 32.63, iis_threads: 249, iis_sessions: 1423
[2026-07-30 17:42:03] [INFO] [INFRA_SIMULATOR] windows_servers | Status: Healthy | Metrics: cpu: 26.02, memory: 49.27, disk: 62.1, fortify_cpu: 19.02, fortify_mem: 32.55, iis_threads: 252, iis_sessions: 1429
[2026-07-30 17:42:03] [INFO] [LOG_AGENT] [IIS-SERVER] GET /api/health - Client IP: 10.194.22.45 - Status 200 OK (elapsed: 15ms)
[2026-07-30 17:42:13] [INFO] [INFRA_SIMULATOR] windows_servers | Status: Healthy | Metrics: cpu: 19.19, memory: 49.93, disk: 62.1, fortify_cpu: 18.51, fortify_mem: 32.3, iis_threads: 250, iis_sessions: 1418
[2026-07-30 17:42:23] [INFO] [INFRA_SIMULATOR] windows_servers | Status: Healthy | Metrics: cpu: 25.32, memory: 48.69, disk: 62.1, fortify_cpu: 18.52, fortify_mem: 32.63, iis_threads: 245, iis_sessions: 1415
[2026-07-30 17:42:33] [INFO] [INFRA_SIMULATOR] windows_servers | Status: Healthy | Metrics: cpu: 20.03, memory: 48.82, disk: 62.1, fortify_cpu: 18.91, fortify_mem: 32.34, iis_threads: 249, iis_sessions: 1422
[2026-07-30 17:42:43] [INFO] [INFRA_SIMULATOR] windows_servers | Status: Healthy | Metrics: cpu: 23.21, memory: 49.09, disk: 62.1, fortify_cpu: 17.6, fortify_mem: 32.38, iis_threads: 253, iis_sessions: 1411
[2026-07-30 17:42:53] [INFO] [INFRA_SIMULATOR] windows_servers | Status: Healthy | Metrics: cpu: 20.01, memory: 47.27, disk: 62.1, fortify_cpu: 17.89, fortify_mem: 32.35, iis_threads: 246, iis_sessions: 1425
[2026-07-30 17:43:03] [INFO] [INFRA_SIMULATOR] windows_servers | Status: Healthy | Metrics: cpu: 25.73, memory: 48.51, disk: 62.1, fortify_cpu: 18.68, fortify_mem: 32.24, iis_threads: 251, iis_sessions: 1428
[2026-07-30 17:43:13] [INFO] [INFRA_SIMULATOR] windows_servers | Status: Healthy | Metrics: cpu: 26.32, memory: 49.97, disk: 62.1, fortify_cpu: 18.67, fortify_mem: 32.46, iis_threads: 248, iis_sessions: 1420
[2026-07-30 17:43:13] [INFO] [LOG_AGENT] [IIS-SERVER] GET /api/health - Client IP: 10.194.22.45 - Status 200 OK (elapsed: 15ms)
[2026-07-30 17:43:23] [INFO] [INFRA_SIMULATOR] windows_servers | Status: Healthy | Metrics: cpu: 20.71, memory: 49.76, disk: 62.1, fortify_cpu: 18.89, fortify_mem: 32.45, iis_threads: 253, iis_sessions: 1420
[2026-07-30 17:43:33] [INFO] [INFRA_SIMULATOR] windows_servers | Status: Healthy | Metrics: cpu: 26.12, memory: 49.87, disk: 62.1, fortify_cpu: 18.47, fortify_mem: 32.24, iis_threads: 248, iis_sessions: 1415
[2026-07-30 17:43:43] [INFO] [INFRA_SIMULATOR] windows_servers | Status: Healthy | Metrics: cpu: 19.12, memory: 48.94, disk: 62.1, fortify_cpu: 18.05, fortify_mem: 32.34, iis_threads: 246, iis_sessions: 1420
[2026-07-30 17:43:53] [INFO] [INFRA_SIMULATOR] windows_servers | Status: Healthy | Metrics: cpu: 19.81, memory: 47.83, disk: 62.1, fortify_cpu: 17.71, fortify_mem: 32.22, iis_threads: 250, iis_sessions: 1419
[2026-07-30 17:44:03] [INFO] [INFRA_SIMULATOR] windows_servers | Status: Healthy | Metrics: cpu: 24.43, memory: 49.26, disk: 62.1, fortify_cpu: 18.72, fortify_mem: 32.37, iis_threads: 246, iis_sessions: 1413
[2026-07-30 17:44:13] [INFO] [INFRA_SIMULATOR] windows_servers | Status: Healthy | Metrics: cpu: 22.81, memory: 49.2, disk: 62.1, fortify_cpu: 19.27, fortify_mem: 32.32, iis_threads: 248, iis_sessions: 1426
[2026-07-30 17:44:13] [INFO] [LOG_AGENT] [IIS-SERVER] GET /api/health - Client IP: 10.194.22.45 - Status 200 OK (elapsed: 15ms)
[2026-07-30 17:44:23] [INFO] [INFRA_SIMULATOR] windows_servers | Status: Healthy | Metrics: cpu: 24.43, memory: 47.7, disk: 62.1, fortify_cpu: 19.04, fortify_mem: 32.39, iis_threads: 250, iis_sessions: 1412
[2026-07-30 17:44:33] [INFO] [INFRA_SIMULATOR] windows_servers | Status: Healthy | Metrics: cpu: 19.18, memory: 48.84, disk: 62.1, fortify_cpu: 18.48, fortify_mem: 32.23, iis_threads: 251, iis_sessions: 1422
[2026-07-30 17:44:43] [INFO] [INFRA_SIMULATOR] windows_servers | Status: Healthy | Metrics: cpu: 18.62, memory: 49.9, disk: 62.1, fortify_cpu: 18.54, fortify_mem: 32.59, iis_threads: 250, iis_sessions: 1418
[2026-07-30 17:44:53] [INFO] [INFRA_SIMULATOR] windows_servers | Status: Healthy | Metrics: cpu: 18.98, memory: 48.82, disk: 62.1, fortify_cpu: 19.03, fortify_mem: 32.51, iis_threads: 247, iis_sessions: 1412
[2026-07-30 17:45:03] [INFO] [INFRA_SIMULATOR] windows_servers | Status: Healthy | Metrics: cpu: 25.26, memory: 48.22, disk: 62.1, fortify_cpu: 17.52, fortify_mem: 32.55, iis_threads: 251, iis_sessions: 1410
[2026-07-30 17:45:13] [INFO] [INFRA_SIMULATOR] windows_servers | Status: Healthy | Metrics: cpu: 19.97, memory: 49.3, disk: 62.1, fortify_cpu: 18.05, fortify_mem: 32.35, iis_threads: 246, iis_sessions: 1412
[2026-07-30 17:45:23] [INFO] [INFRA_SIMULATOR] windows_servers | Status: Healthy | Metrics: cpu: 19.41, memory: 48.67, disk: 62.1, fortify_cpu: 18.8, fortify_mem: 32.39, iis_threads: 248, iis_sessions: 1424
[2026-07-30 17:45:33] [INFO] [INFRA_SIMULATOR] windows_servers | Status: Healthy | Metrics: cpu: 22.33, memory: 48.46, disk: 62.1, fortify_cpu: 19, fortify_mem: 32.37, iis_threads: 245, iis_sessions: 1420
[2026-07-30 17:45:33] [INFO] [LOG_AGENT] [IIS-SERVER] GET /api/health - Client IP: 10.194.22.45 - Status 200 OK (elapsed: 15ms)
[2026-07-30 17:45:43] [INFO] [INFRA_SIMULATOR] windows_servers | Status: Healthy | Metrics: cpu: 20.37, memory: 48.93, disk: 62.1, fortify_cpu: 17.54, fortify_mem: 32.46, iis_threads: 252, iis_sessions: 1429
[2026-07-30 17:45:53] [INFO] [INFRA_SIMULATOR] windows_servers | Status: Healthy | Metrics: cpu: 23.97, memory: 49.19, disk: 62.1, fortify_cpu: 17.87, fortify_mem: 32.54, iis_threads: 248, iis_sessions: 1417
[2026-07-30 17:46:03] [INFO] [INFRA_SIMULATOR] windows_servers | Status: Healthy | Metrics: cpu: 23.24, memory: 48.73, disk: 62.1, fortify_cpu: 18.47, fortify_mem: 32.22, iis_threads: 245, iis_sessions: 1426
[2026-07-30 17:46:13] [INFO] [INFRA_SIMULATOR] windows_servers | Status: Healthy | Metrics: cpu: 20.86, memory: 49.85, disk: 62.1, fortify_cpu: 17.54, fortify_mem: 32.29, iis_threads: 251, iis_sessions: 1415
[2026-07-30 17:46:23] [INFO] [INFRA_SIMULATOR] windows_servers | Status: Healthy | Metrics: cpu: 23.83, memory: 49.11, disk: 62.1, fortify_cpu: 19.13, fortify_mem: 32.28, iis_threads: 253, iis_sessions: 1417
[2026-07-30 17:46:33] [INFO] [INFRA_SIMULATOR] windows_servers | Status: Healthy | Metrics: cpu: 20.57, memory: 49.51, disk: 62.1, fortify_cpu: 18.4, fortify_mem: 32.27, iis_threads: 249, iis_sessions: 1416
[2026-07-30 17:46:43] [INFO] [INFRA_SIMULATOR] windows_servers | Status: Healthy | Metrics: cpu: 21.1, memory: 48.19, disk: 62.1, fortify_cpu: 19.48, fortify_mem: 32.3, iis_threads: 253, iis_sessions: 1418
[2026-07-30 17:46:43] [INFO] [LOG_AGENT] [IIS-SERVER] GET /api/health - Client IP: 10.194.22.45 - Status 200 OK (elapsed: 15ms)
[2026-07-30 17:46:43] [INFO] [LOG_AGENT] [IIS-SERVER] GET /api/health - Client IP: 10.194.22.45 - Status 200 OK (elapsed: 15ms)
[2026-07-30 17:46:53] [INFO] [INFRA_SIMULATOR] windows_servers | Status: Healthy | Metrics: cpu: 20.97, memory: 47.78, disk: 62.1, fortify_cpu: 18.68, fortify_mem: 32.29, iis_threads: 245, iis_sessions: 1419
[2026-07-30 17:47:03] [INFO] [INFRA_SIMULATOR] windows_servers | Status: Healthy | Metrics: cpu: 24.5, memory: 49.22, disk: 62.1, fortify_cpu: 18.37, fortify_mem: 32.53, iis_threads: 251, iis_sessions: 1417
[2026-07-30 17:47:03] [INFO] [LOG_AGENT] [IIS-SERVER] GET /api/health - Client IP: 10.194.22.45 - Status 200 OK (elapsed: 15ms)
[2026-07-30 17:47:03] [INFO] [LOG_AGENT] [IIS-SERVER] GET /api/health - Client IP: 10.194.22.45 - Status 200 OK (elapsed: 15ms)
[2026-07-30 17:47:13] [INFO] [INFRA_SIMULATOR] windows_servers | Status: Healthy | Metrics: cpu: 19, memory: 48.64, disk: 62.1, fortify_cpu: 18.22, fortify_mem: 32.58, iis_threads: 245, iis_sessions: 1421
[2026-07-30 17:47:23] [INFO] [INFRA_SIMULATOR] windows_servers | Status: Healthy | Metrics: cpu: 22.02, memory: 49.14, disk: 62.1, fortify_cpu: 18.8, fortify_mem: 32.52, iis_threads: 252, iis_sessions: 1413
[2026-07-30 17:47:33] [INFO] [INFRA_SIMULATOR] windows_servers | Status: Healthy | Metrics: cpu: 20.56, memory: 49.91, disk: 62.1, fortify_cpu: 18.6, fortify_mem: 32.22, iis_threads: 246, iis_sessions: 1419
[2026-07-30 17:47:43] [INFO] [INFRA_SIMULATOR] windows_servers | Status: Healthy | Metrics: cpu: 24.7, memory: 49.1, disk: 62.1, fortify_cpu: 19.06, fortify_mem: 32.5, iis_threads: 250, iis_sessions: 1415
[2026-07-30 17:47:53] [INFO] [INFRA_SIMULATOR] windows_servers | Status: Healthy | Metrics: cpu: 18.57, memory: 48.95, disk: 62.1, fortify_cpu: 19.47, fortify_mem: 32.32, iis_threads: 247, iis_sessions: 1413
[2026-07-30 17:48:03] [INFO] [INFRA_SIMULATOR] windows_servers | Status: Healthy | Metrics: cpu: 25.45, memory: 49.38, disk: 62.1, fortify_cpu: 19.13, fortify_mem: 32.53, iis_threads: 247, iis_sessions: 1413
[2026-07-30 17:48:13] [INFO] [INFRA_SIMULATOR] windows_servers | Status: Healthy | Metrics: cpu: 19.38, memory: 47.17, disk: 62.1, fortify_cpu: 18.37, fortify_mem: 32.22, iis_threads: 245, iis_sessions: 1423
[2026-07-30 17:48:23] [INFO] [INFRA_SIMULATOR] windows_servers | Status: Healthy | Metrics: cpu: 25.5, memory: 48.96, disk: 62.1, fortify_cpu: 18.21, fortify_mem: 32.44, iis_threads: 250, iis_sessions: 1419
[2026-07-30 17:48:33] [INFO] [INFRA_SIMULATOR] windows_servers | Status: Healthy | Metrics: cpu: 26.37, memory: 48.28, disk: 62.1, fortify_cpu: 19.01, fortify_mem: 32.33, iis_threads: 250, iis_sessions: 1410
[2026-07-30 17:48:43] [INFO] [INFRA_SIMULATOR] windows_servers | Status: Healthy | Metrics: cpu: 22.08, memory: 48.85, disk: 62.1, fortify_cpu: 17.83, fortify_mem: 32.24, iis_threads: 252, iis_sessions: 1412
[2026-07-30 17:48:44] [INFO] [LOG_AGENT] [IIS-SERVER] GET /api/health - Client IP: 10.194.22.45 - Status 200 OK (elapsed: 15ms)
[2026-07-30 17:48:53] [INFO] [INFRA_SIMULATOR] windows_servers | Status: Healthy | Metrics: cpu: 24.54, memory: 47.72, disk: 62.1, fortify_cpu: 19.19, fortify_mem: 32.58, iis_threads: 247, iis_sessions: 1416
[2026-07-30 17:49:04] [INFO] [INFRA_SIMULATOR] windows_servers | Status: Healthy | Metrics: cpu: 21.45, memory: 47.25, disk: 62.1, fortify_cpu: 19.21, fortify_mem: 32.41, iis_threads: 252, iis_sessions: 1418
[2026-07-30 17:49:04] [INFO] [LOG_AGENT] [IIS-SERVER] GET /api/health - Client IP: 10.194.22.45 - Status 200 OK (elapsed: 15ms)
[2026-07-30 17:49:14] [INFO] [INFRA_SIMULATOR] windows_servers | Status: Healthy | Metrics: cpu: 19.53, memory: 48.28, disk: 62.1, fortify_cpu: 17.97, fortify_mem: 32.28, iis_threads: 250, iis_sessions: 1418
[2026-07-30 17:49:24] [INFO] [INFRA_SIMULATOR] windows_servers | Status: Healthy | Metrics: cpu: 24.38, memory: 48.76, disk: 62.1, fortify_cpu: 18.91, fortify_mem: 32.53, iis_threads: 253, iis_sessions: 1424
[2026-07-30 17:49:33] [INFO] [INFRA_SIMULATOR] windows_servers | Status: Healthy | Metrics: cpu: 21.16, memory: 49.17, disk: 62.1, fortify_cpu: 18.06, fortify_mem: 32.62, iis_threads: 252, iis_sessions: 1414
[2026-07-30 17:49:43] [INFO] [INFRA_SIMULATOR] windows_servers | Status: Healthy | Metrics: cpu: 23.17, memory: 48.02, disk: 62.1, fortify_cpu: 18.19, fortify_mem: 32.6, iis_threads: 251, iis_sessions: 1427
[2026-07-30 17:49:53] [INFO] [INFRA_SIMULATOR] windows_servers | Status: Healthy | Metrics: cpu: 18.68, memory: 49.82, disk: 62.1, fortify_cpu: 19.37, fortify_mem: 32.52, iis_threads: 251, iis_sessions: 1416
[2026-07-30 17:50:03] [INFO] [INFRA_SIMULATOR] windows_servers | Status: Healthy | Metrics: cpu: 18.5, memory: 47.2, disk: 62.1, fortify_cpu: 19.46, fortify_mem: 32.16, iis_threads: 245, iis_sessions: 1420
[2026-07-30 17:50:13] [INFO] [INFRA_SIMULATOR] windows_servers | Status: Healthy | Metrics: cpu: 21.41, memory: 47.52, disk: 62.1, fortify_cpu: 18.22, fortify_mem: 32.56, iis_threads: 245, iis_sessions: 1420
[2026-07-30 17:50:14] [INFO] [LOG_AGENT] [IIS-SERVER] GET /api/health - Client IP: 10.194.22.45 - Status 200 OK (elapsed: 15ms)
[2026-07-30 17:50:23] [INFO] [INFRA_SIMULATOR] windows_servers | Status: Healthy | Metrics: cpu: 24.21, memory: 47.86, disk: 62.1, fortify_cpu: 18.13, fortify_mem: 32.39, iis_threads: 250, iis_sessions: 1417
[2026-07-30 17:50:34] [INFO] [INFRA_SIMULATOR] windows_servers | Status: Healthy | Metrics: cpu: 19.37, memory: 49.02, disk: 62.1, fortify_cpu: 19.23, fortify_mem: 32.23, iis_threads: 250, iis_sessions: 1426
[2026-07-30 17:50:34] [INFO] [LOG_AGENT] [IIS-SERVER] GET /api/health - Client IP: 10.194.22.45 - Status 200 OK (elapsed: 15ms)
[2026-07-30 17:50:43] [INFO] [INFRA_SIMULATOR] windows_servers | Status: Healthy | Metrics: cpu: 24.44, memory: 49.27, disk: 62.1, fortify_cpu: 19.4, fortify_mem: 32.62, iis_threads: 254, iis_sessions: 1426
[2026-07-30 17:50:54] [INFO] [INFRA_SIMULATOR] windows_servers | Status: Healthy | Metrics: cpu: 20.67, memory: 48.87, disk: 62.1, fortify_cpu: 18.39, fortify_mem: 32.19, iis_threads: 250, iis_sessions: 1422
[2026-07-30 17:50:54] [INFO] [LOG_AGENT] [IIS-SERVER] GET /api/health - Client IP: 10.194.22.45 - Status 200 OK (elapsed: 15ms)
[2026-07-30 17:50:54] [INFO] [LOG_AGENT] [IIS-SERVER] GET /api/health - Client IP: 10.194.22.45 - Status 200 OK (elapsed: 15ms)
[2026-07-30 17:51:03] [INFO] [INFRA_SIMULATOR] windows_servers | Status: Healthy | Metrics: cpu: 24.44, memory: 47.27, disk: 62.1, fortify_cpu: 18.59, fortify_mem: 32.2, iis_threads: 245, iis_sessions: 1415
[2026-07-30 17:51:13] [INFO] [INFRA_SIMULATOR] windows_servers | Status: Healthy | Metrics: cpu: 19.56, memory: 48.46, disk: 62.1, fortify_cpu: 19.07, fortify_mem: 32.55, iis_threads: 250, iis_sessions: 1420
[2026-07-30 17:51:24] [INFO] [INFRA_SIMULATOR] windows_servers | Status: Healthy | Metrics: cpu: 20.64, memory: 48.24, disk: 62.1, fortify_cpu: 18.57, fortify_mem: 32.48, iis_threads: 254, iis_sessions: 1414
[2026-07-30 17:51:33] [INFO] [INFRA_SIMULATOR] windows_servers | Status: Healthy | Metrics: cpu: 23.8, memory: 48.9, disk: 62.1, fortify_cpu: 17.59, fortify_mem: 32.38, iis_threads: 252, iis_sessions: 1414
[2026-07-30 17:51:34] [INFO] [LOG_AGENT] [IIS-SERVER] GET /api/health - Client IP: 10.194.22.45 - Status 200 OK (elapsed: 15ms)
[2026-07-30 17:51:44] [INFO] [INFRA_SIMULATOR] windows_servers | Status: Healthy | Metrics: cpu: 24.02, memory: 49.72, disk: 62.1, fortify_cpu: 18.76, fortify_mem: 32.48, iis_threads: 246, iis_sessions: 1420
[2026-07-30 17:51:54] [INFO] [INFRA_SIMULATOR] windows_servers | Status: Healthy | Metrics: cpu: 20.53, memory: 48.96, disk: 62.1, fortify_cpu: 17.94, fortify_mem: 32.2, iis_threads: 245, iis_sessions: 1424
[2026-07-30 17:52:04] [INFO] [INFRA_SIMULATOR] windows_servers | Status: Healthy | Metrics: cpu: 23.17, memory: 49.5, disk: 62.1, fortify_cpu: 18.73, fortify_mem: 32.58, iis_threads: 251, iis_sessions: 1412
[2026-07-30 17:52:04] [INFO] [LOG_AGENT] [IIS-SERVER] GET /api/health - Client IP: 10.194.22.45 - Status 200 OK (elapsed: 15ms)
[2026-07-30 17:52:14] [INFO] [INFRA_SIMULATOR] windows_servers | Status: Healthy | Metrics: cpu: 23.36, memory: 49.21, disk: 62.1, fortify_cpu: 17.51, fortify_mem: 32.3, iis_threads: 252, iis_sessions: 1421
[2026-07-30 17:52:14] [INFO] [LOG_AGENT] [IIS-SERVER] GET /api/health - Client IP: 10.194.22.45 - Status 200 OK (elapsed: 15ms)
[2026-07-30 17:52:24] [INFO] [INFRA_SIMULATOR] windows_servers | Status: Healthy | Metrics: cpu: 22.25, memory: 48.46, disk: 62.1, fortify_cpu: 18.24, fortify_mem: 32.44, iis_threads: 254, iis_sessions: 1420
[2026-07-30 17:52:34] [INFO] [INFRA_SIMULATOR] windows_servers | Status: Healthy | Metrics: cpu: 25.56, memory: 48.33, disk: 62.1, fortify_cpu: 18.12, fortify_mem: 32.18, iis_threads: 252, iis_sessions: 1417
[2026-07-30 17:52:44] [INFO] [INFRA_SIMULATOR] windows_servers | Status: Healthy | Metrics: cpu: 22.2, memory: 49.09, disk: 62.1, fortify_cpu: 17.64, fortify_mem: 32.6, iis_threads: 248, iis_sessions: 1426
[2026-07-30 17:52:54] [INFO] [INFRA_SIMULATOR] windows_servers | Status: Healthy | Metrics: cpu: 21.15, memory: 48.1, disk: 62.1, fortify_cpu: 18.57, fortify_mem: 32.33, iis_threads: 252, iis_sessions: 1412
[2026-07-30 17:53:04] [INFO] [INFRA_SIMULATOR] windows_servers | Status: Healthy | Metrics: cpu: 22.09, memory: 48.21, disk: 62.1, fortify_cpu: 17.56, fortify_mem: 32.28, iis_threads: 248, iis_sessions: 1416
[2026-07-30 17:53:14] [INFO] [INFRA_SIMULATOR] windows_servers | Status: Healthy | Metrics: cpu: 19.87, memory: 49.83, disk: 62.1, fortify_cpu: 18.73, fortify_mem: 32.22, iis_threads: 250, iis_sessions: 1427
[2026-07-30 17:53:24] [INFO] [INFRA_SIMULATOR] windows_servers | Status: Healthy | Metrics: cpu: 18.82, memory: 48.58, disk: 62.1, fortify_cpu: 18.71, fortify_mem: 32.53, iis_threads: 246, iis_sessions: 1412
[2026-07-30 17:53:34] [INFO] [INFRA_SIMULATOR] windows_servers | Status: Healthy | Metrics: cpu: 21.38, memory: 50.01, disk: 62.1, fortify_cpu: 17.99, fortify_mem: 32.26, iis_threads: 245, iis_sessions: 1423
[2026-07-30 17:53:44] [INFO] [INFRA_SIMULATOR] windows_servers | Status: Healthy | Metrics: cpu: 23, memory: 47.23, disk: 62.1, fortify_cpu: 17.57, fortify_mem: 32.22, iis_threads: 253, iis_sessions: 1427
[2026-07-30 17:53:54] [INFO] [INFRA_SIMULATOR] windows_servers | Status: Healthy | Metrics: cpu: 22.37, memory: 47.76, disk: 62.1, fortify_cpu: 18.44, fortify_mem: 32.26, iis_threads: 251, iis_sessions: 1413
[2026-07-30 17:54:04] [INFO] [INFRA_SIMULATOR] windows_servers | Status: Healthy | Metrics: cpu: 20.62, memory: 49.58, disk: 62.1, fortify_cpu: 18.48, fortify_mem: 32.51, iis_threads: 252, iis_sessions: 1418
[2026-07-30 17:54:14] [INFO] [INFRA_SIMULATOR] windows_servers | Status: Healthy | Metrics: cpu: 20.81, memory: 47.73, disk: 62.1, fortify_cpu: 17.51, fortify_mem: 32.61, iis_threads: 246, iis_sessions: 1426
[2026-07-30 17:54:24] [INFO] [INFRA_SIMULATOR] windows_servers | Status: Healthy | Metrics: cpu: 23.7, memory: 48.68, disk: 62.1, fortify_cpu: 18.14, fortify_mem: 32.22, iis_threads: 253, iis_sessions: 1426
[2026-07-30 17:54:34] [INFO] [INFRA_SIMULATOR] windows_servers | Status: Healthy | Metrics: cpu: 18.68, memory: 48.11, disk: 62.1, fortify_cpu: 18.79, fortify_mem: 32.31, iis_threads: 247, iis_sessions: 1422
[2026-07-30 17:54:44] [INFO] [INFRA_SIMULATOR] windows_servers | Status: Healthy | Metrics: cpu: 24.24, memory: 47.3, disk: 62.1, fortify_cpu: 18.74, fortify_mem: 32.65, iis_threads: 248, iis_sessions: 1425
[2026-07-30 17:54:44] [INFO] [LOG_AGENT] [IIS-SERVER] GET /api/health - Client IP: 10.194.22.45 - Status 200 OK (elapsed: 15ms)
[2026-07-30 17:54:54] [INFO] [INFRA_SIMULATOR] windows_servers | Status: Healthy | Metrics: cpu: 21.19, memory: 47.29, disk: 62.1, fortify_cpu: 18.3, fortify_mem: 32.17, iis_threads: 252, iis_sessions: 1420
[2026-07-30 17:55:04] [INFO] [INFRA_SIMULATOR] windows_servers | Status: Healthy | Metrics: cpu: 18.63, memory: 48.13, disk: 62.1, fortify_cpu: 18.42, fortify_mem: 32.47, iis_threads: 248, iis_sessions: 1421
[2026-07-30 17:55:14] [INFO] [INFRA_SIMULATOR] windows_servers | Status: Healthy | Metrics: cpu: 22.66, memory: 47.68, disk: 62.1, fortify_cpu: 18.34, fortify_mem: 32.42, iis_threads: 254, iis_sessions: 1424
[2026-07-30 17:55:24] [INFO] [INFRA_SIMULATOR] windows_servers | Status: Healthy | Metrics: cpu: 18.97, memory: 49.18, disk: 62.1, fortify_cpu: 18.36, fortify_mem: 32.6, iis_threads: 250, iis_sessions: 1411
[2026-07-30 17:55:34] [INFO] [INFRA_SIMULATOR] windows_servers | Status: Healthy | Metrics: cpu: 19.36, memory: 47.93, disk: 62.1, fortify_cpu: 18.28, fortify_mem: 32.23, iis_threads: 253, iis_sessions: 1424
[2026-07-30 17:55:44] [INFO] [INFRA_SIMULATOR] windows_servers | Status: Healthy | Metrics: cpu: 25.88, memory: 49.59, disk: 62.1, fortify_cpu: 19.01, fortify_mem: 32.64, iis_threads: 251, iis_sessions: 1428
[2026-07-30 17:55:54] [INFO] [INFRA_SIMULATOR] windows_servers | Status: Healthy | Metrics: cpu: 20.4, memory: 49.34, disk: 62.1, fortify_cpu: 18.64, fortify_mem: 32.44, iis_threads: 247, iis_sessions: 1428
[2026-07-30 17:56:04] [INFO] [INFRA_SIMULATOR] windows_servers | Status: Healthy | Metrics: cpu: 20.92, memory: 47.47, disk: 62.1, fortify_cpu: 18.96, fortify_mem: 32.47, iis_threads: 252, iis_sessions: 1426
[2026-07-30 17:56:14] [INFO] [INFRA_SIMULATOR] windows_servers | Status: Healthy | Metrics: cpu: 22.78, memory: 49.8, disk: 62.1, fortify_cpu: 18.15, fortify_mem: 32.55, iis_threads: 245, iis_sessions: 1415
[2026-07-30 17:56:14] [INFO] [LOG_AGENT] [IIS-SERVER] GET /api/health - Client IP: 10.194.22.45 - Status 200 OK (elapsed: 15ms)
[2026-07-30 17:56:24] [INFO] [INFRA_SIMULATOR] windows_servers | Status: Healthy | Metrics: cpu: 22, memory: 47.17, disk: 62.1, fortify_cpu: 18.15, fortify_mem: 32.57, iis_threads: 250, iis_sessions: 1411
[2026-07-30 17:56:34] [INFO] [INFRA_SIMULATOR] windows_servers | Status: Healthy | Metrics: cpu: 21.23, memory: 49.94, disk: 62.1, fortify_cpu: 18.09, fortify_mem: 32.24, iis_threads: 245, iis_sessions: 1410
[2026-07-30 17:56:34] [INFO] [LOG_AGENT] [IIS-SERVER] GET /api/health - Client IP: 10.194.22.45 - Status 200 OK (elapsed: 15ms)
[2026-07-30 17:56:44] [INFO] [INFRA_SIMULATOR] windows_servers | Status: Healthy | Metrics: cpu: 20.97, memory: 49.73, disk: 62.1, fortify_cpu: 19.2, fortify_mem: 32.36, iis_threads: 254, iis_sessions: 1411
[2026-07-30 17:56:54] [INFO] [INFRA_SIMULATOR] windows_servers | Status: Healthy | Metrics: cpu: 26, memory: 47.93, disk: 62.1, fortify_cpu: 18.05, fortify_mem: 32.4, iis_threads: 247, iis_sessions: 1420
[2026-07-30 17:57:04] [INFO] [INFRA_SIMULATOR] windows_servers | Status: Healthy | Metrics: cpu: 19.73, memory: 48.8, disk: 62.1, fortify_cpu: 17.94, fortify_mem: 32.4, iis_threads: 247, iis_sessions: 1411
[2026-07-30 17:57:14] [INFO] [INFRA_SIMULATOR] windows_servers | Status: Healthy | Metrics: cpu: 20.36, memory: 48.12, disk: 62.1, fortify_cpu: 19.32, fortify_mem: 32.51, iis_threads: 245, iis_sessions: 1412
[2026-07-30 17:57:24] [INFO] [INFRA_SIMULATOR] windows_servers | Status: Healthy | Metrics: cpu: 19.91, memory: 49.31, disk: 62.1, fortify_cpu: 19.3, fortify_mem: 32.2, iis_threads: 245, iis_sessions: 1418
[2026-07-30 17:57:34] [INFO] [INFRA_SIMULATOR] windows_servers | Status: Healthy | Metrics: cpu: 18.64, memory: 49.89, disk: 62.1, fortify_cpu: 17.75, fortify_mem: 32.32, iis_threads: 248, iis_sessions: 1415
[2026-07-30 17:57:44] [INFO] [INFRA_SIMULATOR] windows_servers | Status: Healthy | Metrics: cpu: 20.5, memory: 47.42, disk: 62.1, fortify_cpu: 19.44, fortify_mem: 32.17, iis_threads: 245, iis_sessions: 1428
[2026-07-30 17:57:54] [INFO] [INFRA_SIMULATOR] windows_servers | Status: Healthy | Metrics: cpu: 21.39, memory: 49.95, disk: 62.1, fortify_cpu: 17.86, fortify_mem: 32.57, iis_threads: 247, iis_sessions: 1411
[2026-07-30 17:58:04] [INFO] [INFRA_SIMULATOR] windows_servers | Status: Healthy | Metrics: cpu: 18.41, memory: 48.52, disk: 62.1, fortify_cpu: 18.98, fortify_mem: 32.25, iis_threads: 247, iis_sessions: 1415
[2026-07-30 17:58:14] [INFO] [INFRA_SIMULATOR] windows_servers | Status: Healthy | Metrics: cpu: 24.08, memory: 48.89, disk: 62.1, fortify_cpu: 19.02, fortify_mem: 32.25, iis_threads: 246, iis_sessions: 1416
[2026-07-30 17:58:24] [INFO] [INFRA_SIMULATOR] windows_servers | Status: Healthy | Metrics: cpu: 23.8, memory: 49.99, disk: 62.1, fortify_cpu: 18.1, fortify_mem: 32.16, iis_threads: 245, iis_sessions: 1416
[2026-07-30 17:58:34] [INFO] [INFRA_SIMULATOR] windows_servers | Status: Healthy | Metrics: cpu: 21.65, memory: 48.47, disk: 62.1, fortify_cpu: 17.84, fortify_mem: 32.61, iis_threads: 251, iis_sessions: 1427
[2026-07-30 17:58:44] [INFO] [INFRA_SIMULATOR] windows_servers | Status: Healthy | Metrics: cpu: 20.24, memory: 48.8, disk: 62.1, fortify_cpu: 18.47, fortify_mem: 32.38, iis_threads: 245, iis_sessions: 1420
[2026-07-30 17:58:54] [INFO] [INFRA_SIMULATOR] windows_servers | Status: Healthy | Metrics: cpu: 18.46, memory: 49.07, disk: 62.1, fortify_cpu: 19.17, fortify_mem: 32.42, iis_threads: 250, iis_sessions: 1416
[2026-07-30 17:59:04] [INFO] [INFRA_SIMULATOR] windows_servers | Status: Healthy | Metrics: cpu: 25.45, memory: 48.39, disk: 62.1, fortify_cpu: 18.55, fortify_mem: 32.52, iis_threads: 249, iis_sessions: 1428
[2026-07-30 17:59:14] [INFO] [INFRA_SIMULATOR] windows_servers | Status: Healthy | Metrics: cpu: 23.39, memory: 48.2, disk: 62.1, fortify_cpu: 17.61, fortify_mem: 32.53, iis_threads: 248, iis_sessions: 1412
[2026-07-30 17:59:14] [INFO] [LOG_AGENT] [IIS-SERVER] GET /api/health - Client IP: 10.194.22.45 - Status 200 OK (elapsed: 15ms)
[2026-07-30 17:59:24] [INFO] [INFRA_SIMULATOR] windows_servers | Status: Healthy | Metrics: cpu: 19.46, memory: 49.02, disk: 62.1, fortify_cpu: 19.27, fortify_mem: 32.21, iis_threads: 248, iis_sessions: 1425
[2026-07-30 17:59:34] [INFO] [INFRA_SIMULATOR] windows_servers | Status: Healthy | Metrics: cpu: 25.97, memory: 48.83, disk: 62.1, fortify_cpu: 18.56, fortify_mem: 32.53, iis_threads: 251, iis_sessions: 1427
[2026-07-30 17:59:34] [INFO] [LOG_AGENT] [IIS-SERVER] GET /api/health - Client IP: 10.194.22.45 - Status 200 OK (elapsed: 15ms)
[2026-07-30 17:59:44] [INFO] [INFRA_SIMULATOR] windows_servers | Status: Healthy | Metrics: cpu: 20.87, memory: 48.95, disk: 62.1, fortify_cpu: 18.04, fortify_mem: 32.62, iis_threads: 254, iis_sessions: 1420
[2026-07-30 17:59:54] [INFO] [INFRA_SIMULATOR] windows_servers | Status: Healthy | Metrics: cpu: 24.69, memory: 48.57, disk: 62.1, fortify_cpu: 19.44, fortify_mem: 32.64, iis_threads: 246, iis_sessions: 1428
[2026-07-30 18:00:04] [INFO] [INFRA_SIMULATOR] windows_servers | Status: Healthy | Metrics: cpu: 25.5, memory: 48.9, disk: 62.1, fortify_cpu: 18.22, fortify_mem: 32.6, iis_threads: 253, iis_sessions: 1417
[2026-07-30 18:00:04] [INFO] [LOG_AGENT] [IIS-SERVER] GET /api/health - Client IP: 10.194.22.45 - Status 200 OK (elapsed: 15ms)
[2026-07-30 18:00:14] [INFO] [INFRA_SIMULATOR] windows_servers | Status: Healthy | Metrics: cpu: 21.82, memory: 49.24, disk: 62.1, fortify_cpu: 17.92, fortify_mem: 32.25, iis_threads: 248, iis_sessions: 1423
[2026-07-30 18:00:24] [INFO] [INFRA_SIMULATOR] windows_servers | Status: Healthy | Metrics: cpu: 25.78, memory: 49.22, disk: 62.1, fortify_cpu: 17.55, fortify_mem: 32.65, iis_threads: 248, iis_sessions: 1417
[2026-07-30 18:00:34] [INFO] [INFRA_SIMULATOR] windows_servers | Status: Healthy | Metrics: cpu: 20.4, memory: 48.65, disk: 62.1, fortify_cpu: 18.42, fortify_mem: 32.4, iis_threads: 253, iis_sessions: 1413
[2026-07-30 18:00:34] [INFO] [LOG_AGENT] [IIS-SERVER] GET /api/health - Client IP: 10.194.22.45 - Status 200 OK (elapsed: 15ms)
[2026-07-30 18:00:44] [INFO] [INFRA_SIMULATOR] windows_servers | Status: Healthy | Metrics: cpu: 21.13, memory: 49.99, disk: 62.1, fortify_cpu: 18.44, fortify_mem: 32.21, iis_threads: 246, iis_sessions: 1416
[2026-07-30 18:00:44] [INFO] [LOG_AGENT] [IIS-SERVER] GET /api/health - Client IP: 10.194.22.45 - Status 200 OK (elapsed: 15ms)
[2026-07-30 18:00:54] [INFO] [INFRA_SIMULATOR] windows_servers | Status: Healthy | Metrics: cpu: 26.03, memory: 49.05, disk: 62.1, fortify_cpu: 19.42, fortify_mem: 32.53, iis_threads: 248, iis_sessions: 1422
[2026-07-30 18:01:04] [INFO] [INFRA_SIMULATOR] windows_servers | Status: Healthy | Metrics: cpu: 20.21, memory: 49.91, disk: 62.1, fortify_cpu: 18.65, fortify_mem: 32.43, iis_threads: 249, iis_sessions: 1425
[2026-07-30 18:01:14] [INFO] [INFRA_SIMULATOR] windows_servers | Status: Healthy | Metrics: cpu: 24.96, memory: 49.52, disk: 62.1, fortify_cpu: 19.24, fortify_mem: 32.64, iis_threads: 246, iis_sessions: 1429
[2026-07-30 18:01:24] [INFO] [INFRA_SIMULATOR] windows_servers | Status: Healthy | Metrics: cpu: 18.74, memory: 47.83, disk: 62.1, fortify_cpu: 19.37, fortify_mem: 32.28, iis_threads: 251, iis_sessions: 1423
[2026-07-30 18:01:34] [INFO] [INFRA_SIMULATOR] windows_servers | Status: Healthy | Metrics: cpu: 25.28, memory: 47.45, disk: 62.1, fortify_cpu: 18.14, fortify_mem: 32.42, iis_threads: 253, iis_sessions: 1415
[2026-07-30 18:01:44] [INFO] [INFRA_SIMULATOR] windows_servers | Status: Healthy | Metrics: cpu: 22, memory: 49.92, disk: 62.1, fortify_cpu: 19.48, fortify_mem: 32.18, iis_threads: 254, iis_sessions: 1420
[2026-07-30 18:01:54] [INFO] [INFRA_SIMULATOR] windows_servers | Status: Healthy | Metrics: cpu: 21.59, memory: 48.69, disk: 62.1, fortify_cpu: 17.94, fortify_mem: 32.49, iis_threads: 247, iis_sessions: 1413
[2026-07-30 18:02:04] [INFO] [INFRA_SIMULATOR] windows_servers | Status: Healthy | Metrics: cpu: 21.65, memory: 48.25, disk: 62.1, fortify_cpu: 18.97, fortify_mem: 32.31, iis_threads: 246, iis_sessions: 1421
[2026-07-30 18:02:14] [INFO] [INFRA_SIMULATOR] windows_servers | Status: Healthy | Metrics: cpu: 21.15, memory: 47.63, disk: 62.1, fortify_cpu: 17.74, fortify_mem: 32.65, iis_threads: 247, iis_sessions: 1422
[2026-07-30 18:02:24] [INFO] [INFRA_SIMULATOR] windows_servers | Status: Healthy | Metrics: cpu: 22.47, memory: 49.88, disk: 62.1, fortify_cpu: 19.15, fortify_mem: 32.46, iis_threads: 250, iis_sessions: 1428
[2026-07-30 18:02:34] [INFO] [INFRA_SIMULATOR] windows_servers | Status: Healthy | Metrics: cpu: 25.53, memory: 47.14, disk: 62.1, fortify_cpu: 17.75, fortify_mem: 32.65, iis_threads: 252, iis_sessions: 1428
[2026-07-30 18:02:44] [INFO] [INFRA_SIMULATOR] windows_servers | Status: Healthy | Metrics: cpu: 20.63, memory: 48.39, disk: 62.1, fortify_cpu: 19.13, fortify_mem: 32.38, iis_threads: 253, iis_sessions: 1418
[2026-07-30 18:02:54] [INFO] [INFRA_SIMULATOR] windows_servers | Status: Healthy | Metrics: cpu: 24.9, memory: 49.75, disk: 62.1, fortify_cpu: 19.13, fortify_mem: 32.54, iis_threads: 245, iis_sessions: 1417
[2026-07-30 18:03:04] [INFO] [INFRA_SIMULATOR] windows_servers | Status: Healthy | Metrics: cpu: 19.37, memory: 47.29, disk: 62.1, fortify_cpu: 17.58, fortify_mem: 32.15, iis_threads: 251, iis_sessions: 1419
[2026-07-30 18:03:14] [INFO] [INFRA_SIMULATOR] windows_servers | Status: Healthy | Metrics: cpu: 25.37, memory: 49.18, disk: 62.1, fortify_cpu: 19.07, fortify_mem: 32.18, iis_threads: 247, iis_sessions: 1426
[2026-07-30 18:03:24] [INFO] [INFRA_SIMULATOR] windows_servers | Status: Healthy | Metrics: cpu: 22.81, memory: 49.51, disk: 62.1, fortify_cpu: 17.99, fortify_mem: 32.46, iis_threads: 252, iis_sessions: 1417
[2026-07-30 18:03:24] [INFO] [LOG_AGENT] [IIS-SERVER] GET /api/health - Client IP: 10.194.22.45 - Status 200 OK (elapsed: 15ms)
[2026-07-30 18:03:24] [INFO] [LOG_AGENT] [IIS-SERVER] GET /api/health - Client IP: 10.194.22.45 - Status 200 OK (elapsed: 15ms)
[2026-07-30 18:03:34] [INFO] [INFRA_SIMULATOR] windows_servers | Status: Healthy | Metrics: cpu: 18.56, memory: 49.68, disk: 62.1, fortify_cpu: 19.42, fortify_mem: 32.23, iis_threads: 249, iis_sessions: 1410
[2026-07-30 18:03:44] [INFO] [INFRA_SIMULATOR] windows_servers | Status: Healthy | Metrics: cpu: 19.9, memory: 48.1, disk: 62.1, fortify_cpu: 19.16, fortify_mem: 32.28, iis_threads: 247, iis_sessions: 1426
[2026-07-30 18:03:54] [INFO] [INFRA_SIMULATOR] windows_servers | Status: Healthy | Metrics: cpu: 26.2, memory: 49.59, disk: 62.1, fortify_cpu: 18.19, fortify_mem: 32.54, iis_threads: 248, iis_sessions: 1419
[2026-07-30 18:03:54] [INFO] [LOG_AGENT] [IIS-SERVER] GET /api/health - Client IP: 10.194.22.45 - Status 200 OK (elapsed: 15ms)
[2026-07-30 18:04:04] [INFO] [INFRA_SIMULATOR] windows_servers | Status: Healthy | Metrics: cpu: 25.93, memory: 47.96, disk: 62.1, fortify_cpu: 18.04, fortify_mem: 32.6, iis_threads: 246, iis_sessions: 1410
[2026-07-30 18:04:14] [INFO] [INFRA_SIMULATOR] windows_servers | Status: Healthy | Metrics: cpu: 23.14, memory: 50.08, disk: 62.1, fortify_cpu: 19.09, fortify_mem: 32.5, iis_threads: 245, iis_sessions: 1416
[2026-07-30 18:04:24] [INFO] [INFRA_SIMULATOR] windows_servers | Status: Healthy | Metrics: cpu: 18.53, memory: 48.53, disk: 62.1, fortify_cpu: 18.51, fortify_mem: 32.47, iis_threads: 254, iis_sessions: 1412
[2026-07-30 18:04:34] [INFO] [INFRA_SIMULATOR] windows_servers | Status: Healthy | Metrics: cpu: 24.87, memory: 48.99, disk: 62.1, fortify_cpu: 18.07, fortify_mem: 32.65, iis_threads: 247, iis_sessions: 1424
[2026-07-30 18:04:44] [INFO] [INFRA_SIMULATOR] windows_servers | Status: Healthy | Metrics: cpu: 20.44, memory: 47.47, disk: 62.1, fortify_cpu: 17.76, fortify_mem: 32.58, iis_threads: 250, iis_sessions: 1423
[2026-07-30 18:04:54] [INFO] [INFRA_SIMULATOR] windows_servers | Status: Healthy | Metrics: cpu: 18.53, memory: 47.25, disk: 62.1, fortify_cpu: 19.47, fortify_mem: 32.56, iis_threads: 252, iis_sessions: 1424
[2026-07-30 18:04:54] [INFO] [LOG_AGENT] [IIS-SERVER] GET /api/health - Client IP: 10.194.22.45 - Status 200 OK (elapsed: 15ms)
[2026-07-30 18:05:04] [INFO] [INFRA_SIMULATOR] windows_servers | Status: Healthy | Metrics: cpu: 25.17, memory: 49.14, disk: 62.1, fortify_cpu: 17.98, fortify_mem: 32.35, iis_threads: 246, iis_sessions: 1429
[2026-07-30 18:05:04] [INFO] [LOG_AGENT] [IIS-SERVER] GET /api/health - Client IP: 10.194.22.45 - Status 200 OK (elapsed: 15ms)
[2026-07-30 18:05:14] [INFO] [INFRA_SIMULATOR] windows_servers | Status: Healthy | Metrics: cpu: 24.52, memory: 47.37, disk: 62.1, fortify_cpu: 18.52, fortify_mem: 32.56, iis_threads: 251, iis_sessions: 1419
[2026-07-30 18:05:24] [INFO] [INFRA_SIMULATOR] windows_servers | Status: Healthy | Metrics: cpu: 21.4, memory: 48.17, disk: 62.1, fortify_cpu: 17.91, fortify_mem: 32.37, iis_threads: 249, iis_sessions: 1418
[2026-07-30 18:05:24] [INFO] [LOG_AGENT] [IIS-SERVER] GET /api/health - Client IP: 10.194.22.45 - Status 200 OK (elapsed: 15ms)
[2026-07-30 18:05:34] [INFO] [INFRA_SIMULATOR] windows_servers | Status: Healthy | Metrics: cpu: 21.52, memory: 48.31, disk: 62.1, fortify_cpu: 17.8, fortify_mem: 32.19, iis_threads: 251, iis_sessions: 1422
[2026-07-30 18:05:44] [INFO] [INFRA_SIMULATOR] windows_servers | Status: Healthy | Metrics: cpu: 21.43, memory: 49.26, disk: 62.1, fortify_cpu: 19.09, fortify_mem: 32.18, iis_threads: 247, iis_sessions: 1429
[2026-07-30 18:05:54] [INFO] [INFRA_SIMULATOR] windows_servers | Status: Healthy | Metrics: cpu: 21.52, memory: 48.41, disk: 62.1, fortify_cpu: 19.07, fortify_mem: 32.23, iis_threads: 254, iis_sessions: 1416
[2026-07-30 18:06:04] [INFO] [INFRA_SIMULATOR] windows_servers | Status: Healthy | Metrics: cpu: 25.93, memory: 49.3, disk: 62.1, fortify_cpu: 17.76, fortify_mem: 32.4, iis_threads: 245, iis_sessions: 1411
[2026-07-30 18:06:14] [INFO] [INFRA_SIMULATOR] windows_servers | Status: Healthy | Metrics: cpu: 24.38, memory: 48.32, disk: 62.1, fortify_cpu: 18.33, fortify_mem: 32.35, iis_threads: 250, iis_sessions: 1424
[2026-07-30 18:06:14] [INFO] [LOG_AGENT] [IIS-SERVER] GET /api/health - Client IP: 10.194.22.45 - Status 200 OK (elapsed: 15ms)
[2026-07-30 18:06:24] [INFO] [INFRA_SIMULATOR] windows_servers | Status: Healthy | Metrics: cpu: 24.65, memory: 47.88, disk: 62.1, fortify_cpu: 18.57, fortify_mem: 32.48, iis_threads: 253, iis_sessions: 1427
[2026-07-30 18:06:34] [INFO] [INFRA_SIMULATOR] windows_servers | Status: Healthy | Metrics: cpu: 18.75, memory: 49.96, disk: 62.1, fortify_cpu: 19.1, fortify_mem: 32.48, iis_threads: 251, iis_sessions: 1410
[2026-07-30 18:06:44] [INFO] [INFRA_SIMULATOR] windows_servers | Status: Healthy | Metrics: cpu: 23.98, memory: 47.88, disk: 62.1, fortify_cpu: 19.21, fortify_mem: 32.22, iis_threads: 252, iis_sessions: 1421
[2026-07-30 18:06:54] [INFO] [INFRA_SIMULATOR] windows_servers | Status: Healthy | Metrics: cpu: 19.75, memory: 48.85, disk: 62.1, fortify_cpu: 18.83, fortify_mem: 32.19, iis_threads: 252, iis_sessions: 1429
[2026-07-30 18:07:04] [INFO] [INFRA_SIMULATOR] windows_servers | Status: Healthy | Metrics: cpu: 22.29, memory: 48.4, disk: 62.1, fortify_cpu: 18.63, fortify_mem: 32.2, iis_threads: 247, iis_sessions: 1416
[2026-07-30 18:07:04] [INFO] [LOG_AGENT] [IIS-SERVER] GET /api/health - Client IP: 10.194.22.45 - Status 200 OK (elapsed: 15ms)
[2026-07-30 18:07:14] [INFO] [INFRA_SIMULATOR] windows_servers | Status: Healthy | Metrics: cpu: 23.72, memory: 47.19, disk: 62.1, fortify_cpu: 18.39, fortify_mem: 32.65, iis_threads: 247, iis_sessions: 1420
[2026-07-30 18:07:24] [INFO] [INFRA_SIMULATOR] windows_servers | Status: Healthy | Metrics: cpu: 19.41, memory: 49.49, disk: 62.1, fortify_cpu: 18.52, fortify_mem: 32.4, iis_threads: 248, iis_sessions: 1418
[2026-07-30 18:07:34] [INFO] [INFRA_SIMULATOR] windows_servers | Status: Healthy | Metrics: cpu: 21.48, memory: 48.64, disk: 62.1, fortify_cpu: 19.14, fortify_mem: 32.56, iis_threads: 246, iis_sessions: 1418
[2026-07-30 18:07:44] [INFO] [INFRA_SIMULATOR] windows_servers | Status: Healthy | Metrics: cpu: 23.29, memory: 47.25, disk: 62.1, fortify_cpu: 17.86, fortify_mem: 32.2, iis_threads: 252, iis_sessions: 1420
[2026-07-30 18:07:54] [INFO] [INFRA_SIMULATOR] windows_servers | Status: Healthy | Metrics: cpu: 26.3, memory: 47.94, disk: 62.1, fortify_cpu: 18.68, fortify_mem: 32.38, iis_threads: 247, iis_sessions: 1427
[2026-07-30 18:07:54] [INFO] [LOG_AGENT] [IIS-SERVER] GET /api/health - Client IP: 10.194.22.45 - Status 200 OK (elapsed: 15ms)
[2026-07-30 18:08:04] [INFO] [INFRA_SIMULATOR] windows_servers | Status: Healthy | Metrics: cpu: 18.94, memory: 47.42, disk: 62.1, fortify_cpu: 19.33, fortify_mem: 32.32, iis_threads: 250, iis_sessions: 1416
[2026-07-30 18:08:14] [INFO] [INFRA_SIMULATOR] windows_servers | Status: Healthy | Metrics: cpu: 22.91, memory: 47.2, disk: 62.1, fortify_cpu: 18.05, fortify_mem: 32.65, iis_threads: 254, iis_sessions: 1420
[2026-07-30 18:08:24] [INFO] [INFRA_SIMULATOR] windows_servers | Status: Healthy | Metrics: cpu: 26.17, memory: 49.33, disk: 62.1, fortify_cpu: 18.95, fortify_mem: 32.46, iis_threads: 251, iis_sessions: 1427
[2026-07-30 18:08:34] [INFO] [INFRA_SIMULATOR] windows_servers | Status: Healthy | Metrics: cpu: 18.53, memory: 49.16, disk: 62.1, fortify_cpu: 19.29, fortify_mem: 32.54, iis_threads: 254, iis_sessions: 1411
[2026-07-30 18:08:44] [INFO] [INFRA_SIMULATOR] windows_servers | Status: Healthy | Metrics: cpu: 22.67, memory: 49.91, disk: 62.1, fortify_cpu: 18.66, fortify_mem: 32.46, iis_threads: 249, iis_sessions: 1412
[2026-07-30 18:08:54] [INFO] [INFRA_SIMULATOR] windows_servers | Status: Healthy | Metrics: cpu: 21.81, memory: 48.96, disk: 62.1, fortify_cpu: 18.96, fortify_mem: 32.43, iis_threads: 252, iis_sessions: 1413
[2026-07-30 18:09:04] [INFO] [INFRA_SIMULATOR] windows_servers | Status: Healthy | Metrics: cpu: 18.52, memory: 47.51, disk: 62.1, fortify_cpu: 19.41, fortify_mem: 32.3, iis_threads: 252, iis_sessions: 1413
[2026-07-30 18:09:14] [INFO] [INFRA_SIMULATOR] windows_servers | Status: Healthy | Metrics: cpu: 25.16, memory: 49.15, disk: 62.1, fortify_cpu: 18.8, fortify_mem: 32.56, iis_threads: 247, iis_sessions: 1423
[2026-07-30 18:09:24] [INFO] [INFRA_SIMULATOR] windows_servers | Status: Healthy | Metrics: cpu: 24.13, memory: 47.21, disk: 62.1, fortify_cpu: 19.39, fortify_mem: 32.47, iis_threads: 248, iis_sessions: 1421
[2026-07-30 18:09:34] [INFO] [INFRA_SIMULATOR] windows_servers | Status: Healthy | Metrics: cpu: 19.1, memory: 49.3, disk: 62.1, fortify_cpu: 17.59, fortify_mem: 32.16, iis_threads: 249, iis_sessions: 1417
[2026-07-30 18:09:34] [INFO] [LOG_AGENT] [IIS-SERVER] GET /api/health - Client IP: 10.194.22.45 - Status 200 OK (elapsed: 15ms)
[2026-07-30 18:09:44] [INFO] [INFRA_SIMULATOR] windows_servers | Status: Healthy | Metrics: cpu: 21.33, memory: 48.13, disk: 62.1, fortify_cpu: 18.8, fortify_mem: 32.39, iis_threads: 246, iis_sessions: 1412
[2026-07-30 18:09:54] [INFO] [INFRA_SIMULATOR] windows_servers | Status: Healthy | Metrics: cpu: 22.47, memory: 49.59, disk: 62.1, fortify_cpu: 17.52, fortify_mem: 32.37, iis_threads: 250, iis_sessions: 1423
[2026-07-30 18:10:04] [INFO] [INFRA_SIMULATOR] windows_servers | Status: Healthy | Metrics: cpu: 21.32, memory: 49.37, disk: 62.1, fortify_cpu: 18.68, fortify_mem: 32.35, iis_threads: 250, iis_sessions: 1425
[2026-07-30 18:10:14] [INFO] [INFRA_SIMULATOR] windows_servers | Status: Healthy | Metrics: cpu: 26.19, memory: 49.78, disk: 62.1, fortify_cpu: 17.54, fortify_mem: 32.29, iis_threads: 248, iis_sessions: 1424
[2026-07-30 18:10:14] [INFO] [LOG_AGENT] [IIS-SERVER] GET /api/health - Client IP: 10.194.22.45 - Status 200 OK (elapsed: 15ms)
[2026-07-30 18:10:24] [INFO] [INFRA_SIMULATOR] windows_servers | Status: Healthy | Metrics: cpu: 23.62, memory: 49.55, disk: 62.1, fortify_cpu: 17.67, fortify_mem: 32.5, iis_threads: 252, iis_sessions: 1418
[2026-07-30 18:10:34] [INFO] [INFRA_SIMULATOR] windows_servers | Status: Healthy | Metrics: cpu: 20.59, memory: 49.37, disk: 62.1, fortify_cpu: 18.97, fortify_mem: 32.31, iis_threads: 251, iis_sessions: 1416
[2026-07-30 18:10:34] [INFO] [LOG_AGENT] [IIS-SERVER] GET /api/health - Client IP: 10.194.22.45 - Status 200 OK (elapsed: 15ms)
[2026-07-30 18:10:44] [INFO] [INFRA_SIMULATOR] windows_servers | Status: Healthy | Metrics: cpu: 22.27, memory: 49.43, disk: 62.1, fortify_cpu: 18.82, fortify_mem: 32.44, iis_threads: 250, iis_sessions: 1417
[2026-07-30 18:10:54] [INFO] [INFRA_SIMULATOR] windows_servers | Status: Healthy | Metrics: cpu: 25.07, memory: 49.64, disk: 62.1, fortify_cpu: 18.06, fortify_mem: 32.59, iis_threads: 245, iis_sessions: 1426
[2026-07-30 18:11:04] [INFO] [INFRA_SIMULATOR] windows_servers | Status: Healthy | Metrics: cpu: 22.54, memory: 48.09, disk: 62.1, fortify_cpu: 17.61, fortify_mem: 32.18, iis_threads: 247, iis_sessions: 1424
[2026-07-30 18:11:14] [INFO] [INFRA_SIMULATOR] windows_servers | Status: Healthy | Metrics: cpu: 21.33, memory: 49.67, disk: 62.1, fortify_cpu: 18.02, fortify_mem: 32.54, iis_threads: 246, iis_sessions: 1413
[2026-07-30 18:11:24] [INFO] [INFRA_SIMULATOR] windows_servers | Status: Healthy | Metrics: cpu: 26.06, memory: 49.22, disk: 62.1, fortify_cpu: 18.71, fortify_mem: 32.19, iis_threads: 251, iis_sessions: 1421
[2026-07-30 18:11:24] [INFO] [LOG_AGENT] [IIS-SERVER] GET /api/health - Client IP: 10.194.22.45 - Status 200 OK (elapsed: 15ms)
[2026-07-30 18:11:34] [INFO] [INFRA_SIMULATOR] windows_servers | Status: Healthy | Metrics: cpu: 23.26, memory: 47.59, disk: 62.1, fortify_cpu: 17.98, fortify_mem: 32.53, iis_threads: 248, iis_sessions: 1412
[2026-07-30 18:11:44] [INFO] [INFRA_SIMULATOR] windows_servers | Status: Healthy | Metrics: cpu: 20.46, memory: 48.71, disk: 62.1, fortify_cpu: 17.61, fortify_mem: 32.28, iis_threads: 251, iis_sessions: 1418
[2026-07-30 18:11:54] [INFO] [INFRA_SIMULATOR] windows_servers | Status: Healthy | Metrics: cpu: 24.23, memory: 49.41, disk: 62.1, fortify_cpu: 18.57, fortify_mem: 32.46, iis_threads: 246, iis_sessions: 1410
[2026-07-30 18:12:04] [INFO] [INFRA_SIMULATOR] windows_servers | Status: Healthy | Metrics: cpu: 23.35, memory: 49.21, disk: 62.1, fortify_cpu: 19.27, fortify_mem: 32.22, iis_threads: 252, iis_sessions: 1416
[2026-07-30 18:12:14] [INFO] [INFRA_SIMULATOR] windows_servers | Status: Healthy | Metrics: cpu: 25.21, memory: 48.61, disk: 62.1, fortify_cpu: 19.25, fortify_mem: 32.52, iis_threads: 251, iis_sessions: 1414
[2026-07-30 18:12:24] [INFO] [INFRA_SIMULATOR] windows_servers | Status: Healthy | Metrics: cpu: 19.39, memory: 50, disk: 62.1, fortify_cpu: 18.68, fortify_mem: 32.21, iis_threads: 249, iis_sessions: 1413
[2026-07-30 18:12:34] [INFO] [INFRA_SIMULATOR] windows_servers | Status: Healthy | Metrics: cpu: 24.57, memory: 47.4, disk: 62.1, fortify_cpu: 18.15, fortify_mem: 32.62, iis_threads: 251, iis_sessions: 1415
[2026-07-30 18:12:44] [INFO] [INFRA_SIMULATOR] windows_servers | Status: Healthy | Metrics: cpu: 21.77, memory: 48.26, disk: 62.1, fortify_cpu: 18.69, fortify_mem: 32.23, iis_threads: 254, iis_sessions: 1410
[2026-07-30 18:12:54] [INFO] [INFRA_SIMULATOR] windows_servers | Status: Healthy | Metrics: cpu: 18.53, memory: 48.76, disk: 62.1, fortify_cpu: 17.69, fortify_mem: 32.22, iis_threads: 249, iis_sessions: 1413
[2026-07-30 18:13:04] [INFO] [INFRA_SIMULATOR] windows_servers | Status: Healthy | Metrics: cpu: 26.02, memory: 48.39, disk: 62.1, fortify_cpu: 18.42, fortify_mem: 32.43, iis_threads: 252, iis_sessions: 1429
[2026-07-30 18:13:14] [INFO] [INFRA_SIMULATOR] windows_servers | Status: Healthy | Metrics: cpu: 19.67, memory: 48.52, disk: 62.1, fortify_cpu: 18.29, fortify_mem: 32.38, iis_threads: 246, iis_sessions: 1427
[2026-07-30 18:13:25] [INFO] [INFRA_SIMULATOR] windows_servers | Status: Healthy | Metrics: cpu: 22.21, memory: 48.49, disk: 62.1, fortify_cpu: 18.19, fortify_mem: 32.42, iis_threads: 247, iis_sessions: 1415
[2026-07-30 18:13:25] [INFO] [LOG_AGENT] [IIS-SERVER] GET /api/health - Client IP: 10.194.22.45 - Status 200 OK (elapsed: 15ms)
[2026-07-30 18:13:35] [INFO] [INFRA_SIMULATOR] windows_servers | Status: Healthy | Metrics: cpu: 18.62, memory: 49.22, disk: 62.1, fortify_cpu: 18.14, fortify_mem: 32.39, iis_threads: 250, iis_sessions: 1416
[2026-07-30 18:13:44] [INFO] [INFRA_SIMULATOR] windows_servers | Status: Healthy | Metrics: cpu: 25.97, memory: 47.63, disk: 62.1, fortify_cpu: 18, fortify_mem: 32.46, iis_threads: 252, iis_sessions: 1416
[2026-07-30 18:13:55] [INFO] [INFRA_SIMULATOR] windows_servers | Status: Healthy | Metrics: cpu: 24.8, memory: 47.43, disk: 62.1, fortify_cpu: 18.49, fortify_mem: 32.42, iis_threads: 245, iis_sessions: 1424
[2026-07-30 18:13:55] [INFO] [LOG_AGENT] [IIS-SERVER] GET /api/health - Client IP: 10.194.22.45 - Status 200 OK (elapsed: 15ms)
[2026-07-30 18:14:05] [INFO] [INFRA_SIMULATOR] windows_servers | Status: Healthy | Metrics: cpu: 19.16, memory: 49.72, disk: 62.1, fortify_cpu: 17.85, fortify_mem: 32.24, iis_threads: 245, iis_sessions: 1414
[2026-07-30 18:14:05] [INFO] [LOG_AGENT] [IIS-SERVER] GET /api/health - Client IP: 10.194.22.45 - Status 200 OK (elapsed: 15ms)
[2026-07-30 18:14:15] [INFO] [INFRA_SIMULATOR] windows_servers | Status: Healthy | Metrics: cpu: 20.92, memory: 47.71, disk: 62.1, fortify_cpu: 19.07, fortify_mem: 32.62, iis_threads: 245, iis_sessions: 1411
[2026-07-30 18:14:25] [INFO] [INFRA_SIMULATOR] windows_servers | Status: Healthy | Metrics: cpu: 19.38, memory: 49, disk: 62.1, fortify_cpu: 18.72, fortify_mem: 32.33, iis_threads: 248, iis_sessions: 1420
[2026-07-30 18:14:25] [INFO] [LOG_AGENT] [IIS-SERVER] GET /api/health - Client IP: 10.194.22.45 - Status 200 OK (elapsed: 15ms)
[2026-07-30 18:14:35] [INFO] [INFRA_SIMULATOR] windows_servers | Status: Healthy | Metrics: cpu: 22.29, memory: 49.65, disk: 62.1, fortify_cpu: 19.16, fortify_mem: 32.3, iis_threads: 254, iis_sessions: 1412
[2026-07-30 18:14:45] [INFO] [INFRA_SIMULATOR] windows_servers | Status: Healthy | Metrics: cpu: 18.63, memory: 48.15, disk: 62.1, fortify_cpu: 17.58, fortify_mem: 32.63, iis_threads: 251, iis_sessions: 1424
[2026-07-30 18:14:55] [INFO] [INFRA_SIMULATOR] windows_servers | Status: Healthy | Metrics: cpu: 20.72, memory: 47.74, disk: 62.1, fortify_cpu: 19.13, fortify_mem: 32.56, iis_threads: 252, iis_sessions: 1420
[2026-07-30 18:15:05] [INFO] [INFRA_SIMULATOR] windows_servers | Status: Healthy | Metrics: cpu: 24.61, memory: 47.17, disk: 62.1, fortify_cpu: 19.07, fortify_mem: 32.2, iis_threads: 254, iis_sessions: 1417
[2026-07-30 18:15:15] [INFO] [INFRA_SIMULATOR] windows_servers | Status: Healthy | Metrics: cpu: 25.3, memory: 49.53, disk: 62.1, fortify_cpu: 17.67, fortify_mem: 32.35, iis_threads: 250, iis_sessions: 1416
[2026-07-30 18:15:25] [INFO] [INFRA_SIMULATOR] windows_servers | Status: Healthy | Metrics: cpu: 25.13, memory: 49.75, disk: 62.1, fortify_cpu: 18.24, fortify_mem: 32.42, iis_threads: 254, iis_sessions: 1413
[2026-07-30 18:15:35] [INFO] [INFRA_SIMULATOR] windows_servers | Status: Healthy | Metrics: cpu: 23.25, memory: 48.04, disk: 62.1, fortify_cpu: 19.02, fortify_mem: 32.26, iis_threads: 253, iis_sessions: 1420
[2026-07-30 18:15:45] [INFO] [INFRA_SIMULATOR] windows_servers | Status: Healthy | Metrics: cpu: 18.95, memory: 48.8, disk: 62.1, fortify_cpu: 19.28, fortify_mem: 32.38, iis_threads: 253, iis_sessions: 1423
[2026-07-30 18:15:55] [INFO] [INFRA_SIMULATOR] windows_servers | Status: Healthy | Metrics: cpu: 26.13, memory: 49.61, disk: 62.1, fortify_cpu: 18.15, fortify_mem: 32.19, iis_threads: 251, iis_sessions: 1412
[2026-07-30 18:16:05] [INFO] [INFRA_SIMULATOR] windows_servers | Status: Healthy | Metrics: cpu: 20.72, memory: 47.94, disk: 62.1, fortify_cpu: 19.17, fortify_mem: 32.2, iis_threads: 247, iis_sessions: 1426
[2026-07-30 18:16:05] [INFO] [LOG_AGENT] [IIS-SERVER] GET /api/health - Client IP: 10.194.22.45 - Status 200 OK (elapsed: 15ms)
[2026-07-30 18:16:15] [INFO] [INFRA_SIMULATOR] windows_servers | Status: Healthy | Metrics: cpu: 21.32, memory: 49.21, disk: 62.1, fortify_cpu: 18.21, fortify_mem: 32.61, iis_threads: 251, iis_sessions: 1418
[2026-07-30 18:16:25] [INFO] [INFRA_SIMULATOR] windows_servers | Status: Healthy | Metrics: cpu: 24.27, memory: 48.99, disk: 62.1, fortify_cpu: 17.7, fortify_mem: 32.39, iis_threads: 245, iis_sessions: 1425
[2026-07-30 18:16:25] [INFO] [LOG_AGENT] [IIS-SERVER] GET /api/health - Client IP: 10.194.22.45 - Status 200 OK (elapsed: 15ms)
[2026-07-30 18:16:35] [INFO] [INFRA_SIMULATOR] windows_servers | Status: Healthy | Metrics: cpu: 25.28, memory: 47.58, disk: 62.1, fortify_cpu: 18.38, fortify_mem: 32.35, iis_threads: 253, iis_sessions: 1416
[2026-07-30 18:16:45] [INFO] [INFRA_SIMULATOR] windows_servers | Status: Healthy | Metrics: cpu: 25.33, memory: 48.33, disk: 62.1, fortify_cpu: 18.55, fortify_mem: 32.57, iis_threads: 246, iis_sessions: 1428
[2026-07-30 18:16:55] [INFO] [INFRA_SIMULATOR] windows_servers | Status: Healthy | Metrics: cpu: 19.19, memory: 48.69, disk: 62.1, fortify_cpu: 18.84, fortify_mem: 32.62, iis_threads: 249, iis_sessions: 1425
[2026-07-30 18:17:05] [INFO] [INFRA_SIMULATOR] windows_servers | Status: Healthy | Metrics: cpu: 21.54, memory: 48.14, disk: 62.1, fortify_cpu: 17.79, fortify_mem: 32.53, iis_threads: 249, iis_sessions: 1415
[2026-07-30 18:17:05] [INFO] [LOG_AGENT] [IIS-SERVER] GET /api/health - Client IP: 10.194.22.45 - Status 200 OK (elapsed: 15ms)
[2026-07-30 18:17:15] [INFO] [INFRA_SIMULATOR] windows_servers | Status: Healthy | Metrics: cpu: 25.61, memory: 47.8, disk: 62.1, fortify_cpu: 19.48, fortify_mem: 32.35, iis_threads: 248, iis_sessions: 1413
[2026-07-30 18:17:25] [INFO] [INFRA_SIMULATOR] windows_servers | Status: Healthy | Metrics: cpu: 22.89, memory: 49.14, disk: 62.1, fortify_cpu: 18.91, fortify_mem: 32.21, iis_threads: 248, iis_sessions: 1417
[2026-07-30 18:17:25] [INFO] [LOG_AGENT] [IIS-SERVER] GET /api/health - Client IP: 10.194.22.45 - Status 200 OK (elapsed: 15ms)
[2026-07-30 18:17:35] [INFO] [INFRA_SIMULATOR] windows_servers | Status: Healthy | Metrics: cpu: 25.91, memory: 49.89, disk: 62.1, fortify_cpu: 17.62, fortify_mem: 32.54, iis_threads: 252, iis_sessions: 1417
[2026-07-30 18:17:45] [INFO] [INFRA_SIMULATOR] windows_servers | Status: Healthy | Metrics: cpu: 19.11, memory: 49.93, disk: 62.1, fortify_cpu: 19.21, fortify_mem: 32.42, iis_threads: 252, iis_sessions: 1416
[2026-07-30 18:17:55] [INFO] [INFRA_SIMULATOR] windows_servers | Status: Healthy | Metrics: cpu: 24.4, memory: 48.24, disk: 62.1, fortify_cpu: 17.56, fortify_mem: 32.22, iis_threads: 251, iis_sessions: 1422
[2026-07-30 18:18:05] [INFO] [INFRA_SIMULATOR] windows_servers | Status: Healthy | Metrics: cpu: 26.13, memory: 47.99, disk: 62.1, fortify_cpu: 18.86, fortify_mem: 32.57, iis_threads: 252, iis_sessions: 1410
[2026-07-30 18:18:05] [INFO] [LOG_AGENT] [IIS-SERVER] GET /api/health - Client IP: 10.194.22.45 - Status 200 OK (elapsed: 15ms)
[2026-07-30 18:18:15] [INFO] [INFRA_SIMULATOR] windows_servers | Status: Healthy | Metrics: cpu: 23.31, memory: 47.13, disk: 62.1, fortify_cpu: 19.09, fortify_mem: 32.52, iis_threads: 245, iis_sessions: 1414
[2026-07-30 18:18:25] [INFO] [INFRA_SIMULATOR] windows_servers | Status: Healthy | Metrics: cpu: 25.59, memory: 48.2, disk: 62.1, fortify_cpu: 18.5, fortify_mem: 32.52, iis_threads: 253, iis_sessions: 1419
[2026-07-30 18:18:25] [INFO] [LOG_AGENT] [IIS-SERVER] GET /api/health - Client IP: 10.194.22.45 - Status 200 OK (elapsed: 15ms)
[2026-07-30 18:18:35] [INFO] [INFRA_SIMULATOR] windows_servers | Status: Healthy | Metrics: cpu: 22.26, memory: 47.59, disk: 62.1, fortify_cpu: 19.46, fortify_mem: 32.62, iis_threads: 245, iis_sessions: 1428
[2026-07-30 18:18:45] [INFO] [INFRA_SIMULATOR] windows_servers | Status: Healthy | Metrics: cpu: 25.2, memory: 47.46, disk: 62.1, fortify_cpu: 19.08, fortify_mem: 32.19, iis_threads: 249, iis_sessions: 1423
[2026-07-30 18:18:45] [INFO] [LOG_AGENT] [IIS-SERVER] GET /api/health - Client IP: 10.194.22.45 - Status 200 OK (elapsed: 15ms)
[2026-07-30 18:18:55] [INFO] [INFRA_SIMULATOR] windows_servers | Status: Healthy | Metrics: cpu: 24.01, memory: 49.67, disk: 62.1, fortify_cpu: 17.89, fortify_mem: 32.39, iis_threads: 245, iis_sessions: 1428
[2026-07-30 18:18:55] [INFO] [LOG_AGENT] [IIS-SERVER] GET /api/health - Client IP: 10.194.22.45 - Status 200 OK (elapsed: 15ms)
[2026-07-30 18:19:05] [INFO] [INFRA_SIMULATOR] windows_servers | Status: Healthy | Metrics: cpu: 22.25, memory: 49.28, disk: 62.1, fortify_cpu: 17.87, fortify_mem: 32.45, iis_threads: 246, iis_sessions: 1422
[2026-07-30 18:19:15] [INFO] [INFRA_SIMULATOR] windows_servers | Status: Healthy | Metrics: cpu: 23.46, memory: 49.8, disk: 62.1, fortify_cpu: 19.09, fortify_mem: 32.41, iis_threads: 248, iis_sessions: 1426
[2026-07-30 18:19:25] [INFO] [INFRA_SIMULATOR] windows_servers | Status: Healthy | Metrics: cpu: 21.77, memory: 49.02, disk: 62.1, fortify_cpu: 18.69, fortify_mem: 32.28, iis_threads: 254, iis_sessions: 1425
[2026-07-30 18:19:35] [INFO] [INFRA_SIMULATOR] windows_servers | Status: Healthy | Metrics: cpu: 25.32, memory: 47.42, disk: 62.1, fortify_cpu: 18.58, fortify_mem: 32.22, iis_threads: 253, iis_sessions: 1415
[2026-07-30 18:19:45] [INFO] [INFRA_SIMULATOR] windows_servers | Status: Healthy | Metrics: cpu: 19.54, memory: 47.83, disk: 62.1, fortify_cpu: 19.19, fortify_mem: 32.29, iis_threads: 245, iis_sessions: 1426
[2026-07-30 18:19:55] [INFO] [INFRA_SIMULATOR] windows_servers | Status: Healthy | Metrics: cpu: 20.57, memory: 48.15, disk: 62.1, fortify_cpu: 18.21, fortify_mem: 32.34, iis_threads: 247, iis_sessions: 1425
[2026-07-30 18:20:05] [INFO] [INFRA_SIMULATOR] windows_servers | Status: Healthy | Metrics: cpu: 20.13, memory: 49.14, disk: 62.1, fortify_cpu: 17.92, fortify_mem: 32.47, iis_threads: 249, iis_sessions: 1420
[2026-07-30 18:20:15] [INFO] [INFRA_SIMULATOR] windows_servers | Status: Healthy | Metrics: cpu: 20.96, memory: 48.4, disk: 62.1, fortify_cpu: 18.74, fortify_mem: 32.35, iis_threads: 245, iis_sessions: 1421
[2026-07-30 18:20:25] [INFO] [INFRA_SIMULATOR] windows_servers | Status: Healthy | Metrics: cpu: 19.81, memory: 48.03, disk: 62.1, fortify_cpu: 19.49, fortify_mem: 32.49, iis_threads: 245, iis_sessions: 1416
[2026-07-30 18:20:35] [INFO] [INFRA_SIMULATOR] windows_servers | Status: Healthy | Metrics: cpu: 20.26, memory: 49.6, disk: 62.1, fortify_cpu: 17.91, fortify_mem: 32.65, iis_threads: 250, iis_sessions: 1421
[2026-07-30 18:20:45] [INFO] [INFRA_SIMULATOR] windows_servers | Status: Healthy | Metrics: cpu: 22.78, memory: 50.1, disk: 62.1, fortify_cpu: 18.78, fortify_mem: 32.61, iis_threads: 254, iis_sessions: 1425
[2026-07-30 18:20:55] [INFO] [INFRA_SIMULATOR] windows_servers | Status: Healthy | Metrics: cpu: 22.17, memory: 47.24, disk: 62.1, fortify_cpu: 19.34, fortify_mem: 32.35, iis_threads: 248, iis_sessions: 1411
[2026-07-30 18:21:05] [INFO] [INFRA_SIMULATOR] windows_servers | Status: Healthy | Metrics: cpu: 18.93, memory: 49.32, disk: 62.1, fortify_cpu: 18.42, fortify_mem: 32.3, iis_threads: 246, iis_sessions: 1419
[2026-07-30 18:21:15] [INFO] [INFRA_SIMULATOR] windows_servers | Status: Healthy | Metrics: cpu: 24.26, memory: 47.74, disk: 62.1, fortify_cpu: 17.84, fortify_mem: 32.53, iis_threads: 252, iis_sessions: 1421
[2026-07-30 18:21:25] [INFO] [INFRA_SIMULATOR] windows_servers | Status: Healthy | Metrics: cpu: 23.7, memory: 49.83, disk: 62.1, fortify_cpu: 19.17, fortify_mem: 32.28, iis_threads: 251, iis_sessions: 1410
[2026-07-30 18:21:35] [INFO] [INFRA_SIMULATOR] windows_servers | Status: Healthy | Metrics: cpu: 22.31, memory: 49.1, disk: 62.1, fortify_cpu: 17.84, fortify_mem: 32.49, iis_threads: 250, iis_sessions: 1414
[2026-07-30 18:21:35] [INFO] [LOG_AGENT] [IIS-SERVER] GET /api/health - Client IP: 10.194.22.45 - Status 200 OK (elapsed: 15ms)
[2026-07-30 18:21:45] [INFO] [INFRA_SIMULATOR] windows_servers | Status: Healthy | Metrics: cpu: 23.92, memory: 48.28, disk: 62.1, fortify_cpu: 19.08, fortify_mem: 32.22, iis_threads: 251, iis_sessions: 1415
[2026-07-30 18:21:55] [INFO] [INFRA_SIMULATOR] windows_servers | Status: Healthy | Metrics: cpu: 25.31, memory: 49.55, disk: 62.1, fortify_cpu: 19.1, fortify_mem: 32.58, iis_threads: 254, iis_sessions: 1421
[2026-07-30 18:22:05] [INFO] [INFRA_SIMULATOR] windows_servers | Status: Healthy | Metrics: cpu: 25.97, memory: 47.33, disk: 62.1, fortify_cpu: 17.77, fortify_mem: 32.47, iis_threads: 250, iis_sessions: 1420
[2026-07-30 18:22:15] [INFO] [INFRA_SIMULATOR] windows_servers | Status: Healthy | Metrics: cpu: 18.46, memory: 47.37, disk: 62.1, fortify_cpu: 18.77, fortify_mem: 32.46, iis_threads: 252, iis_sessions: 1427
[2026-07-30 18:22:25] [INFO] [INFRA_SIMULATOR] windows_servers | Status: Healthy | Metrics: cpu: 25.35, memory: 47.45, disk: 62.1, fortify_cpu: 17.67, fortify_mem: 32.27, iis_threads: 254, iis_sessions: 1410
[2026-07-30 18:22:25] [INFO] [LOG_AGENT] [IIS-SERVER] GET /api/health - Client IP: 10.194.22.45 - Status 200 OK (elapsed: 15ms)
[2026-07-30 18:22:35] [INFO] [INFRA_SIMULATOR] windows_servers | Status: Healthy | Metrics: cpu: 20.16, memory: 48.4, disk: 62.1, fortify_cpu: 18.32, fortify_mem: 32.25, iis_threads: 252, iis_sessions: 1417
[2026-07-30 18:22:45] [INFO] [INFRA_SIMULATOR] windows_servers | Status: Healthy | Metrics: cpu: 26.29, memory: 48.14, disk: 62.1, fortify_cpu: 18.74, fortify_mem: 32.63, iis_threads: 249, iis_sessions: 1422
[2026-07-30 18:22:55] [INFO] [INFRA_SIMULATOR] windows_servers | Status: Healthy | Metrics: cpu: 21.91, memory: 47.31, disk: 62.1, fortify_cpu: 17.91, fortify_mem: 32.31, iis_threads: 248, iis_sessions: 1416
[2026-07-30 18:23:05] [INFO] [INFRA_SIMULATOR] windows_servers | Status: Healthy | Metrics: cpu: 19.06, memory: 49.92, disk: 62.1, fortify_cpu: 19.06, fortify_mem: 32.41, iis_threads: 248, iis_sessions: 1424
[2026-07-30 18:23:15] [INFO] [INFRA_SIMULATOR] windows_servers | Status: Healthy | Metrics: cpu: 23.77, memory: 48.49, disk: 62.1, fortify_cpu: 19.45, fortify_mem: 32.62, iis_threads: 251, iis_sessions: 1411
[2026-07-30 18:23:25] [INFO] [INFRA_SIMULATOR] windows_servers | Status: Healthy | Metrics: cpu: 18.78, memory: 47.69, disk: 62.1, fortify_cpu: 18.23, fortify_mem: 32.59, iis_threads: 250, iis_sessions: 1414
[2026-07-30 18:23:35] [INFO] [INFRA_SIMULATOR] windows_servers | Status: Healthy | Metrics: cpu: 24.91, memory: 49.01, disk: 62.1, fortify_cpu: 17.56, fortify_mem: 32.41, iis_threads: 252, iis_sessions: 1428
[2026-07-30 18:23:35] [INFO] [LOG_AGENT] [IIS-SERVER] GET /api/health - Client IP: 10.194.22.45 - Status 200 OK (elapsed: 15ms)
[2026-07-30 18:23:35] [INFO] [LOG_AGENT] [IIS-SERVER] GET /api/health - Client IP: 10.194.22.45 - Status 200 OK (elapsed: 15ms)
[2026-07-30 18:23:45] [INFO] [INFRA_SIMULATOR] windows_servers | Status: Healthy | Metrics: cpu: 19.16, memory: 49.95, disk: 62.1, fortify_cpu: 18.38, fortify_mem: 32.59, iis_threads: 248, iis_sessions: 1423
[2026-07-30 18:23:55] [INFO] [INFRA_SIMULATOR] windows_servers | Status: Healthy | Metrics: cpu: 20.31, memory: 47.26, disk: 62.1, fortify_cpu: 17.83, fortify_mem: 32.31, iis_threads: 246, iis_sessions: 1426
[2026-07-30 18:24:05] [INFO] [INFRA_SIMULATOR] windows_servers | Status: Healthy | Metrics: cpu: 23.63, memory: 49.71, disk: 62.1, fortify_cpu: 18.05, fortify_mem: 32.39, iis_threads: 250, iis_sessions: 1429
[2026-07-30 18:24:15] [INFO] [INFRA_SIMULATOR] windows_servers | Status: Healthy | Metrics: cpu: 19.51, memory: 48.47, disk: 62.1, fortify_cpu: 17.84, fortify_mem: 32.24, iis_threads: 254, iis_sessions: 1418
[2026-07-30 18:24:25] [INFO] [INFRA_SIMULATOR] windows_servers | Status: Healthy | Metrics: cpu: 20.32, memory: 47.44, disk: 62.1, fortify_cpu: 19.48, fortify_mem: 32.55, iis_threads: 248, iis_sessions: 1423
[2026-07-30 18:24:35] [INFO] [INFRA_SIMULATOR] windows_servers | Status: Healthy | Metrics: cpu: 26.33, memory: 48.22, disk: 62.1, fortify_cpu: 18.67, fortify_mem: 32.16, iis_threads: 253, iis_sessions: 1418
[2026-07-30 18:24:45] [INFO] [INFRA_SIMULATOR] windows_servers | Status: Healthy | Metrics: cpu: 24.48, memory: 47.97, disk: 62.1, fortify_cpu: 17.93, fortify_mem: 32.45, iis_threads: 254, iis_sessions: 1418
[2026-07-30 18:24:55] [INFO] [INFRA_SIMULATOR] windows_servers | Status: Healthy | Metrics: cpu: 23.04, memory: 47.17, disk: 62.1, fortify_cpu: 19.19, fortify_mem: 32.23, iis_threads: 251, iis_sessions: 1410
[2026-07-30 18:24:55] [INFO] [LOG_AGENT] [IIS-SERVER] GET /api/health - Client IP: 10.194.22.45 - Status 200 OK (elapsed: 15ms)
[2026-07-30 18:25:05] [INFO] [INFRA_SIMULATOR] windows_servers | Status: Healthy | Metrics: cpu: 22.65, memory: 49.36, disk: 62.1, fortify_cpu: 18.81, fortify_mem: 32.49, iis_threads: 250, iis_sessions: 1413
[2026-07-30 18:25:15] [INFO] [INFRA_SIMULATOR] windows_servers | Status: Healthy | Metrics: cpu: 20.86, memory: 47.97, disk: 62.1, fortify_cpu: 18.3, fortify_mem: 32.56, iis_threads: 253, iis_sessions: 1415
[2026-07-30 18:25:25] [INFO] [INFRA_SIMULATOR] windows_servers | Status: Healthy | Metrics: cpu: 21.36, memory: 48.84, disk: 62.1, fortify_cpu: 18.83, fortify_mem: 32.56, iis_threads: 245, iis_sessions: 1426
[2026-07-30 18:25:35] [INFO] [INFRA_SIMULATOR] windows_servers | Status: Healthy | Metrics: cpu: 21.41, memory: 48.75, disk: 62.1, fortify_cpu: 19.1, fortify_mem: 32.56, iis_threads: 246, iis_sessions: 1410
[2026-07-30 18:25:45] [INFO] [INFRA_SIMULATOR] windows_servers | Status: Healthy | Metrics: cpu: 20.68, memory: 48.46, disk: 62.1, fortify_cpu: 18.32, fortify_mem: 32.21, iis_threads: 251, iis_sessions: 1416
[2026-07-30 18:25:55] [INFO] [INFRA_SIMULATOR] windows_servers | Status: Healthy | Metrics: cpu: 25.09, memory: 50.09, disk: 62.1, fortify_cpu: 18.29, fortify_mem: 32.21, iis_threads: 254, iis_sessions: 1423
[2026-07-30 18:26:05] [INFO] [INFRA_SIMULATOR] windows_servers | Status: Healthy | Metrics: cpu: 18.66, memory: 47.51, disk: 62.1, fortify_cpu: 18.78, fortify_mem: 32.25, iis_threads: 247, iis_sessions: 1419
[2026-07-30 18:26:15] [INFO] [INFRA_SIMULATOR] windows_servers | Status: Healthy | Metrics: cpu: 21.11, memory: 47.8, disk: 62.1, fortify_cpu: 18.75, fortify_mem: 32.52, iis_threads: 252, iis_sessions: 1427
[2026-07-30 18:26:25] [INFO] [INFRA_SIMULATOR] windows_servers | Status: Healthy | Metrics: cpu: 19.87, memory: 48.45, disk: 62.1, fortify_cpu: 19.42, fortify_mem: 32.59, iis_threads: 253, iis_sessions: 1413
[2026-07-30 18:26:35] [INFO] [INFRA_SIMULATOR] windows_servers | Status: Healthy | Metrics: cpu: 20.59, memory: 49.36, disk: 62.1, fortify_cpu: 18.67, fortify_mem: 32.41, iis_threads: 247, iis_sessions: 1420
[2026-07-30 18:26:45] [INFO] [INFRA_SIMULATOR] windows_servers | Status: Healthy | Metrics: cpu: 20.32, memory: 49.23, disk: 62.1, fortify_cpu: 18.01, fortify_mem: 32.39, iis_threads: 251, iis_sessions: 1415
[2026-07-30 18:26:55] [INFO] [INFRA_SIMULATOR] windows_servers | Status: Healthy | Metrics: cpu: 23.68, memory: 47.76, disk: 62.1, fortify_cpu: 18.02, fortify_mem: 32.43, iis_threads: 246, iis_sessions: 1429
[2026-07-30 18:26:55] [INFO] [LOG_AGENT] [IIS-SERVER] GET /api/health - Client IP: 10.194.22.45 - Status 200 OK (elapsed: 15ms)
[2026-07-30 18:27:05] [INFO] [INFRA_SIMULATOR] windows_servers | Status: Healthy | Metrics: cpu: 25.79, memory: 49.38, disk: 62.1, fortify_cpu: 18.08, fortify_mem: 32.49, iis_threads: 251, iis_sessions: 1418
[2026-07-30 18:27:15] [INFO] [INFRA_SIMULATOR] windows_servers | Status: Healthy | Metrics: cpu: 23.92, memory: 47.63, disk: 62.1, fortify_cpu: 18.76, fortify_mem: 32.59, iis_threads: 251, iis_sessions: 1414
[2026-07-30 18:38:44] [INFO] [INFRA_SIMULATOR] windows_servers | Status: Healthy | Metrics: cpu: 18.71, memory: 47.73, disk: 62.1, fortify_cpu: 18.45, fortify_mem: 32.34, iis_threads: 252, iis_sessions: 1415
[2026-07-30 18:38:54] [INFO] [INFRA_SIMULATOR] windows_servers | Status: Healthy | Metrics: cpu: 20.09, memory: 48.57, disk: 62.1, fortify_cpu: 18.17, fortify_mem: 32.46, iis_threads: 250, iis_sessions: 1424
[2026-07-30 18:39:04] [INFO] [INFRA_SIMULATOR] windows_servers | Status: Healthy | Metrics: cpu: 21.3, memory: 48.8, disk: 62.1, fortify_cpu: 19.09, fortify_mem: 32.29, iis_threads: 245, iis_sessions: 1426
[2026-07-30 18:39:14] [INFO] [INFRA_SIMULATOR] windows_servers | Status: Healthy | Metrics: cpu: 24.39, memory: 47.68, disk: 62.1, fortify_cpu: 17.97, fortify_mem: 32.53, iis_threads: 251, iis_sessions: 1422
[2026-07-30 18:39:14] [INFO] [LOG_AGENT] [IIS-SERVER] GET /api/health - Client IP: 10.194.22.45 - Status 200 OK (elapsed: 15ms)
[2026-07-30 18:39:24] [INFO] [INFRA_SIMULATOR] windows_servers | Status: Healthy | Metrics: cpu: 23.94, memory: 49.41, disk: 62.1, fortify_cpu: 19.19, fortify_mem: 32.6, iis_threads: 250, iis_sessions: 1420
[2026-07-30 18:39:24] [INFO] [LOG_AGENT] [IIS-SERVER] GET /api/health - Client IP: 10.194.22.45 - Status 200 OK (elapsed: 15ms)
[2026-07-30 18:39:34] [INFO] [INFRA_SIMULATOR] windows_servers | Status: Healthy | Metrics: cpu: 21.18, memory: 49.65, disk: 62.1, fortify_cpu: 17.82, fortify_mem: 32.16, iis_threads: 247, iis_sessions: 1417
[2026-07-30 18:39:34] [INFO] [LOG_AGENT] [IIS-SERVER] GET /api/health - Client IP: 10.194.22.45 - Status 200 OK (elapsed: 15ms)
[2026-07-30 18:39:34] [INFO] [LOG_AGENT] [IIS-SERVER] GET /api/health - Client IP: 10.194.22.45 - Status 200 OK (elapsed: 15ms)
[2026-07-30 18:39:44] [INFO] [INFRA_SIMULATOR] windows_servers | Status: Healthy | Metrics: cpu: 23.08, memory: 49.01, disk: 62.1, fortify_cpu: 19.4, fortify_mem: 32.3, iis_threads: 246, iis_sessions: 1422
[2026-07-30 18:39:54] [INFO] [INFRA_SIMULATOR] windows_servers | Status: Healthy | Metrics: cpu: 24.21, memory: 49.96, disk: 62.1, fortify_cpu: 18.67, fortify_mem: 32.19, iis_threads: 251, iis_sessions: 1412
[2026-07-30 18:40:04] [INFO] [INFRA_SIMULATOR] windows_servers | Status: Healthy | Metrics: cpu: 24.71, memory: 47.38, disk: 62.1, fortify_cpu: 19.28, fortify_mem: 32.57, iis_threads: 254, iis_sessions: 1429
[2026-07-30 18:40:14] [INFO] [INFRA_SIMULATOR] windows_servers | Status: Healthy | Metrics: cpu: 24.05, memory: 48.96, disk: 62.1, fortify_cpu: 18.7, fortify_mem: 32.65, iis_threads: 245, iis_sessions: 1410
[2026-07-30 18:40:24] [INFO] [INFRA_SIMULATOR] windows_servers | Status: Healthy | Metrics: cpu: 23.51, memory: 49.87, disk: 62.1, fortify_cpu: 17.98, fortify_mem: 32.31, iis_threads: 245, iis_sessions: 1425
[2026-07-30 18:40:34] [INFO] [INFRA_SIMULATOR] windows_servers | Status: Healthy | Metrics: cpu: 24.28, memory: 47.94, disk: 62.1, fortify_cpu: 18.92, fortify_mem: 32.48, iis_threads: 247, iis_sessions: 1422
[2026-07-30 18:40:44] [INFO] [INFRA_SIMULATOR] windows_servers | Status: Healthy | Metrics: cpu: 21.44, memory: 50.1, disk: 62.1, fortify_cpu: 18.3, fortify_mem: 32.25, iis_threads: 249, iis_sessions: 1412
[2026-07-30 18:40:54] [INFO] [INFRA_SIMULATOR] windows_servers | Status: Healthy | Metrics: cpu: 21.02, memory: 48.92, disk: 62.1, fortify_cpu: 18.56, fortify_mem: 32.45, iis_threads: 246, iis_sessions: 1425
[2026-07-30 18:41:04] [INFO] [INFRA_SIMULATOR] windows_servers | Status: Healthy | Metrics: cpu: 23.1, memory: 49.22, disk: 62.1, fortify_cpu: 17.91, fortify_mem: 32.36, iis_threads: 253, iis_sessions: 1429
[2026-07-30 18:41:04] [INFO] [LOG_AGENT] [IIS-SERVER] GET /api/health - Client IP: 10.194.22.45 - Status 200 OK (elapsed: 15ms)
[2026-07-30 18:41:14] [INFO] [INFRA_SIMULATOR] windows_servers | Status: Healthy | Metrics: cpu: 25.88, memory: 48.87, disk: 62.1, fortify_cpu: 19.42, fortify_mem: 32.39, iis_threads: 254, iis_sessions: 1426
[2026-07-30 18:41:24] [INFO] [INFRA_SIMULATOR] windows_servers | Status: Healthy | Metrics: cpu: 22.64, memory: 48.08, disk: 62.1, fortify_cpu: 18.68, fortify_mem: 32.27, iis_threads: 245, iis_sessions: 1424
[2026-07-30 18:41:34] [INFO] [INFRA_SIMULATOR] windows_servers | Status: Healthy | Metrics: cpu: 26.02, memory: 48.86, disk: 62.1, fortify_cpu: 17.51, fortify_mem: 32.2, iis_threads: 254, iis_sessions: 1421
[2026-07-30 18:41:44] [INFO] [INFRA_SIMULATOR] windows_servers | Status: Healthy | Metrics: cpu: 25.29, memory: 49.34, disk: 62.1, fortify_cpu: 18.68, fortify_mem: 32.62, iis_threads: 254, iis_sessions: 1410
[2026-07-30 18:41:54] [INFO] [INFRA_SIMULATOR] windows_servers | Status: Healthy | Metrics: cpu: 24.12, memory: 49.04, disk: 62.1, fortify_cpu: 19.17, fortify_mem: 32.49, iis_threads: 248, iis_sessions: 1427
[2026-07-30 18:42:04] [INFO] [INFRA_SIMULATOR] windows_servers | Status: Healthy | Metrics: cpu: 24.65, memory: 48.06, disk: 62.1, fortify_cpu: 18.74, fortify_mem: 32.2, iis_threads: 247, iis_sessions: 1415
[2026-07-30 18:42:14] [INFO] [INFRA_SIMULATOR] windows_servers | Status: Healthy | Metrics: cpu: 24.89, memory: 48.71, disk: 62.1, fortify_cpu: 19.31, fortify_mem: 32.6, iis_threads: 247, iis_sessions: 1429
[2026-07-30 18:42:14] [INFO] [LOG_AGENT] [IIS-SERVER] GET /api/health - Client IP: 10.194.22.45 - Status 200 OK (elapsed: 15ms)
[2026-07-30 18:42:24] [INFO] [INFRA_SIMULATOR] windows_servers | Status: Healthy | Metrics: cpu: 18.47, memory: 47.72, disk: 62.1, fortify_cpu: 18.03, fortify_mem: 32.41, iis_threads: 252, iis_sessions: 1422
[2026-07-30 18:42:34] [INFO] [INFRA_SIMULATOR] windows_servers | Status: Healthy | Metrics: cpu: 21.34, memory: 49.86, disk: 62.1, fortify_cpu: 17.89, fortify_mem: 32.48, iis_threads: 247, iis_sessions: 1427
[2026-07-30 18:42:34] [INFO] [LOG_AGENT] [IIS-SERVER] GET /api/health - Client IP: 10.194.22.45 - Status 200 OK (elapsed: 15ms)
[2026-07-30 18:42:44] [INFO] [INFRA_SIMULATOR] windows_servers | Status: Healthy | Metrics: cpu: 26.07, memory: 47.72, disk: 62.1, fortify_cpu: 17.9, fortify_mem: 32.45, iis_threads: 249, iis_sessions: 1426
[2026-07-30 18:42:44] [INFO] [LOG_AGENT] [IIS-SERVER] GET /api/health - Client IP: 10.194.22.45 - Status 200 OK (elapsed: 15ms)
[2026-07-30 18:42:54] [INFO] [INFRA_SIMULATOR] windows_servers | Status: Healthy | Metrics: cpu: 23.61, memory: 49.96, disk: 62.1, fortify_cpu: 19.46, fortify_mem: 32.19, iis_threads: 249, iis_sessions: 1411
[2026-07-30 18:43:04] [INFO] [INFRA_SIMULATOR] windows_servers | Status: Healthy | Metrics: cpu: 24.99, memory: 47.91, disk: 62.1, fortify_cpu: 17.78, fortify_mem: 32.54, iis_threads: 247, iis_sessions: 1427
[2026-07-30 18:43:14] [INFO] [INFRA_SIMULATOR] windows_servers | Status: Healthy | Metrics: cpu: 23.75, memory: 49.21, disk: 62.1, fortify_cpu: 18.22, fortify_mem: 32.4, iis_threads: 248, iis_sessions: 1415
[2026-07-30 18:43:24] [INFO] [INFRA_SIMULATOR] windows_servers | Status: Healthy | Metrics: cpu: 21.4, memory: 50.04, disk: 62.1, fortify_cpu: 19.01, fortify_mem: 32.52, iis_threads: 251, iis_sessions: 1417
[2026-07-30 18:43:24] [INFO] [LOG_AGENT] [IIS-SERVER] GET /api/health - Client IP: 10.194.22.45 - Status 200 OK (elapsed: 15ms)
[2026-07-30 18:43:34] [INFO] [INFRA_SIMULATOR] windows_servers | Status: Healthy | Metrics: cpu: 20.14, memory: 49.31, disk: 62.1, fortify_cpu: 18.28, fortify_mem: 32.17, iis_threads: 251, iis_sessions: 1414
[2026-07-30 18:43:44] [INFO] [INFRA_SIMULATOR] windows_servers | Status: Healthy | Metrics: cpu: 19, memory: 49.23, disk: 62.1, fortify_cpu: 18.32, fortify_mem: 32.16, iis_threads: 254, iis_sessions: 1421
[2026-07-30 18:43:54] [INFO] [INFRA_SIMULATOR] windows_servers | Status: Healthy | Metrics: cpu: 21.36, memory: 48.14, disk: 62.1, fortify_cpu: 19.29, fortify_mem: 32.59, iis_threads: 248, iis_sessions: 1423
[2026-07-30 18:44:04] [INFO] [INFRA_SIMULATOR] windows_servers | Status: Healthy | Metrics: cpu: 18.63, memory: 48.71, disk: 62.1, fortify_cpu: 18.87, fortify_mem: 32.53, iis_threads: 251, iis_sessions: 1417
[2026-07-30 18:44:14] [INFO] [INFRA_SIMULATOR] windows_servers | Status: Healthy | Metrics: cpu: 21.19, memory: 48.58, disk: 62.1, fortify_cpu: 18.88, fortify_mem: 32.39, iis_threads: 246, iis_sessions: 1428
[2026-07-30 18:44:24] [INFO] [INFRA_SIMULATOR] windows_servers | Status: Healthy | Metrics: cpu: 18.67, memory: 49.55, disk: 62.1, fortify_cpu: 17.6, fortify_mem: 32.45, iis_threads: 252, iis_sessions: 1426
[2026-07-30 18:44:34] [INFO] [INFRA_SIMULATOR] windows_servers | Status: Healthy | Metrics: cpu: 21.94, memory: 47.99, disk: 62.1, fortify_cpu: 18.73, fortify_mem: 32.35, iis_threads: 254, iis_sessions: 1411
[2026-07-30 18:44:44] [INFO] [INFRA_SIMULATOR] windows_servers | Status: Healthy | Metrics: cpu: 24.77, memory: 48.95, disk: 62.1, fortify_cpu: 18.16, fortify_mem: 32.57, iis_threads: 247, iis_sessions: 1415
[2026-07-30 18:44:54] [INFO] [INFRA_SIMULATOR] windows_servers | Status: Healthy | Metrics: cpu: 24.59, memory: 49.97, disk: 62.1, fortify_cpu: 19.03, fortify_mem: 32.55, iis_threads: 247, iis_sessions: 1425
[2026-07-30 18:44:54] [INFO] [LOG_AGENT] [IIS-SERVER] GET /api/health - Client IP: 10.194.22.45 - Status 200 OK (elapsed: 15ms)
[2026-07-30 18:45:04] [INFO] [INFRA_SIMULATOR] windows_servers | Status: Healthy | Metrics: cpu: 22.75, memory: 49, disk: 62.1, fortify_cpu: 18.09, fortify_mem: 32.53, iis_threads: 254, iis_sessions: 1410
[2026-07-30 18:45:14] [INFO] [INFRA_SIMULATOR] windows_servers | Status: Healthy | Metrics: cpu: 24.07, memory: 49.62, disk: 62.1, fortify_cpu: 18.67, fortify_mem: 32.6, iis_threads: 245, iis_sessions: 1411
[2026-07-30 18:45:24] [INFO] [INFRA_SIMULATOR] windows_servers | Status: Healthy | Metrics: cpu: 24.32, memory: 48.54, disk: 62.1, fortify_cpu: 17.87, fortify_mem: 32.22, iis_threads: 250, iis_sessions: 1418
[2026-07-30 18:45:34] [INFO] [INFRA_SIMULATOR] windows_servers | Status: Healthy | Metrics: cpu: 19.69, memory: 49.29, disk: 62.1, fortify_cpu: 19.19, fortify_mem: 32.45, iis_threads: 253, iis_sessions: 1418
[2026-07-30 18:45:44] [INFO] [INFRA_SIMULATOR] windows_servers | Status: Healthy | Metrics: cpu: 19.86, memory: 47.7, disk: 62.1, fortify_cpu: 17.73, fortify_mem: 32.45, iis_threads: 254, iis_sessions: 1424
[2026-07-30 18:45:54] [INFO] [INFRA_SIMULATOR] windows_servers | Status: Healthy | Metrics: cpu: 21.62, memory: 49.66, disk: 62.1, fortify_cpu: 17.9, fortify_mem: 32.17, iis_threads: 250, iis_sessions: 1423
[2026-07-30 18:45:54] [INFO] [LOG_AGENT] [IIS-SERVER] GET /api/health - Client IP: 10.194.22.45 - Status 200 OK (elapsed: 15ms)
[2026-07-30 18:46:04] [INFO] [INFRA_SIMULATOR] windows_servers | Status: Healthy | Metrics: cpu: 22.54, memory: 48.23, disk: 62.1, fortify_cpu: 18.07, fortify_mem: 32.41, iis_threads: 250, iis_sessions: 1425
[2026-07-30 18:46:14] [INFO] [INFRA_SIMULATOR] windows_servers | Status: Healthy | Metrics: cpu: 20.66, memory: 48.91, disk: 62.1, fortify_cpu: 18.44, fortify_mem: 32.5, iis_threads: 254, iis_sessions: 1420
[2026-07-30 18:46:24] [INFO] [INFRA_SIMULATOR] windows_servers | Status: Healthy | Metrics: cpu: 19.18, memory: 47.34, disk: 62.1, fortify_cpu: 18.66, fortify_mem: 32.42, iis_threads: 252, iis_sessions: 1412
[2026-07-30 18:46:34] [INFO] [INFRA_SIMULATOR] windows_servers | Status: Healthy | Metrics: cpu: 21.82, memory: 49.7, disk: 62.1, fortify_cpu: 17.78, fortify_mem: 32.53, iis_threads: 253, iis_sessions: 1424
[2026-07-30 18:46:44] [INFO] [INFRA_SIMULATOR] windows_servers | Status: Healthy | Metrics: cpu: 22.61, memory: 48.22, disk: 62.1, fortify_cpu: 18.79, fortify_mem: 32.53, iis_threads: 254, iis_sessions: 1416
[2026-07-30 18:46:54] [INFO] [INFRA_SIMULATOR] windows_servers | Status: Healthy | Metrics: cpu: 25.7, memory: 47.62, disk: 62.1, fortify_cpu: 19.31, fortify_mem: 32.34, iis_threads: 247, iis_sessions: 1419
[2026-07-30 18:46:55] [INFO] [LOG_AGENT] [IIS-SERVER] GET /api/health - Client IP: 10.194.22.45 - Status 200 OK (elapsed: 15ms)
[2026-07-30 18:47:04] [INFO] [INFRA_SIMULATOR] windows_servers | Status: Healthy | Metrics: cpu: 25.85, memory: 47.39, disk: 62.1, fortify_cpu: 17.7, fortify_mem: 32.18, iis_threads: 245, iis_sessions: 1418
[2026-07-30 18:47:14] [INFO] [INFRA_SIMULATOR] windows_servers | Status: Healthy | Metrics: cpu: 24.36, memory: 49.97, disk: 62.1, fortify_cpu: 17.68, fortify_mem: 32.53, iis_threads: 251, iis_sessions: 1415
[2026-07-30 18:47:24] [INFO] [INFRA_SIMULATOR] windows_servers | Status: Healthy | Metrics: cpu: 20.67, memory: 47.66, disk: 62.1, fortify_cpu: 18.67, fortify_mem: 32.58, iis_threads: 253, iis_sessions: 1417
[2026-07-30 18:47:34] [INFO] [INFRA_SIMULATOR] windows_servers | Status: Healthy | Metrics: cpu: 26.16, memory: 47.88, disk: 62.1, fortify_cpu: 17.96, fortify_mem: 32.4, iis_threads: 253, iis_sessions: 1426
[2026-07-30 18:47:35] [INFO] [LOG_AGENT] [IIS-SERVER] GET /api/health - Client IP: 10.194.22.45 - Status 200 OK (elapsed: 15ms)
[2026-07-30 18:47:44] [INFO] [INFRA_SIMULATOR] windows_servers | Status: Healthy | Metrics: cpu: 20.4, memory: 48.49, disk: 62.1, fortify_cpu: 19.11, fortify_mem: 32.22, iis_threads: 249, iis_sessions: 1424
[2026-07-30 18:47:54] [INFO] [INFRA_SIMULATOR] windows_servers | Status: Healthy | Metrics: cpu: 22.42, memory: 49.79, disk: 62.1, fortify_cpu: 19.34, fortify_mem: 32.45, iis_threads: 248, iis_sessions: 1412
[2026-07-30 18:48:04] [INFO] [INFRA_SIMULATOR] windows_servers | Status: Healthy | Metrics: cpu: 18.91, memory: 47.26, disk: 62.1, fortify_cpu: 18.29, fortify_mem: 32.5, iis_threads: 250, iis_sessions: 1426
[2026-07-30 18:48:14] [INFO] [INFRA_SIMULATOR] windows_servers | Status: Healthy | Metrics: cpu: 19.19, memory: 49.67, disk: 62.1, fortify_cpu: 19.04, fortify_mem: 32.44, iis_threads: 245, iis_sessions: 1410
[2026-07-30 18:48:25] [INFO] [INFRA_SIMULATOR] windows_servers | Status: Healthy | Metrics: cpu: 25.96, memory: 47.7, disk: 62.1, fortify_cpu: 17.72, fortify_mem: 32.16, iis_threads: 254, iis_sessions: 1410
[2026-07-30 18:48:35] [INFO] [INFRA_SIMULATOR] windows_servers | Status: Healthy | Metrics: cpu: 25.85, memory: 47.88, disk: 62.1, fortify_cpu: 18.3, fortify_mem: 32.53, iis_threads: 254, iis_sessions: 1422
[2026-07-30 18:48:45] [INFO] [INFRA_SIMULATOR] windows_servers | Status: Healthy | Metrics: cpu: 25.11, memory: 48.07, disk: 62.1, fortify_cpu: 18.99, fortify_mem: 32.62, iis_threads: 249, iis_sessions: 1426
[2026-07-30 18:48:55] [INFO] [INFRA_SIMULATOR] windows_servers | Status: Healthy | Metrics: cpu: 24.4, memory: 47.14, disk: 62.1, fortify_cpu: 18.64, fortify_mem: 32.53, iis_threads: 247, iis_sessions: 1414
[2026-07-30 18:49:05] [INFO] [INFRA_SIMULATOR] windows_servers | Status: Healthy | Metrics: cpu: 21.09, memory: 47.3, disk: 62.1, fortify_cpu: 19.37, fortify_mem: 32.51, iis_threads: 245, iis_sessions: 1424
[2026-07-30 18:49:15] [INFO] [INFRA_SIMULATOR] windows_servers | Status: Healthy | Metrics: cpu: 23.19, memory: 48.03, disk: 62.1, fortify_cpu: 17.84, fortify_mem: 32.52, iis_threads: 246, iis_sessions: 1418
[2026-07-30 18:49:25] [INFO] [INFRA_SIMULATOR] windows_servers | Status: Healthy | Metrics: cpu: 22.95, memory: 48.94, disk: 62.1, fortify_cpu: 18.05, fortify_mem: 32.62, iis_threads: 248, iis_sessions: 1425
[2026-07-30 18:49:35] [INFO] [INFRA_SIMULATOR] windows_servers | Status: Healthy | Metrics: cpu: 21.3, memory: 49.55, disk: 62.1, fortify_cpu: 19.38, fortify_mem: 32.59, iis_threads: 245, iis_sessions: 1416
[2026-07-30 18:49:35] [INFO] [LOG_AGENT] [IIS-SERVER] GET /api/health - Client IP: 10.194.22.45 - Status 200 OK (elapsed: 15ms)
[2026-07-30 18:49:45] [INFO] [INFRA_SIMULATOR] windows_servers | Status: Healthy | Metrics: cpu: 24.59, memory: 47.31, disk: 62.1, fortify_cpu: 18.07, fortify_mem: 32.62, iis_threads: 251, iis_sessions: 1428
[2026-07-30 18:49:55] [INFO] [INFRA_SIMULATOR] windows_servers | Status: Healthy | Metrics: cpu: 25.58, memory: 47.9, disk: 62.1, fortify_cpu: 18.03, fortify_mem: 32.45, iis_threads: 253, iis_sessions: 1413
[2026-07-30 18:50:05] [INFO] [INFRA_SIMULATOR] windows_servers | Status: Healthy | Metrics: cpu: 23.77, memory: 48.75, disk: 62.1, fortify_cpu: 19.44, fortify_mem: 32.16, iis_threads: 246, iis_sessions: 1425
[2026-07-30 18:50:15] [INFO] [INFRA_SIMULATOR] windows_servers | Status: Healthy | Metrics: cpu: 25.17, memory: 49.23, disk: 62.1, fortify_cpu: 19.01, fortify_mem: 32.19, iis_threads: 248, iis_sessions: 1417
[2026-07-30 18:50:15] [INFO] [LOG_AGENT] [IIS-SERVER] GET /api/health - Client IP: 10.194.22.45 - Status 200 OK (elapsed: 15ms)
[2026-07-30 18:50:25] [INFO] [INFRA_SIMULATOR] windows_servers | Status: Healthy | Metrics: cpu: 20.36, memory: 49.53, disk: 62.1, fortify_cpu: 18.03, fortify_mem: 32.19, iis_threads: 246, iis_sessions: 1422
[2026-07-30 18:50:35] [INFO] [INFRA_SIMULATOR] windows_servers | Status: Healthy | Metrics: cpu: 19.24, memory: 47.39, disk: 62.1, fortify_cpu: 19.34, fortify_mem: 32.44, iis_threads: 249, iis_sessions: 1416
[2026-07-30 18:50:45] [INFO] [INFRA_SIMULATOR] windows_servers | Status: Healthy | Metrics: cpu: 22.21, memory: 49.33, disk: 62.1, fortify_cpu: 17.88, fortify_mem: 32.46, iis_threads: 245, iis_sessions: 1411
