[2026-07-29 18:03:06] [INFO] [INFRA_SIMULATOR] s3_storage | Status: Healthy | Metrics: latency: 14.45, space: 1421, bandwidth: 88, bitbucket_space: 450, jenkins_space: 125, artifactory_space: 1450, fortify_space: 85, teamcity_space: 220, bitbucket_bandwidth: 12.32, jenkins_bandwidth: 2.97, artifactory_bandwidth: 63.36
[2026-07-29 18:03:06] [INFO] [LOG_AGENT] [S3-BUCK] Performing multipart backup archiving snapshot sentinel_db_dump.sql (bandwidth: 84.5 MB/s)
[2026-07-29 18:03:16] [INFO] [INFRA_SIMULATOR] s3_storage | Status: Healthy | Metrics: latency: 15.09, space: 1422, bandwidth: 81, bitbucket_space: 450, jenkins_space: 125, artifactory_space: 1452, fortify_space: 85, teamcity_space: 220, bitbucket_bandwidth: 12.26, jenkins_bandwidth: 3.09, artifactory_bandwidth: 64.9
[2026-07-29 18:03:17] [INFO] [LOG_AGENT] [S3-BUCK] Performing multipart backup archiving snapshot sentinel_db_dump.sql (bandwidth: 84.5 MB/s)
[2026-07-29 18:03:26] [INFO] [INFRA_SIMULATOR] s3_storage | Status: Healthy | Metrics: latency: 16.05, space: 1421, bandwidth: 83, bitbucket_space: 451, jenkins_space: 125, artifactory_space: 1451, fortify_space: 85, teamcity_space: 220, bitbucket_bandwidth: 12.83, jenkins_bandwidth: 3.16, artifactory_bandwidth: 62.9
[2026-07-29 18:03:36] [INFO] [INFRA_SIMULATOR] s3_storage | Status: Healthy | Metrics: latency: 16.31, space: 1420, bandwidth: 82, bitbucket_space: 451, jenkins_space: 125, artifactory_space: 1452, fortify_space: 85, teamcity_space: 220, bitbucket_bandwidth: 12.1, jenkins_bandwidth: 3.42, artifactory_bandwidth: 63.82
[2026-07-29 18:03:37] [INFO] [LOG_AGENT] [S3-BUCK] Performing multipart backup archiving snapshot sentinel_db_dump.sql (bandwidth: 84.5 MB/s)
[2026-07-29 18:03:46] [INFO] [INFRA_SIMULATOR] s3_storage | Status: Healthy | Metrics: latency: 14.79, space: 1420, bandwidth: 83, bitbucket_space: 450, jenkins_space: 125, artifactory_space: 1450, fortify_space: 85, teamcity_space: 220, bitbucket_bandwidth: 12.69, jenkins_bandwidth: 3.22, artifactory_bandwidth: 64.78
[2026-07-29 18:03:56] [INFO] [INFRA_SIMULATOR] s3_storage | Status: Healthy | Metrics: latency: 15.92, space: 1424, bandwidth: 87, bitbucket_space: 451, jenkins_space: 125, artifactory_space: 1451, fortify_space: 85, teamcity_space: 220, bitbucket_bandwidth: 12.53, jenkins_bandwidth: 3.43, artifactory_bandwidth: 63.75
[2026-07-29 18:04:07] [INFO] [INFRA_SIMULATOR] s3_storage | Status: Healthy | Metrics: latency: 15.95, space: 1421, bandwidth: 83, bitbucket_space: 450, jenkins_space: 125, artifactory_space: 1452, fortify_space: 85, teamcity_space: 220, bitbucket_bandwidth: 12.09, jenkins_bandwidth: 3.41, artifactory_bandwidth: 66.07
[2026-07-29 18:04:07] [INFO] [LOG_AGENT] [S3-BUCK] Performing multipart backup archiving snapshot sentinel_db_dump.sql (bandwidth: 84.5 MB/s)
[2026-07-29 18:04:17] [INFO] [INFRA_SIMULATOR] s3_storage | Status: Healthy | Metrics: latency: 14.96, space: 1424, bandwidth: 88, bitbucket_space: 451, jenkins_space: 125, artifactory_space: 1450, fortify_space: 85, teamcity_space: 220, bitbucket_bandwidth: 12.41, jenkins_bandwidth: 3.31, artifactory_bandwidth: 66.03
[2026-07-29 18:04:27] [INFO] [INFRA_SIMULATOR] s3_storage | Status: Healthy | Metrics: latency: 14.48, space: 1420, bandwidth: 85, bitbucket_space: 450, jenkins_space: 125, artifactory_space: 1452, fortify_space: 85, teamcity_space: 220, bitbucket_bandwidth: 12.05, jenkins_bandwidth: 3.04, artifactory_bandwidth: 63
[2026-07-29 18:04:37] [INFO] [INFRA_SIMULATOR] s3_storage | Status: Healthy | Metrics: latency: 15.91, space: 1421, bandwidth: 82, bitbucket_space: 451, jenkins_space: 125, artifactory_space: 1451, fortify_space: 85, teamcity_space: 220, bitbucket_bandwidth: 12.43, jenkins_bandwidth: 2.96, artifactory_bandwidth: 65.03
[2026-07-29 18:04:47] [INFO] [INFRA_SIMULATOR] s3_storage | Status: Healthy | Metrics: latency: 15.4, space: 1422, bandwidth: 87, bitbucket_space: 450, jenkins_space: 125, artifactory_space: 1451, fortify_space: 85, teamcity_space: 220, bitbucket_bandwidth: 12.72, jenkins_bandwidth: 3.33, artifactory_bandwidth: 65.84
[2026-07-29 18:04:57] [INFO] [INFRA_SIMULATOR] s3_storage | Status: Healthy | Metrics: latency: 15.41, space: 1420, bandwidth: 82, bitbucket_space: 451, jenkins_space: 125, artifactory_space: 1451, fortify_space: 85, teamcity_space: 220, bitbucket_bandwidth: 12.08, jenkins_bandwidth: 3.05, artifactory_bandwidth: 64.37
[2026-07-29 18:05:07] [INFO] [INFRA_SIMULATOR] s3_storage | Status: Healthy | Metrics: latency: 14.93, space: 1421, bandwidth: 85, bitbucket_space: 450, jenkins_space: 125, artifactory_space: 1452, fortify_space: 85, teamcity_space: 220, bitbucket_bandwidth: 12.28, jenkins_bandwidth: 3.3, artifactory_bandwidth: 64.65
[2026-07-29 18:05:17] [INFO] [INFRA_SIMULATOR] s3_storage | Status: Healthy | Metrics: latency: 14.65, space: 1422, bandwidth: 87, bitbucket_space: 450, jenkins_space: 125, artifactory_space: 1450, fortify_space: 85, teamcity_space: 220, bitbucket_bandwidth: 12.79, jenkins_bandwidth: 3.2, artifactory_bandwidth: 65.54
[2026-07-29 18:05:27] [INFO] [INFRA_SIMULATOR] s3_storage | Status: Healthy | Metrics: latency: 15.03, space: 1421, bandwidth: 81, bitbucket_space: 450, jenkins_space: 125, artifactory_space: 1450, fortify_space: 85, teamcity_space: 220, bitbucket_bandwidth: 12.63, jenkins_bandwidth: 3.44, artifactory_bandwidth: 66.59
[2026-07-29 18:05:37] [INFO] [INFRA_SIMULATOR] s3_storage | Status: Healthy | Metrics: latency: 15.74, space: 1420, bandwidth: 83, bitbucket_space: 451, jenkins_space: 125, artifactory_space: 1450, fortify_space: 85, teamcity_space: 220, bitbucket_bandwidth: 12.64, jenkins_bandwidth: 2.97, artifactory_bandwidth: 63.59
[2026-07-29 18:05:47] [INFO] [INFRA_SIMULATOR] s3_storage | Status: Healthy | Metrics: latency: 15.53, space: 1422, bandwidth: 88, bitbucket_space: 451, jenkins_space: 125, artifactory_space: 1451, fortify_space: 85, teamcity_space: 220, bitbucket_bandwidth: 12.26, jenkins_bandwidth: 3.27, artifactory_bandwidth: 65.89
[2026-07-29 18:05:57] [INFO] [INFRA_SIMULATOR] s3_storage | Status: Healthy | Metrics: latency: 15.98, space: 1423, bandwidth: 87, bitbucket_space: 450, jenkins_space: 125, artifactory_space: 1450, fortify_space: 85, teamcity_space: 220, bitbucket_bandwidth: 12.41, jenkins_bandwidth: 3.01, artifactory_bandwidth: 66.01
[2026-07-30 06:34:31] [INFO] [INFRA_SIMULATOR] s3_storage | Status: Healthy | Metrics: latency: 15.76, space: 1423, bandwidth: 84, bitbucket_space: 451, jenkins_space: 125, artifactory_space: 1451, fortify_space: 85, teamcity_space: 220, bitbucket_bandwidth: 12.51, jenkins_bandwidth: 2.98, artifactory_bandwidth: 65.74
[2026-07-30 06:34:41] [INFO] [INFRA_SIMULATOR] s3_storage | Status: Healthy | Metrics: latency: 15.18, space: 1420, bandwidth: 84, bitbucket_space: 451, jenkins_space: 125, artifactory_space: 1451, fortify_space: 85, teamcity_space: 220, bitbucket_bandwidth: 12.78, jenkins_bandwidth: 3.05, artifactory_bandwidth: 63.83
[2026-07-30 06:34:51] [INFO] [INFRA_SIMULATOR] s3_storage | Status: Healthy | Metrics: latency: 15.13, space: 1420, bandwidth: 87, bitbucket_space: 451, jenkins_space: 125, artifactory_space: 1452, fortify_space: 85, teamcity_space: 220, bitbucket_bandwidth: 12.82, jenkins_bandwidth: 3.11, artifactory_bandwidth: 66.22
[2026-07-30 06:35:01] [INFO] [INFRA_SIMULATOR] s3_storage | Status: Healthy | Metrics: latency: 14.51, space: 1421, bandwidth: 82, bitbucket_space: 451, jenkins_space: 125, artifactory_space: 1452, fortify_space: 85, teamcity_space: 220, bitbucket_bandwidth: 12.67, jenkins_bandwidth: 3.06, artifactory_bandwidth: 64.73
[2026-07-30 06:35:02] [INFO] [LOG_AGENT] [S3-BUCK] Performing multipart backup archiving snapshot sentinel_db_dump.sql (bandwidth: 84.5 MB/s)
[2026-07-30 06:35:11] [INFO] [INFRA_SIMULATOR] s3_storage | Status: Healthy | Metrics: latency: 16.05, space: 1424, bandwidth: 84, bitbucket_space: 450, jenkins_space: 125, artifactory_space: 1451, fortify_space: 85, teamcity_space: 220, bitbucket_bandwidth: 12.96, jenkins_bandwidth: 2.99, artifactory_bandwidth: 66.65
[2026-07-30 06:35:21] [INFO] [INFRA_SIMULATOR] s3_storage | Status: Healthy | Metrics: latency: 15.15, space: 1422, bandwidth: 81, bitbucket_space: 451, jenkins_space: 125, artifactory_space: 1451, fortify_space: 85, teamcity_space: 220, bitbucket_bandwidth: 12.28, jenkins_bandwidth: 3.16, artifactory_bandwidth: 64.51
[2026-07-30 06:35:21] [INFO] [LOG_AGENT] [S3-BUCK] Performing multipart backup archiving snapshot sentinel_db_dump.sql (bandwidth: 84.5 MB/s)
[2026-07-30 06:35:31] [INFO] [INFRA_SIMULATOR] s3_storage | Status: Healthy | Metrics: latency: 15.35, space: 1421, bandwidth: 81, bitbucket_space: 451, jenkins_space: 125, artifactory_space: 1450, fortify_space: 85, teamcity_space: 220, bitbucket_bandwidth: 12.32, jenkins_bandwidth: 3.11, artifactory_bandwidth: 63.54
[2026-07-30 06:35:41] [INFO] [INFRA_SIMULATOR] s3_storage | Status: Healthy | Metrics: latency: 16.23, space: 1424, bandwidth: 87, bitbucket_space: 450, jenkins_space: 125, artifactory_space: 1450, fortify_space: 85, teamcity_space: 220, bitbucket_bandwidth: 12.75, jenkins_bandwidth: 3.33, artifactory_bandwidth: 63.31
[2026-07-30 06:35:51] [INFO] [INFRA_SIMULATOR] s3_storage | Status: Healthy | Metrics: latency: 15.86, space: 1421, bandwidth: 86, bitbucket_space: 450, jenkins_space: 125, artifactory_space: 1451, fortify_space: 85, teamcity_space: 220, bitbucket_bandwidth: 12.69, jenkins_bandwidth: 3.4, artifactory_bandwidth: 65.11
[2026-07-30 06:35:51] [INFO] [LOG_AGENT] [S3-BUCK] Performing multipart backup archiving snapshot sentinel_db_dump.sql (bandwidth: 84.5 MB/s)
[2026-07-30 06:36:01] [INFO] [INFRA_SIMULATOR] s3_storage | Status: Healthy | Metrics: latency: 14.94, space: 1421, bandwidth: 85, bitbucket_space: 450, jenkins_space: 125, artifactory_space: 1451, fortify_space: 85, teamcity_space: 220, bitbucket_bandwidth: 12.25, jenkins_bandwidth: 2.99, artifactory_bandwidth: 66.56
[2026-07-30 06:36:11] [INFO] [INFRA_SIMULATOR] s3_storage | Status: Healthy | Metrics: latency: 16.17, space: 1423, bandwidth: 88, bitbucket_space: 450, jenkins_space: 125, artifactory_space: 1452, fortify_space: 85, teamcity_space: 220, bitbucket_bandwidth: 12.19, jenkins_bandwidth: 2.97, artifactory_bandwidth: 66.77
[2026-07-30 06:36:11] [INFO] [LOG_AGENT] [S3-BUCK] Performing multipart backup archiving snapshot sentinel_db_dump.sql (bandwidth: 84.5 MB/s)
[2026-07-30 06:36:22] [INFO] [INFRA_SIMULATOR] s3_storage | Status: Healthy | Metrics: latency: 14.79, space: 1422, bandwidth: 82, bitbucket_space: 450, jenkins_space: 125, artifactory_space: 1452, fortify_space: 85, teamcity_space: 220, bitbucket_bandwidth: 12.55, jenkins_bandwidth: 3.44, artifactory_bandwidth: 65.84
[2026-07-30 06:36:32] [INFO] [INFRA_SIMULATOR] s3_storage | Status: Healthy | Metrics: latency: 16.27, space: 1422, bandwidth: 88, bitbucket_space: 451, jenkins_space: 125, artifactory_space: 1450, fortify_space: 85, teamcity_space: 220, bitbucket_bandwidth: 12.99, jenkins_bandwidth: 3.42, artifactory_bandwidth: 66.69
[2026-07-30 06:36:42] [INFO] [INFRA_SIMULATOR] s3_storage | Status: Healthy | Metrics: latency: 14.62, space: 1421, bandwidth: 82, bitbucket_space: 450, jenkins_space: 125, artifactory_space: 1452, fortify_space: 85, teamcity_space: 220, bitbucket_bandwidth: 12.61, jenkins_bandwidth: 3.29, artifactory_bandwidth: 65.54
[2026-07-30 06:36:52] [INFO] [INFRA_SIMULATOR] s3_storage | Status: Healthy | Metrics: latency: 15.87, space: 1420, bandwidth: 86, bitbucket_space: 450, jenkins_space: 125, artifactory_space: 1452, fortify_space: 85, teamcity_space: 220, bitbucket_bandwidth: 12.23, jenkins_bandwidth: 3.35, artifactory_bandwidth: 62.97
[2026-07-30 06:36:52] [INFO] [LOG_AGENT] [S3-BUCK] Performing multipart backup archiving snapshot sentinel_db_dump.sql (bandwidth: 84.5 MB/s)
[2026-07-30 06:37:02] [INFO] [INFRA_SIMULATOR] s3_storage | Status: Healthy | Metrics: latency: 14.5, space: 1421, bandwidth: 86, bitbucket_space: 451, jenkins_space: 125, artifactory_space: 1452, fortify_space: 85, teamcity_space: 220, bitbucket_bandwidth: 12.78, jenkins_bandwidth: 3.12, artifactory_bandwidth: 66.46
[2026-07-30 06:37:02] [INFO] [LOG_AGENT] [S3-BUCK] Performing multipart backup archiving snapshot sentinel_db_dump.sql (bandwidth: 84.5 MB/s)
[2026-07-30 06:37:12] [INFO] [INFRA_SIMULATOR] s3_storage | Status: Healthy | Metrics: latency: 15.91, space: 1422, bandwidth: 84, bitbucket_space: 451, jenkins_space: 125, artifactory_space: 1451, fortify_space: 85, teamcity_space: 220, bitbucket_bandwidth: 12.56, jenkins_bandwidth: 3.22, artifactory_bandwidth: 66.31
[2026-07-30 06:37:22] [INFO] [INFRA_SIMULATOR] s3_storage | Status: Healthy | Metrics: latency: 15.73, space: 1422, bandwidth: 86, bitbucket_space: 450, jenkins_space: 125, artifactory_space: 1452, fortify_space: 85, teamcity_space: 220, bitbucket_bandwidth: 12.8, jenkins_bandwidth: 3.16, artifactory_bandwidth: 66.1
[2026-07-30 06:37:32] [INFO] [INFRA_SIMULATOR] s3_storage | Status: Healthy | Metrics: latency: 15.15, space: 1423, bandwidth: 85, bitbucket_space: 450, jenkins_space: 125, artifactory_space: 1451, fortify_space: 85, teamcity_space: 220, bitbucket_bandwidth: 12.66, jenkins_bandwidth: 3.12, artifactory_bandwidth: 64.62
[2026-07-30 06:37:42] [INFO] [INFRA_SIMULATOR] s3_storage | Status: Healthy | Metrics: latency: 16.15, space: 1423, bandwidth: 83, bitbucket_space: 450, jenkins_space: 125, artifactory_space: 1451, fortify_space: 85, teamcity_space: 220, bitbucket_bandwidth: 12.6, jenkins_bandwidth: 3.22, artifactory_bandwidth: 65.03
[2026-07-30 06:37:42] [INFO] [LOG_AGENT] [S3-BUCK] Performing multipart backup archiving snapshot sentinel_db_dump.sql (bandwidth: 84.5 MB/s)
[2026-07-30 06:37:52] [INFO] [INFRA_SIMULATOR] s3_storage | Status: Healthy | Metrics: latency: 15.59, space: 1421, bandwidth: 85, bitbucket_space: 451, jenkins_space: 125, artifactory_space: 1451, fortify_space: 85, teamcity_space: 220, bitbucket_bandwidth: 12.66, jenkins_bandwidth: 3.09, artifactory_bandwidth: 66.7
[2026-07-30 06:37:52] [INFO] [LOG_AGENT] [S3-BUCK] Performing multipart backup archiving snapshot sentinel_db_dump.sql (bandwidth: 84.5 MB/s)
[2026-07-30 06:38:02] [INFO] [INFRA_SIMULATOR] s3_storage | Status: Healthy | Metrics: latency: 15.85, space: 1424, bandwidth: 85, bitbucket_space: 450, jenkins_space: 125, artifactory_space: 1450, fortify_space: 85, teamcity_space: 220, bitbucket_bandwidth: 12.83, jenkins_bandwidth: 3.17, artifactory_bandwidth: 64.29
[2026-07-30 06:38:12] [INFO] [INFRA_SIMULATOR] s3_storage | Status: Healthy | Metrics: latency: 15.58, space: 1423, bandwidth: 88, bitbucket_space: 450, jenkins_space: 125, artifactory_space: 1451, fortify_space: 85, teamcity_space: 220, bitbucket_bandwidth: 12.25, jenkins_bandwidth: 2.97, artifactory_bandwidth: 64.18
[2026-07-30 06:38:22] [INFO] [INFRA_SIMULATOR] s3_storage | Status: Healthy | Metrics: latency: 15.35, space: 1420, bandwidth: 86, bitbucket_space: 451, jenkins_space: 125, artifactory_space: 1451, fortify_space: 85, teamcity_space: 220, bitbucket_bandwidth: 12.17, jenkins_bandwidth: 3.11, artifactory_bandwidth: 66.34
[2026-07-30 06:38:22] [INFO] [LOG_AGENT] [S3-BUCK] Performing multipart backup archiving snapshot sentinel_db_dump.sql (bandwidth: 84.5 MB/s)
[2026-07-30 06:38:32] [INFO] [INFRA_SIMULATOR] s3_storage | Status: Healthy | Metrics: latency: 14.94, space: 1420, bandwidth: 88, bitbucket_space: 451, jenkins_space: 125, artifactory_space: 1451, fortify_space: 85, teamcity_space: 220, bitbucket_bandwidth: 12.23, jenkins_bandwidth: 3.34, artifactory_bandwidth: 64.65
[2026-07-30 06:38:42] [INFO] [INFRA_SIMULATOR] s3_storage | Status: Healthy | Metrics: latency: 16.01, space: 1422, bandwidth: 82, bitbucket_space: 450, jenkins_space: 125, artifactory_space: 1452, fortify_space: 85, teamcity_space: 220, bitbucket_bandwidth: 12.57, jenkins_bandwidth: 3.19, artifactory_bandwidth: 65.99
[2026-07-30 06:38:52] [INFO] [INFRA_SIMULATOR] s3_storage | Status: Healthy | Metrics: latency: 15.58, space: 1420, bandwidth: 82, bitbucket_space: 451, jenkins_space: 125, artifactory_space: 1452, fortify_space: 85, teamcity_space: 220, bitbucket_bandwidth: 12.07, jenkins_bandwidth: 3.07, artifactory_bandwidth: 63.85
[2026-07-30 06:39:02] [INFO] [INFRA_SIMULATOR] s3_storage | Status: Healthy | Metrics: latency: 15.05, space: 1423, bandwidth: 83, bitbucket_space: 450, jenkins_space: 125, artifactory_space: 1450, fortify_space: 85, teamcity_space: 220, bitbucket_bandwidth: 12.62, jenkins_bandwidth: 3.39, artifactory_bandwidth: 62.9
[2026-07-30 06:39:12] [INFO] [INFRA_SIMULATOR] s3_storage | Status: Healthy | Metrics: latency: 15.06, space: 1421, bandwidth: 84, bitbucket_space: 450, jenkins_space: 125, artifactory_space: 1450, fortify_space: 85, teamcity_space: 220, bitbucket_bandwidth: 12.72, jenkins_bandwidth: 3.39, artifactory_bandwidth: 62.82
[2026-07-30 06:39:22] [INFO] [INFRA_SIMULATOR] s3_storage | Status: Healthy | Metrics: latency: 14.4, space: 1424, bandwidth: 87, bitbucket_space: 451, jenkins_space: 125, artifactory_space: 1452, fortify_space: 85, teamcity_space: 220, bitbucket_bandwidth: 12.3, jenkins_bandwidth: 3.35, artifactory_bandwidth: 63.6
[2026-07-30 06:39:32] [INFO] [INFRA_SIMULATOR] s3_storage | Status: Healthy | Metrics: latency: 16.39, space: 1423, bandwidth: 87, bitbucket_space: 451, jenkins_space: 125, artifactory_space: 1452, fortify_space: 85, teamcity_space: 220, bitbucket_bandwidth: 12.53, jenkins_bandwidth: 2.97, artifactory_bandwidth: 65.75
[2026-07-30 06:39:42] [INFO] [INFRA_SIMULATOR] s3_storage | Status: Healthy | Metrics: latency: 15.19, space: 1421, bandwidth: 84, bitbucket_space: 450, jenkins_space: 125, artifactory_space: 1451, fortify_space: 85, teamcity_space: 220, bitbucket_bandwidth: 12.62, jenkins_bandwidth: 3.19, artifactory_bandwidth: 65.53
[2026-07-30 06:39:52] [INFO] [INFRA_SIMULATOR] s3_storage | Status: Healthy | Metrics: latency: 14.61, space: 1423, bandwidth: 88, bitbucket_space: 451, jenkins_space: 125, artifactory_space: 1451, fortify_space: 85, teamcity_space: 220, bitbucket_bandwidth: 12.17, jenkins_bandwidth: 3.41, artifactory_bandwidth: 64.97
[2026-07-30 06:40:02] [INFO] [INFRA_SIMULATOR] s3_storage | Status: Healthy | Metrics: latency: 14.98, space: 1421, bandwidth: 85, bitbucket_space: 450, jenkins_space: 125, artifactory_space: 1450, fortify_space: 85, teamcity_space: 220, bitbucket_bandwidth: 12.34, jenkins_bandwidth: 3, artifactory_bandwidth: 63.95
[2026-07-30 06:40:12] [INFO] [INFRA_SIMULATOR] s3_storage | Status: Healthy | Metrics: latency: 15.79, space: 1423, bandwidth: 86, bitbucket_space: 451, jenkins_space: 125, artifactory_space: 1451, fortify_space: 85, teamcity_space: 220, bitbucket_bandwidth: 12, jenkins_bandwidth: 3.4, artifactory_bandwidth: 66.56
[2026-07-30 06:40:22] [INFO] [INFRA_SIMULATOR] s3_storage | Status: Healthy | Metrics: latency: 14.72, space: 1422, bandwidth: 87, bitbucket_space: 450, jenkins_space: 125, artifactory_space: 1452, fortify_space: 85, teamcity_space: 220, bitbucket_bandwidth: 12.12, jenkins_bandwidth: 3.36, artifactory_bandwidth: 66.33
[2026-07-30 06:40:32] [INFO] [INFRA_SIMULATOR] s3_storage | Status: Healthy | Metrics: latency: 16.14, space: 1421, bandwidth: 81, bitbucket_space: 450, jenkins_space: 125, artifactory_space: 1450, fortify_space: 85, teamcity_space: 220, bitbucket_bandwidth: 12.6, jenkins_bandwidth: 3.43, artifactory_bandwidth: 63.73
[2026-07-30 06:40:42] [INFO] [INFRA_SIMULATOR] s3_storage | Status: Healthy | Metrics: latency: 15.23, space: 1423, bandwidth: 84, bitbucket_space: 451, jenkins_space: 125, artifactory_space: 1451, fortify_space: 85, teamcity_space: 220, bitbucket_bandwidth: 12.89, jenkins_bandwidth: 2.97, artifactory_bandwidth: 66.59
[2026-07-30 06:40:42] [INFO] [LOG_AGENT] [S3-BUCK] Performing multipart backup archiving snapshot sentinel_db_dump.sql (bandwidth: 84.5 MB/s)
[2026-07-30 06:40:52] [INFO] [INFRA_SIMULATOR] s3_storage | Status: Healthy | Metrics: latency: 16.21, space: 1423, bandwidth: 84, bitbucket_space: 450, jenkins_space: 125, artifactory_space: 1452, fortify_space: 85, teamcity_space: 220, bitbucket_bandwidth: 12.28, jenkins_bandwidth: 3.01, artifactory_bandwidth: 64.31
[2026-07-30 06:41:02] [INFO] [INFRA_SIMULATOR] s3_storage | Status: Healthy | Metrics: latency: 14.66, space: 1423, bandwidth: 86, bitbucket_space: 451, jenkins_space: 125, artifactory_space: 1451, fortify_space: 85, teamcity_space: 220, bitbucket_bandwidth: 12.22, jenkins_bandwidth: 3.45, artifactory_bandwidth: 64.18
[2026-07-30 06:41:12] [INFO] [INFRA_SIMULATOR] s3_storage | Status: Healthy | Metrics: latency: 15.81, space: 1423, bandwidth: 82, bitbucket_space: 451, jenkins_space: 125, artifactory_space: 1450, fortify_space: 85, teamcity_space: 220, bitbucket_bandwidth: 12.15, jenkins_bandwidth: 3.15, artifactory_bandwidth: 64.11
[2026-07-30 06:41:22] [INFO] [INFRA_SIMULATOR] s3_storage | Status: Healthy | Metrics: latency: 16.05, space: 1424, bandwidth: 88, bitbucket_space: 450, jenkins_space: 125, artifactory_space: 1451, fortify_space: 85, teamcity_space: 220, bitbucket_bandwidth: 12.42, jenkins_bandwidth: 3.34, artifactory_bandwidth: 64.47
[2026-07-30 06:41:32] [INFO] [INFRA_SIMULATOR] s3_storage | Status: Healthy | Metrics: latency: 15.98, space: 1423, bandwidth: 81, bitbucket_space: 450, jenkins_space: 125, artifactory_space: 1451, fortify_space: 85, teamcity_space: 220, bitbucket_bandwidth: 12.03, jenkins_bandwidth: 3.07, artifactory_bandwidth: 64.29
[2026-07-30 06:41:32] [INFO] [LOG_AGENT] [S3-BUCK] Performing multipart backup archiving snapshot sentinel_db_dump.sql (bandwidth: 84.5 MB/s)
[2026-07-30 06:41:42] [INFO] [INFRA_SIMULATOR] s3_storage | Status: Healthy | Metrics: latency: 15.02, space: 1421, bandwidth: 88, bitbucket_space: 451, jenkins_space: 125, artifactory_space: 1451, fortify_space: 85, teamcity_space: 220, bitbucket_bandwidth: 12.71, jenkins_bandwidth: 3.22, artifactory_bandwidth: 63.03
[2026-07-30 06:41:52] [INFO] [INFRA_SIMULATOR] s3_storage | Status: Healthy | Metrics: latency: 15.89, space: 1424, bandwidth: 82, bitbucket_space: 451, jenkins_space: 125, artifactory_space: 1451, fortify_space: 85, teamcity_space: 220, bitbucket_bandwidth: 12.46, jenkins_bandwidth: 3.44, artifactory_bandwidth: 63.53
[2026-07-30 06:42:02] [INFO] [INFRA_SIMULATOR] s3_storage | Status: Healthy | Metrics: latency: 14.76, space: 1423, bandwidth: 83, bitbucket_space: 450, jenkins_space: 125, artifactory_space: 1450, fortify_space: 85, teamcity_space: 220, bitbucket_bandwidth: 12.89, jenkins_bandwidth: 3.18, artifactory_bandwidth: 66.58
[2026-07-30 06:42:12] [INFO] [INFRA_SIMULATOR] s3_storage | Status: Healthy | Metrics: latency: 14.88, space: 1420, bandwidth: 86, bitbucket_space: 450, jenkins_space: 125, artifactory_space: 1451, fortify_space: 85, teamcity_space: 220, bitbucket_bandwidth: 12.34, jenkins_bandwidth: 3.38, artifactory_bandwidth: 62.94
[2026-07-30 06:42:22] [INFO] [INFRA_SIMULATOR] s3_storage | Status: Healthy | Metrics: latency: 14.58, space: 1420, bandwidth: 85, bitbucket_space: 450, jenkins_space: 125, artifactory_space: 1450, fortify_space: 85, teamcity_space: 220, bitbucket_bandwidth: 12.23, jenkins_bandwidth: 3.23, artifactory_bandwidth: 66.14
[2026-07-30 06:42:32] [INFO] [INFRA_SIMULATOR] s3_storage | Status: Healthy | Metrics: latency: 14.93, space: 1420, bandwidth: 82, bitbucket_space: 451, jenkins_space: 125, artifactory_space: 1452, fortify_space: 85, teamcity_space: 220, bitbucket_bandwidth: 12.42, jenkins_bandwidth: 3.03, artifactory_bandwidth: 63.21
[2026-07-30 06:42:42] [INFO] [INFRA_SIMULATOR] s3_storage | Status: Healthy | Metrics: latency: 15.22, space: 1422, bandwidth: 83, bitbucket_space: 451, jenkins_space: 125, artifactory_space: 1451, fortify_space: 85, teamcity_space: 220, bitbucket_bandwidth: 12.69, jenkins_bandwidth: 3.45, artifactory_bandwidth: 65.59
[2026-07-30 06:42:52] [INFO] [INFRA_SIMULATOR] s3_storage | Status: Healthy | Metrics: latency: 14.62, space: 1424, bandwidth: 84, bitbucket_space: 450, jenkins_space: 125, artifactory_space: 1451, fortify_space: 85, teamcity_space: 220, bitbucket_bandwidth: 12.1, jenkins_bandwidth: 3.16, artifactory_bandwidth: 64.89
[2026-07-30 06:43:02] [INFO] [INFRA_SIMULATOR] s3_storage | Status: Healthy | Metrics: latency: 15.67, space: 1421, bandwidth: 81, bitbucket_space: 451, jenkins_space: 125, artifactory_space: 1452, fortify_space: 85, teamcity_space: 220, bitbucket_bandwidth: 12.84, jenkins_bandwidth: 3.41, artifactory_bandwidth: 66.36
[2026-07-30 06:43:12] [INFO] [INFRA_SIMULATOR] s3_storage | Status: Healthy | Metrics: latency: 15.68, space: 1424, bandwidth: 83, bitbucket_space: 450, jenkins_space: 125, artifactory_space: 1451, fortify_space: 85, teamcity_space: 220, bitbucket_bandwidth: 12.68, jenkins_bandwidth: 3.15, artifactory_bandwidth: 65.74
[2026-07-30 06:43:22] [INFO] [INFRA_SIMULATOR] s3_storage | Status: Healthy | Metrics: latency: 16.08, space: 1422, bandwidth: 88, bitbucket_space: 451, jenkins_space: 125, artifactory_space: 1452, fortify_space: 85, teamcity_space: 220, bitbucket_bandwidth: 12.34, jenkins_bandwidth: 3.01, artifactory_bandwidth: 66.56
[2026-07-30 06:43:22] [INFO] [LOG_AGENT] [S3-BUCK] Performing multipart backup archiving snapshot sentinel_db_dump.sql (bandwidth: 84.5 MB/s)
[2026-07-30 06:43:32] [INFO] [INFRA_SIMULATOR] s3_storage | Status: Healthy | Metrics: latency: 14.44, space: 1420, bandwidth: 85, bitbucket_space: 450, jenkins_space: 125, artifactory_space: 1450, fortify_space: 85, teamcity_space: 220, bitbucket_bandwidth: 12.01, jenkins_bandwidth: 3.06, artifactory_bandwidth: 64.85
[2026-07-30 06:43:42] [INFO] [INFRA_SIMULATOR] s3_storage | Status: Healthy | Metrics: latency: 15.83, space: 1422, bandwidth: 86, bitbucket_space: 451, jenkins_space: 125, artifactory_space: 1450, fortify_space: 85, teamcity_space: 220, bitbucket_bandwidth: 12.01, jenkins_bandwidth: 3.09, artifactory_bandwidth: 64.79
[2026-07-30 06:43:52] [INFO] [INFRA_SIMULATOR] s3_storage | Status: Healthy | Metrics: latency: 15.21, space: 1423, bandwidth: 83, bitbucket_space: 451, jenkins_space: 125, artifactory_space: 1451, fortify_space: 85, teamcity_space: 220, bitbucket_bandwidth: 12.62, jenkins_bandwidth: 3.33, artifactory_bandwidth: 66.74
[2026-07-30 06:44:02] [INFO] [INFRA_SIMULATOR] s3_storage | Status: Healthy | Metrics: latency: 15.82, space: 1420, bandwidth: 85, bitbucket_space: 450, jenkins_space: 125, artifactory_space: 1452, fortify_space: 85, teamcity_space: 220, bitbucket_bandwidth: 12.05, jenkins_bandwidth: 2.99, artifactory_bandwidth: 63.99
[2026-07-30 06:44:12] [INFO] [INFRA_SIMULATOR] s3_storage | Status: Healthy | Metrics: latency: 16.01, space: 1421, bandwidth: 86, bitbucket_space: 450, jenkins_space: 125, artifactory_space: 1452, fortify_space: 85, teamcity_space: 220, bitbucket_bandwidth: 12.44, jenkins_bandwidth: 3.05, artifactory_bandwidth: 65.64
[2026-07-30 06:44:12] [INFO] [LOG_AGENT] [S3-BUCK] Performing multipart backup archiving snapshot sentinel_db_dump.sql (bandwidth: 84.5 MB/s)
[2026-07-30 06:44:22] [INFO] [INFRA_SIMULATOR] s3_storage | Status: Healthy | Metrics: latency: 15.18, space: 1424, bandwidth: 83, bitbucket_space: 451, jenkins_space: 125, artifactory_space: 1451, fortify_space: 85, teamcity_space: 220, bitbucket_bandwidth: 12.89, jenkins_bandwidth: 3.28, artifactory_bandwidth: 66
[2026-07-30 06:44:22] [INFO] [LOG_AGENT] [S3-BUCK] Performing multipart backup archiving snapshot sentinel_db_dump.sql (bandwidth: 84.5 MB/s)
[2026-07-30 06:44:32] [INFO] [INFRA_SIMULATOR] s3_storage | Status: Healthy | Metrics: latency: 15.37, space: 1424, bandwidth: 83, bitbucket_space: 450, jenkins_space: 125, artifactory_space: 1450, fortify_space: 85, teamcity_space: 220, bitbucket_bandwidth: 12.06, jenkins_bandwidth: 3.11, artifactory_bandwidth: 63.58
[2026-07-30 06:44:32] [INFO] [LOG_AGENT] [S3-BUCK] Performing multipart backup archiving snapshot sentinel_db_dump.sql (bandwidth: 84.5 MB/s)
[2026-07-30 06:44:42] [INFO] [INFRA_SIMULATOR] s3_storage | Status: Healthy | Metrics: latency: 15.43, space: 1421, bandwidth: 84, bitbucket_space: 450, jenkins_space: 125, artifactory_space: 1452, fortify_space: 85, teamcity_space: 220, bitbucket_bandwidth: 12.9, jenkins_bandwidth: 3.24, artifactory_bandwidth: 62.98
[2026-07-30 06:44:42] [INFO] [LOG_AGENT] [S3-BUCK] Performing multipart backup archiving snapshot sentinel_db_dump.sql (bandwidth: 84.5 MB/s)
[2026-07-30 06:44:52] [INFO] [INFRA_SIMULATOR] s3_storage | Status: Healthy | Metrics: latency: 15.67, space: 1423, bandwidth: 86, bitbucket_space: 451, jenkins_space: 125, artifactory_space: 1451, fortify_space: 85, teamcity_space: 220, bitbucket_bandwidth: 12.48, jenkins_bandwidth: 3.22, artifactory_bandwidth: 66.56
[2026-07-30 06:45:02] [INFO] [INFRA_SIMULATOR] s3_storage | Status: Healthy | Metrics: latency: 15.72, space: 1423, bandwidth: 86, bitbucket_space: 450, jenkins_space: 125, artifactory_space: 1451, fortify_space: 85, teamcity_space: 220, bitbucket_bandwidth: 12.57, jenkins_bandwidth: 2.97, artifactory_bandwidth: 63.75
[2026-07-30 06:45:12] [INFO] [INFRA_SIMULATOR] s3_storage | Status: Healthy | Metrics: latency: 15.3, space: 1420, bandwidth: 83, bitbucket_space: 451, jenkins_space: 125, artifactory_space: 1452, fortify_space: 85, teamcity_space: 220, bitbucket_bandwidth: 12.82, jenkins_bandwidth: 3.26, artifactory_bandwidth: 65.85
[2026-07-30 06:45:22] [INFO] [INFRA_SIMULATOR] s3_storage | Status: Healthy | Metrics: latency: 14.46, space: 1424, bandwidth: 88, bitbucket_space: 450, jenkins_space: 125, artifactory_space: 1451, fortify_space: 85, teamcity_space: 220, bitbucket_bandwidth: 12.19, jenkins_bandwidth: 3.43, artifactory_bandwidth: 65.12
[2026-07-30 06:45:22] [INFO] [LOG_AGENT] [S3-BUCK] Performing multipart backup archiving snapshot sentinel_db_dump.sql (bandwidth: 84.5 MB/s)
[2026-07-30 06:45:32] [INFO] [INFRA_SIMULATOR] s3_storage | Status: Healthy | Metrics: latency: 14.59, space: 1420, bandwidth: 86, bitbucket_space: 451, jenkins_space: 125, artifactory_space: 1450, fortify_space: 85, teamcity_space: 220, bitbucket_bandwidth: 12.34, jenkins_bandwidth: 2.98, artifactory_bandwidth: 66.43
[2026-07-30 06:45:42] [INFO] [INFRA_SIMULATOR] s3_storage | Status: Healthy | Metrics: latency: 14.95, space: 1424, bandwidth: 86, bitbucket_space: 450, jenkins_space: 125, artifactory_space: 1450, fortify_space: 85, teamcity_space: 220, bitbucket_bandwidth: 12.78, jenkins_bandwidth: 3.09, artifactory_bandwidth: 64.96
[2026-07-30 06:45:52] [INFO] [INFRA_SIMULATOR] s3_storage | Status: Healthy | Metrics: latency: 14.46, space: 1422, bandwidth: 87, bitbucket_space: 451, jenkins_space: 125, artifactory_space: 1450, fortify_space: 85, teamcity_space: 220, bitbucket_bandwidth: 12.44, jenkins_bandwidth: 3.25, artifactory_bandwidth: 63.43
[2026-07-30 06:46:02] [INFO] [INFRA_SIMULATOR] s3_storage | Status: Healthy | Metrics: latency: 15.83, space: 1422, bandwidth: 81, bitbucket_space: 450, jenkins_space: 125, artifactory_space: 1450, fortify_space: 85, teamcity_space: 220, bitbucket_bandwidth: 12.67, jenkins_bandwidth: 3.26, artifactory_bandwidth: 62.97
[2026-07-30 06:46:12] [INFO] [INFRA_SIMULATOR] s3_storage | Status: Healthy | Metrics: latency: 14.96, space: 1421, bandwidth: 81, bitbucket_space: 451, jenkins_space: 125, artifactory_space: 1451, fortify_space: 85, teamcity_space: 220, bitbucket_bandwidth: 12.13, jenkins_bandwidth: 3.22, artifactory_bandwidth: 64.72
[2026-07-30 06:46:22] [INFO] [INFRA_SIMULATOR] s3_storage | Status: Healthy | Metrics: latency: 14.6, space: 1421, bandwidth: 81, bitbucket_space: 450, jenkins_space: 125, artifactory_space: 1450, fortify_space: 85, teamcity_space: 220, bitbucket_bandwidth: 12.63, jenkins_bandwidth: 3.31, artifactory_bandwidth: 65.92
[2026-07-30 06:46:32] [INFO] [INFRA_SIMULATOR] s3_storage | Status: Healthy | Metrics: latency: 15.99, space: 1422, bandwidth: 86, bitbucket_space: 451, jenkins_space: 125, artifactory_space: 1452, fortify_space: 85, teamcity_space: 220, bitbucket_bandwidth: 12.22, jenkins_bandwidth: 3.13, artifactory_bandwidth: 63.14
[2026-07-30 06:46:42] [INFO] [INFRA_SIMULATOR] s3_storage | Status: Healthy | Metrics: latency: 15.45, space: 1423, bandwidth: 87, bitbucket_space: 450, jenkins_space: 125, artifactory_space: 1452, fortify_space: 85, teamcity_space: 220, bitbucket_bandwidth: 12.68, jenkins_bandwidth: 3, artifactory_bandwidth: 63.43
[2026-07-30 06:46:52] [INFO] [INFRA_SIMULATOR] s3_storage | Status: Healthy | Metrics: latency: 15.89, space: 1421, bandwidth: 88, bitbucket_space: 451, jenkins_space: 125, artifactory_space: 1451, fortify_space: 85, teamcity_space: 220, bitbucket_bandwidth: 12.82, jenkins_bandwidth: 3.27, artifactory_bandwidth: 65.2
[2026-07-30 06:47:02] [INFO] [INFRA_SIMULATOR] s3_storage | Status: Healthy | Metrics: latency: 15.07, space: 1421, bandwidth: 85, bitbucket_space: 450, jenkins_space: 125, artifactory_space: 1450, fortify_space: 85, teamcity_space: 220, bitbucket_bandwidth: 12.75, jenkins_bandwidth: 3.25, artifactory_bandwidth: 65.04
[2026-07-30 06:47:12] [INFO] [INFRA_SIMULATOR] s3_storage | Status: Healthy | Metrics: latency: 14.76, space: 1422, bandwidth: 86, bitbucket_space: 450, jenkins_space: 125, artifactory_space: 1451, fortify_space: 85, teamcity_space: 220, bitbucket_bandwidth: 12.85, jenkins_bandwidth: 3.14, artifactory_bandwidth: 66.15
[2026-07-30 06:47:22] [INFO] [INFRA_SIMULATOR] s3_storage | Status: Healthy | Metrics: latency: 15.81, space: 1422, bandwidth: 88, bitbucket_space: 450, jenkins_space: 125, artifactory_space: 1452, fortify_space: 85, teamcity_space: 220, bitbucket_bandwidth: 12.24, jenkins_bandwidth: 3.44, artifactory_bandwidth: 63.08
[2026-07-30 06:47:22] [INFO] [LOG_AGENT] [S3-BUCK] Performing multipart backup archiving snapshot sentinel_db_dump.sql (bandwidth: 84.5 MB/s)
[2026-07-30 06:47:32] [INFO] [INFRA_SIMULATOR] s3_storage | Status: Healthy | Metrics: latency: 15.2, space: 1423, bandwidth: 86, bitbucket_space: 451, jenkins_space: 125, artifactory_space: 1451, fortify_space: 85, teamcity_space: 220, bitbucket_bandwidth: 12.44, jenkins_bandwidth: 3.26, artifactory_bandwidth: 63.66
[2026-07-30 06:47:42] [INFO] [INFRA_SIMULATOR] s3_storage | Status: Healthy | Metrics: latency: 15.12, space: 1420, bandwidth: 87, bitbucket_space: 450, jenkins_space: 125, artifactory_space: 1451, fortify_space: 85, teamcity_space: 220, bitbucket_bandwidth: 12.19, jenkins_bandwidth: 2.98, artifactory_bandwidth: 63.37
[2026-07-30 06:47:52] [INFO] [INFRA_SIMULATOR] s3_storage | Status: Healthy | Metrics: latency: 15.3, space: 1424, bandwidth: 86, bitbucket_space: 450, jenkins_space: 125, artifactory_space: 1450, fortify_space: 85, teamcity_space: 220, bitbucket_bandwidth: 12.52, jenkins_bandwidth: 2.99, artifactory_bandwidth: 65.91
[2026-07-30 06:48:02] [INFO] [INFRA_SIMULATOR] s3_storage | Status: Healthy | Metrics: latency: 14.97, space: 1420, bandwidth: 87, bitbucket_space: 450, jenkins_space: 125, artifactory_space: 1451, fortify_space: 85, teamcity_space: 220, bitbucket_bandwidth: 12.72, jenkins_bandwidth: 3.25, artifactory_bandwidth: 64.54
[2026-07-30 06:48:02] [INFO] [LOG_AGENT] [S3-BUCK] Performing multipart backup archiving snapshot sentinel_db_dump.sql (bandwidth: 84.5 MB/s)
[2026-07-30 06:48:12] [INFO] [INFRA_SIMULATOR] s3_storage | Status: Healthy | Metrics: latency: 16.1, space: 1423, bandwidth: 81, bitbucket_space: 450, jenkins_space: 125, artifactory_space: 1451, fortify_space: 85, teamcity_space: 220, bitbucket_bandwidth: 12.82, jenkins_bandwidth: 3.38, artifactory_bandwidth: 63.43
[2026-07-30 06:48:22] [INFO] [INFRA_SIMULATOR] s3_storage | Status: Healthy | Metrics: latency: 15.39, space: 1422, bandwidth: 87, bitbucket_space: 451, jenkins_space: 125, artifactory_space: 1450, fortify_space: 85, teamcity_space: 220, bitbucket_bandwidth: 12.59, jenkins_bandwidth: 2.95, artifactory_bandwidth: 64.02
[2026-07-30 06:48:32] [INFO] [INFRA_SIMULATOR] s3_storage | Status: Healthy | Metrics: latency: 14.5, space: 1422, bandwidth: 85, bitbucket_space: 450, jenkins_space: 125, artifactory_space: 1451, fortify_space: 85, teamcity_space: 220, bitbucket_bandwidth: 12.76, jenkins_bandwidth: 3.21, artifactory_bandwidth: 65.16
[2026-07-30 06:48:42] [INFO] [INFRA_SIMULATOR] s3_storage | Status: Healthy | Metrics: latency: 16.23, space: 1422, bandwidth: 82, bitbucket_space: 451, jenkins_space: 125, artifactory_space: 1451, fortify_space: 85, teamcity_space: 220, bitbucket_bandwidth: 12.15, jenkins_bandwidth: 3.29, artifactory_bandwidth: 64.03
[2026-07-30 06:48:52] [INFO] [INFRA_SIMULATOR] s3_storage | Status: Healthy | Metrics: latency: 15.04, space: 1422, bandwidth: 84, bitbucket_space: 450, jenkins_space: 125, artifactory_space: 1452, fortify_space: 85, teamcity_space: 220, bitbucket_bandwidth: 12.35, jenkins_bandwidth: 3.12, artifactory_bandwidth: 66.31
[2026-07-30 06:49:02] [INFO] [INFRA_SIMULATOR] s3_storage | Status: Healthy | Metrics: latency: 14.47, space: 1423, bandwidth: 84, bitbucket_space: 450, jenkins_space: 125, artifactory_space: 1450, fortify_space: 85, teamcity_space: 220, bitbucket_bandwidth: 13, jenkins_bandwidth: 3.33, artifactory_bandwidth: 63.51
[2026-07-30 06:49:12] [INFO] [INFRA_SIMULATOR] s3_storage | Status: Healthy | Metrics: latency: 16.15, space: 1420, bandwidth: 81, bitbucket_space: 451, jenkins_space: 125, artifactory_space: 1451, fortify_space: 85, teamcity_space: 220, bitbucket_bandwidth: 12.92, jenkins_bandwidth: 3.41, artifactory_bandwidth: 65.03
[2026-07-30 06:49:22] [INFO] [INFRA_SIMULATOR] s3_storage | Status: Healthy | Metrics: latency: 15.36, space: 1422, bandwidth: 85, bitbucket_space: 451, jenkins_space: 125, artifactory_space: 1451, fortify_space: 85, teamcity_space: 220, bitbucket_bandwidth: 12.3, jenkins_bandwidth: 3.28, artifactory_bandwidth: 64.59
[2026-07-30 06:49:22] [INFO] [LOG_AGENT] [S3-BUCK] Performing multipart backup archiving snapshot sentinel_db_dump.sql (bandwidth: 84.5 MB/s)
[2026-07-30 06:49:32] [INFO] [INFRA_SIMULATOR] s3_storage | Status: Healthy | Metrics: latency: 15.29, space: 1423, bandwidth: 86, bitbucket_space: 450, jenkins_space: 125, artifactory_space: 1452, fortify_space: 85, teamcity_space: 220, bitbucket_bandwidth: 12.45, jenkins_bandwidth: 3.29, artifactory_bandwidth: 66.19
[2026-07-30 06:49:32] [INFO] [LOG_AGENT] [S3-BUCK] Performing multipart backup archiving snapshot sentinel_db_dump.sql (bandwidth: 84.5 MB/s)
[2026-07-30 06:49:42] [INFO] [INFRA_SIMULATOR] s3_storage | Status: Healthy | Metrics: latency: 14.91, space: 1423, bandwidth: 81, bitbucket_space: 450, jenkins_space: 125, artifactory_space: 1452, fortify_space: 85, teamcity_space: 220, bitbucket_bandwidth: 12.32, jenkins_bandwidth: 3.36, artifactory_bandwidth: 65.2
[2026-07-30 06:49:52] [INFO] [INFRA_SIMULATOR] s3_storage | Status: Healthy | Metrics: latency: 15.28, space: 1421, bandwidth: 82, bitbucket_space: 450, jenkins_space: 125, artifactory_space: 1451, fortify_space: 85, teamcity_space: 220, bitbucket_bandwidth: 12.54, jenkins_bandwidth: 3.27, artifactory_bandwidth: 66.41
[2026-07-30 06:50:02] [INFO] [INFRA_SIMULATOR] s3_storage | Status: Healthy | Metrics: latency: 15.93, space: 1422, bandwidth: 85, bitbucket_space: 451, jenkins_space: 125, artifactory_space: 1452, fortify_space: 85, teamcity_space: 220, bitbucket_bandwidth: 12.23, jenkins_bandwidth: 3.38, artifactory_bandwidth: 63.35
[2026-07-30 06:50:12] [INFO] [INFRA_SIMULATOR] s3_storage | Status: Healthy | Metrics: latency: 14.85, space: 1422, bandwidth: 84, bitbucket_space: 451, jenkins_space: 125, artifactory_space: 1451, fortify_space: 85, teamcity_space: 220, bitbucket_bandwidth: 12.18, jenkins_bandwidth: 3.14, artifactory_bandwidth: 63.58
[2026-07-30 06:50:12] [INFO] [LOG_AGENT] [S3-BUCK] Performing multipart backup archiving snapshot sentinel_db_dump.sql (bandwidth: 84.5 MB/s)
[2026-07-30 06:50:12] [INFO] [LOG_AGENT] [S3-BUCK] Performing multipart backup archiving snapshot sentinel_db_dump.sql (bandwidth: 84.5 MB/s)
[2026-07-30 06:50:22] [INFO] [INFRA_SIMULATOR] s3_storage | Status: Healthy | Metrics: latency: 15.93, space: 1421, bandwidth: 85, bitbucket_space: 451, jenkins_space: 125, artifactory_space: 1451, fortify_space: 85, teamcity_space: 220, bitbucket_bandwidth: 12.04, jenkins_bandwidth: 3.41, artifactory_bandwidth: 65.84
[2026-07-30 06:50:32] [INFO] [INFRA_SIMULATOR] s3_storage | Status: Healthy | Metrics: latency: 15.51, space: 1421, bandwidth: 81, bitbucket_space: 450, jenkins_space: 125, artifactory_space: 1452, fortify_space: 85, teamcity_space: 220, bitbucket_bandwidth: 12.56, jenkins_bandwidth: 3.08, artifactory_bandwidth: 66.35
[2026-07-30 06:50:42] [INFO] [INFRA_SIMULATOR] s3_storage | Status: Healthy | Metrics: latency: 14.44, space: 1423, bandwidth: 83, bitbucket_space: 450, jenkins_space: 125, artifactory_space: 1452, fortify_space: 85, teamcity_space: 220, bitbucket_bandwidth: 12.91, jenkins_bandwidth: 3.31, artifactory_bandwidth: 63.34
[2026-07-30 06:50:42] [INFO] [LOG_AGENT] [S3-BUCK] Performing multipart backup archiving snapshot sentinel_db_dump.sql (bandwidth: 84.5 MB/s)
[2026-07-30 06:50:52] [INFO] [INFRA_SIMULATOR] s3_storage | Status: Healthy | Metrics: latency: 15.3, space: 1420, bandwidth: 82, bitbucket_space: 450, jenkins_space: 125, artifactory_space: 1450, fortify_space: 85, teamcity_space: 220, bitbucket_bandwidth: 12.46, jenkins_bandwidth: 3.41, artifactory_bandwidth: 62.95
[2026-07-30 06:50:52] [INFO] [LOG_AGENT] [S3-BUCK] Performing multipart backup archiving snapshot sentinel_db_dump.sql (bandwidth: 84.5 MB/s)
[2026-07-30 06:51:02] [INFO] [INFRA_SIMULATOR] s3_storage | Status: Healthy | Metrics: latency: 15.4, space: 1420, bandwidth: 82, bitbucket_space: 451, jenkins_space: 125, artifactory_space: 1450, fortify_space: 85, teamcity_space: 220, bitbucket_bandwidth: 12.05, jenkins_bandwidth: 3.11, artifactory_bandwidth: 66.71
[2026-07-30 06:51:02] [INFO] [LOG_AGENT] [S3-BUCK] Performing multipart backup archiving snapshot sentinel_db_dump.sql (bandwidth: 84.5 MB/s)
[2026-07-30 06:51:12] [INFO] [INFRA_SIMULATOR] s3_storage | Status: Healthy | Metrics: latency: 16.07, space: 1422, bandwidth: 84, bitbucket_space: 451, jenkins_space: 125, artifactory_space: 1450, fortify_space: 85, teamcity_space: 220, bitbucket_bandwidth: 12.15, jenkins_bandwidth: 3.35, artifactory_bandwidth: 65.79
[2026-07-30 06:51:22] [INFO] [INFRA_SIMULATOR] s3_storage | Status: Healthy | Metrics: latency: 16.12, space: 1422, bandwidth: 85, bitbucket_space: 451, jenkins_space: 125, artifactory_space: 1450, fortify_space: 85, teamcity_space: 220, bitbucket_bandwidth: 12.26, jenkins_bandwidth: 3.38, artifactory_bandwidth: 66.3
[2026-07-30 06:51:32] [INFO] [INFRA_SIMULATOR] s3_storage | Status: Healthy | Metrics: latency: 15.31, space: 1424, bandwidth: 82, bitbucket_space: 451, jenkins_space: 125, artifactory_space: 1451, fortify_space: 85, teamcity_space: 220, bitbucket_bandwidth: 12.02, jenkins_bandwidth: 3.39, artifactory_bandwidth: 64.56
[2026-07-30 06:51:42] [INFO] [INFRA_SIMULATOR] s3_storage | Status: Healthy | Metrics: latency: 14.42, space: 1421, bandwidth: 82, bitbucket_space: 451, jenkins_space: 125, artifactory_space: 1451, fortify_space: 85, teamcity_space: 220, bitbucket_bandwidth: 12.6, jenkins_bandwidth: 3.07, artifactory_bandwidth: 66.5
[2026-07-30 06:51:52] [INFO] [INFRA_SIMULATOR] s3_storage | Status: Healthy | Metrics: latency: 14.45, space: 1421, bandwidth: 85, bitbucket_space: 450, jenkins_space: 125, artifactory_space: 1452, fortify_space: 85, teamcity_space: 220, bitbucket_bandwidth: 12.55, jenkins_bandwidth: 3.11, artifactory_bandwidth: 65.89
[2026-07-30 06:52:02] [INFO] [INFRA_SIMULATOR] s3_storage | Status: Healthy | Metrics: latency: 16.25, space: 1420, bandwidth: 88, bitbucket_space: 450, jenkins_space: 125, artifactory_space: 1451, fortify_space: 85, teamcity_space: 220, bitbucket_bandwidth: 12.11, jenkins_bandwidth: 3.43, artifactory_bandwidth: 63.83
[2026-07-30 06:52:12] [INFO] [INFRA_SIMULATOR] s3_storage | Status: Healthy | Metrics: latency: 15.12, space: 1422, bandwidth: 88, bitbucket_space: 450, jenkins_space: 125, artifactory_space: 1450, fortify_space: 85, teamcity_space: 220, bitbucket_bandwidth: 12.26, jenkins_bandwidth: 3.22, artifactory_bandwidth: 66.59
[2026-07-30 06:52:12] [INFO] [LOG_AGENT] [S3-BUCK] Performing multipart backup archiving snapshot sentinel_db_dump.sql (bandwidth: 84.5 MB/s)
[2026-07-30 06:52:22] [INFO] [INFRA_SIMULATOR] s3_storage | Status: Healthy | Metrics: latency: 14.79, space: 1422, bandwidth: 81, bitbucket_space: 450, jenkins_space: 125, artifactory_space: 1450, fortify_space: 85, teamcity_space: 220, bitbucket_bandwidth: 12.78, jenkins_bandwidth: 3.37, artifactory_bandwidth: 64.57
[2026-07-30 06:52:32] [INFO] [INFRA_SIMULATOR] s3_storage | Status: Healthy | Metrics: latency: 15.65, space: 1422, bandwidth: 88, bitbucket_space: 450, jenkins_space: 125, artifactory_space: 1452, fortify_space: 85, teamcity_space: 220, bitbucket_bandwidth: 12.77, jenkins_bandwidth: 3.14, artifactory_bandwidth: 66.63
[2026-07-30 06:52:42] [INFO] [INFRA_SIMULATOR] s3_storage | Status: Healthy | Metrics: latency: 15.81, space: 1423, bandwidth: 88, bitbucket_space: 450, jenkins_space: 125, artifactory_space: 1450, fortify_space: 85, teamcity_space: 220, bitbucket_bandwidth: 12.92, jenkins_bandwidth: 3.38, artifactory_bandwidth: 65.67
[2026-07-30 06:52:52] [INFO] [INFRA_SIMULATOR] s3_storage | Status: Healthy | Metrics: latency: 15.83, space: 1421, bandwidth: 88, bitbucket_space: 451, jenkins_space: 125, artifactory_space: 1452, fortify_space: 85, teamcity_space: 220, bitbucket_bandwidth: 12.41, jenkins_bandwidth: 2.97, artifactory_bandwidth: 64.94
[2026-07-30 06:53:02] [INFO] [INFRA_SIMULATOR] s3_storage | Status: Healthy | Metrics: latency: 14.92, space: 1423, bandwidth: 82, bitbucket_space: 450, jenkins_space: 125, artifactory_space: 1452, fortify_space: 85, teamcity_space: 220, bitbucket_bandwidth: 12.8, jenkins_bandwidth: 3.28, artifactory_bandwidth: 66.47
[2026-07-30 06:53:12] [INFO] [INFRA_SIMULATOR] s3_storage | Status: Healthy | Metrics: latency: 14.86, space: 1420, bandwidth: 84, bitbucket_space: 450, jenkins_space: 125, artifactory_space: 1452, fortify_space: 85, teamcity_space: 220, bitbucket_bandwidth: 12.38, jenkins_bandwidth: 3.42, artifactory_bandwidth: 65.63
[2026-07-30 06:53:22] [INFO] [INFRA_SIMULATOR] s3_storage | Status: Healthy | Metrics: latency: 15.03, space: 1424, bandwidth: 81, bitbucket_space: 451, jenkins_space: 125, artifactory_space: 1450, fortify_space: 85, teamcity_space: 220, bitbucket_bandwidth: 12.28, jenkins_bandwidth: 3.17, artifactory_bandwidth: 66.78
[2026-07-30 06:53:22] [INFO] [LOG_AGENT] [S3-BUCK] Performing multipart backup archiving snapshot sentinel_db_dump.sql (bandwidth: 84.5 MB/s)
[2026-07-30 06:53:32] [INFO] [INFRA_SIMULATOR] s3_storage | Status: Healthy | Metrics: latency: 15.33, space: 1423, bandwidth: 87, bitbucket_space: 451, jenkins_space: 125, artifactory_space: 1451, fortify_space: 85, teamcity_space: 220, bitbucket_bandwidth: 12.01, jenkins_bandwidth: 3.13, artifactory_bandwidth: 66.27
[2026-07-30 06:53:42] [INFO] [INFRA_SIMULATOR] s3_storage | Status: Healthy | Metrics: latency: 14.88, space: 1421, bandwidth: 85, bitbucket_space: 451, jenkins_space: 125, artifactory_space: 1451, fortify_space: 85, teamcity_space: 220, bitbucket_bandwidth: 12.52, jenkins_bandwidth: 3.41, artifactory_bandwidth: 65.92
[2026-07-30 06:53:52] [INFO] [INFRA_SIMULATOR] s3_storage | Status: Healthy | Metrics: latency: 14.85, space: 1420, bandwidth: 88, bitbucket_space: 451, jenkins_space: 125, artifactory_space: 1452, fortify_space: 85, teamcity_space: 220, bitbucket_bandwidth: 12.7, jenkins_bandwidth: 3.4, artifactory_bandwidth: 64.83
[2026-07-30 06:53:52] [INFO] [LOG_AGENT] [S3-BUCK] Performing multipart backup archiving snapshot sentinel_db_dump.sql (bandwidth: 84.5 MB/s)
[2026-07-30 06:54:02] [INFO] [INFRA_SIMULATOR] s3_storage | Status: Healthy | Metrics: latency: 16.3, space: 1423, bandwidth: 85, bitbucket_space: 451, jenkins_space: 125, artifactory_space: 1452, fortify_space: 85, teamcity_space: 220, bitbucket_bandwidth: 12.52, jenkins_bandwidth: 3.39, artifactory_bandwidth: 63.5
[2026-07-30 06:54:12] [INFO] [INFRA_SIMULATOR] s3_storage | Status: Healthy | Metrics: latency: 14.43, space: 1423, bandwidth: 84, bitbucket_space: 451, jenkins_space: 125, artifactory_space: 1451, fortify_space: 85, teamcity_space: 220, bitbucket_bandwidth: 12.24, jenkins_bandwidth: 2.95, artifactory_bandwidth: 65.87
[2026-07-30 06:54:22] [INFO] [INFRA_SIMULATOR] s3_storage | Status: Healthy | Metrics: latency: 15.04, space: 1424, bandwidth: 82, bitbucket_space: 451, jenkins_space: 125, artifactory_space: 1450, fortify_space: 85, teamcity_space: 220, bitbucket_bandwidth: 12.91, jenkins_bandwidth: 3.29, artifactory_bandwidth: 63.23
[2026-07-30 06:54:32] [INFO] [INFRA_SIMULATOR] s3_storage | Status: Healthy | Metrics: latency: 14.66, space: 1423, bandwidth: 87, bitbucket_space: 450, jenkins_space: 125, artifactory_space: 1450, fortify_space: 85, teamcity_space: 220, bitbucket_bandwidth: 12.18, jenkins_bandwidth: 3.32, artifactory_bandwidth: 63.2
[2026-07-30 06:54:42] [INFO] [INFRA_SIMULATOR] s3_storage | Status: Healthy | Metrics: latency: 14.93, space: 1424, bandwidth: 83, bitbucket_space: 450, jenkins_space: 125, artifactory_space: 1450, fortify_space: 85, teamcity_space: 220, bitbucket_bandwidth: 12.58, jenkins_bandwidth: 3.06, artifactory_bandwidth: 66.43
[2026-07-30 06:54:52] [INFO] [INFRA_SIMULATOR] s3_storage | Status: Healthy | Metrics: latency: 16.31, space: 1424, bandwidth: 88, bitbucket_space: 450, jenkins_space: 125, artifactory_space: 1452, fortify_space: 85, teamcity_space: 220, bitbucket_bandwidth: 12.72, jenkins_bandwidth: 3.23, artifactory_bandwidth: 64.94
[2026-07-30 06:55:02] [INFO] [INFRA_SIMULATOR] s3_storage | Status: Healthy | Metrics: latency: 16.27, space: 1423, bandwidth: 88, bitbucket_space: 450, jenkins_space: 125, artifactory_space: 1451, fortify_space: 85, teamcity_space: 220, bitbucket_bandwidth: 12.97, jenkins_bandwidth: 2.97, artifactory_bandwidth: 65.56
[2026-07-30 06:55:12] [INFO] [INFRA_SIMULATOR] s3_storage | Status: Healthy | Metrics: latency: 15.05, space: 1424, bandwidth: 83, bitbucket_space: 451, jenkins_space: 125, artifactory_space: 1450, fortify_space: 85, teamcity_space: 220, bitbucket_bandwidth: 12.25, jenkins_bandwidth: 3.45, artifactory_bandwidth: 65.54
[2026-07-30 06:55:13] [INFO] [LOG_AGENT] [S3-BUCK] Performing multipart backup archiving snapshot sentinel_db_dump.sql (bandwidth: 84.5 MB/s)
[2026-07-30 06:55:22] [INFO] [INFRA_SIMULATOR] s3_storage | Status: Healthy | Metrics: latency: 15.42, space: 1423, bandwidth: 81, bitbucket_space: 450, jenkins_space: 125, artifactory_space: 1450, fortify_space: 85, teamcity_space: 220, bitbucket_bandwidth: 12.96, jenkins_bandwidth: 3.03, artifactory_bandwidth: 65.57
[2026-07-30 06:55:32] [INFO] [INFRA_SIMULATOR] s3_storage | Status: Healthy | Metrics: latency: 15.66, space: 1420, bandwidth: 83, bitbucket_space: 450, jenkins_space: 125, artifactory_space: 1452, fortify_space: 85, teamcity_space: 220, bitbucket_bandwidth: 12.2, jenkins_bandwidth: 3.33, artifactory_bandwidth: 63.12
[2026-07-30 06:55:42] [INFO] [INFRA_SIMULATOR] s3_storage | Status: Healthy | Metrics: latency: 14.8, space: 1420, bandwidth: 86, bitbucket_space: 450, jenkins_space: 125, artifactory_space: 1452, fortify_space: 85, teamcity_space: 220, bitbucket_bandwidth: 12.11, jenkins_bandwidth: 3.07, artifactory_bandwidth: 65.92
[2026-07-30 06:55:52] [INFO] [INFRA_SIMULATOR] s3_storage | Status: Healthy | Metrics: latency: 14.44, space: 1423, bandwidth: 87, bitbucket_space: 451, jenkins_space: 125, artifactory_space: 1451, fortify_space: 85, teamcity_space: 220, bitbucket_bandwidth: 12.69, jenkins_bandwidth: 3.27, artifactory_bandwidth: 64.03
[2026-07-30 06:56:02] [INFO] [INFRA_SIMULATOR] s3_storage | Status: Healthy | Metrics: latency: 16.23, space: 1422, bandwidth: 81, bitbucket_space: 451, jenkins_space: 125, artifactory_space: 1452, fortify_space: 85, teamcity_space: 220, bitbucket_bandwidth: 12.01, jenkins_bandwidth: 3.29, artifactory_bandwidth: 65.37
[2026-07-30 06:56:03] [INFO] [LOG_AGENT] [S3-BUCK] Performing multipart backup archiving snapshot sentinel_db_dump.sql (bandwidth: 84.5 MB/s)
[2026-07-30 06:56:12] [INFO] [INFRA_SIMULATOR] s3_storage | Status: Healthy | Metrics: latency: 16.35, space: 1420, bandwidth: 86, bitbucket_space: 451, jenkins_space: 125, artifactory_space: 1451, fortify_space: 85, teamcity_space: 220, bitbucket_bandwidth: 12.84, jenkins_bandwidth: 3.29, artifactory_bandwidth: 63.11
[2026-07-30 06:56:13] [INFO] [LOG_AGENT] [S3-BUCK] Performing multipart backup archiving snapshot sentinel_db_dump.sql (bandwidth: 84.5 MB/s)
[2026-07-30 06:56:22] [INFO] [INFRA_SIMULATOR] s3_storage | Status: Healthy | Metrics: latency: 14.7, space: 1423, bandwidth: 81, bitbucket_space: 451, jenkins_space: 125, artifactory_space: 1451, fortify_space: 85, teamcity_space: 220, bitbucket_bandwidth: 12.82, jenkins_bandwidth: 3.07, artifactory_bandwidth: 64.07
[2026-07-30 06:56:23] [INFO] [LOG_AGENT] [S3-BUCK] Performing multipart backup archiving snapshot sentinel_db_dump.sql (bandwidth: 84.5 MB/s)
[2026-07-30 06:56:33] [INFO] [INFRA_SIMULATOR] s3_storage | Status: Healthy | Metrics: latency: 15.41, space: 1420, bandwidth: 86, bitbucket_space: 450, jenkins_space: 125, artifactory_space: 1451, fortify_space: 85, teamcity_space: 220, bitbucket_bandwidth: 12.99, jenkins_bandwidth: 3.29, artifactory_bandwidth: 65.55
[2026-07-30 06:56:33] [INFO] [LOG_AGENT] [S3-BUCK] Performing multipart backup archiving snapshot sentinel_db_dump.sql (bandwidth: 84.5 MB/s)
[2026-07-30 06:56:43] [INFO] [INFRA_SIMULATOR] s3_storage | Status: Healthy | Metrics: latency: 14.97, space: 1421, bandwidth: 83, bitbucket_space: 451, jenkins_space: 125, artifactory_space: 1450, fortify_space: 85, teamcity_space: 220, bitbucket_bandwidth: 12.12, jenkins_bandwidth: 3.12, artifactory_bandwidth: 65.9
[2026-07-30 06:56:53] [INFO] [INFRA_SIMULATOR] s3_storage | Status: Healthy | Metrics: latency: 14.5, space: 1424, bandwidth: 85, bitbucket_space: 450, jenkins_space: 125, artifactory_space: 1451, fortify_space: 85, teamcity_space: 220, bitbucket_bandwidth: 12.81, jenkins_bandwidth: 3.1, artifactory_bandwidth: 64.43
[2026-07-30 06:56:53] [INFO] [LOG_AGENT] [S3-BUCK] Performing multipart backup archiving snapshot sentinel_db_dump.sql (bandwidth: 84.5 MB/s)
[2026-07-30 06:57:03] [INFO] [INFRA_SIMULATOR] s3_storage | Status: Healthy | Metrics: latency: 16.05, space: 1421, bandwidth: 86, bitbucket_space: 450, jenkins_space: 125, artifactory_space: 1451, fortify_space: 85, teamcity_space: 220, bitbucket_bandwidth: 12.23, jenkins_bandwidth: 2.98, artifactory_bandwidth: 64.1
[2026-07-30 06:57:03] [INFO] [LOG_AGENT] [S3-BUCK] Performing multipart backup archiving snapshot sentinel_db_dump.sql (bandwidth: 84.5 MB/s)
[2026-07-30 06:57:13] [INFO] [INFRA_SIMULATOR] s3_storage | Status: Healthy | Metrics: latency: 15.98, space: 1424, bandwidth: 83, bitbucket_space: 451, jenkins_space: 125, artifactory_space: 1450, fortify_space: 85, teamcity_space: 220, bitbucket_bandwidth: 12.25, jenkins_bandwidth: 3.44, artifactory_bandwidth: 62.83
[2026-07-30 06:57:13] [INFO] [LOG_AGENT] [S3-BUCK] Performing multipart backup archiving snapshot sentinel_db_dump.sql (bandwidth: 84.5 MB/s)
[2026-07-30 06:57:13] [INFO] [LOG_AGENT] [S3-BUCK] Performing multipart backup archiving snapshot sentinel_db_dump.sql (bandwidth: 84.5 MB/s)
[2026-07-30 06:57:23] [INFO] [INFRA_SIMULATOR] s3_storage | Status: Healthy | Metrics: latency: 14.55, space: 1424, bandwidth: 84, bitbucket_space: 451, jenkins_space: 125, artifactory_space: 1452, fortify_space: 85, teamcity_space: 220, bitbucket_bandwidth: 12.73, jenkins_bandwidth: 3.37, artifactory_bandwidth: 63.65
[2026-07-30 06:57:33] [INFO] [INFRA_SIMULATOR] s3_storage | Status: Healthy | Metrics: latency: 14.77, space: 1420, bandwidth: 82, bitbucket_space: 450, jenkins_space: 125, artifactory_space: 1452, fortify_space: 85, teamcity_space: 220, bitbucket_bandwidth: 12.64, jenkins_bandwidth: 3.36, artifactory_bandwidth: 65.93
[2026-07-30 06:57:33] [INFO] [LOG_AGENT] [S3-BUCK] Performing multipart backup archiving snapshot sentinel_db_dump.sql (bandwidth: 84.5 MB/s)
[2026-07-30 06:57:43] [INFO] [INFRA_SIMULATOR] s3_storage | Status: Healthy | Metrics: latency: 15.77, space: 1420, bandwidth: 83, bitbucket_space: 450, jenkins_space: 125, artifactory_space: 1452, fortify_space: 85, teamcity_space: 220, bitbucket_bandwidth: 12.55, jenkins_bandwidth: 2.95, artifactory_bandwidth: 63.35
[2026-07-30 06:57:53] [INFO] [INFRA_SIMULATOR] s3_storage | Status: Healthy | Metrics: latency: 15.05, space: 1420, bandwidth: 82, bitbucket_space: 451, jenkins_space: 125, artifactory_space: 1450, fortify_space: 85, teamcity_space: 220, bitbucket_bandwidth: 12.09, jenkins_bandwidth: 3.42, artifactory_bandwidth: 66.17
[2026-07-30 06:58:03] [INFO] [INFRA_SIMULATOR] s3_storage | Status: Healthy | Metrics: latency: 14.76, space: 1424, bandwidth: 87, bitbucket_space: 451, jenkins_space: 125, artifactory_space: 1450, fortify_space: 85, teamcity_space: 220, bitbucket_bandwidth: 12.01, jenkins_bandwidth: 3.32, artifactory_bandwidth: 62.82
[2026-07-30 06:58:13] [INFO] [INFRA_SIMULATOR] s3_storage | Status: Healthy | Metrics: latency: 15.38, space: 1422, bandwidth: 81, bitbucket_space: 451, jenkins_space: 125, artifactory_space: 1452, fortify_space: 85, teamcity_space: 220, bitbucket_bandwidth: 12.41, jenkins_bandwidth: 3.28, artifactory_bandwidth: 65.39
[2026-07-30 06:58:13] [INFO] [LOG_AGENT] [S3-BUCK] Performing multipart backup archiving snapshot sentinel_db_dump.sql (bandwidth: 84.5 MB/s)
[2026-07-30 06:58:23] [INFO] [INFRA_SIMULATOR] s3_storage | Status: Healthy | Metrics: latency: 15.03, space: 1420, bandwidth: 83, bitbucket_space: 450, jenkins_space: 125, artifactory_space: 1451, fortify_space: 85, teamcity_space: 220, bitbucket_bandwidth: 12.56, jenkins_bandwidth: 3.14, artifactory_bandwidth: 66.21
[2026-07-30 06:58:33] [INFO] [INFRA_SIMULATOR] s3_storage | Status: Healthy | Metrics: latency: 15.13, space: 1423, bandwidth: 86, bitbucket_space: 450, jenkins_space: 125, artifactory_space: 1451, fortify_space: 85, teamcity_space: 220, bitbucket_bandwidth: 12.2, jenkins_bandwidth: 3.12, artifactory_bandwidth: 65.3
[2026-07-30 06:58:43] [INFO] [INFRA_SIMULATOR] s3_storage | Status: Healthy | Metrics: latency: 16.15, space: 1424, bandwidth: 86, bitbucket_space: 451, jenkins_space: 125, artifactory_space: 1451, fortify_space: 85, teamcity_space: 220, bitbucket_bandwidth: 12.03, jenkins_bandwidth: 3.44, artifactory_bandwidth: 64.68
[2026-07-30 06:58:53] [INFO] [INFRA_SIMULATOR] s3_storage | Status: Healthy | Metrics: latency: 15.96, space: 1422, bandwidth: 84, bitbucket_space: 450, jenkins_space: 125, artifactory_space: 1451, fortify_space: 85, teamcity_space: 220, bitbucket_bandwidth: 12.6, jenkins_bandwidth: 3.18, artifactory_bandwidth: 66.37
[2026-07-30 06:58:53] [INFO] [LOG_AGENT] [S3-BUCK] Performing multipart backup archiving snapshot sentinel_db_dump.sql (bandwidth: 84.5 MB/s)
[2026-07-30 06:59:03] [INFO] [INFRA_SIMULATOR] s3_storage | Status: Healthy | Metrics: latency: 14.5, space: 1422, bandwidth: 82, bitbucket_space: 450, jenkins_space: 125, artifactory_space: 1452, fortify_space: 85, teamcity_space: 220, bitbucket_bandwidth: 12.73, jenkins_bandwidth: 2.96, artifactory_bandwidth: 64.91
[2026-07-30 06:59:03] [INFO] [LOG_AGENT] [S3-BUCK] Performing multipart backup archiving snapshot sentinel_db_dump.sql (bandwidth: 84.5 MB/s)
[2026-07-30 06:59:13] [INFO] [INFRA_SIMULATOR] s3_storage | Status: Healthy | Metrics: latency: 16.38, space: 1422, bandwidth: 85, bitbucket_space: 450, jenkins_space: 125, artifactory_space: 1451, fortify_space: 85, teamcity_space: 220, bitbucket_bandwidth: 12.96, jenkins_bandwidth: 2.99, artifactory_bandwidth: 64.72
[2026-07-30 06:59:23] [INFO] [INFRA_SIMULATOR] s3_storage | Status: Healthy | Metrics: latency: 15.81, space: 1423, bandwidth: 82, bitbucket_space: 450, jenkins_space: 125, artifactory_space: 1451, fortify_space: 85, teamcity_space: 220, bitbucket_bandwidth: 12.72, jenkins_bandwidth: 3.29, artifactory_bandwidth: 64.91
[2026-07-30 06:59:33] [INFO] [INFRA_SIMULATOR] s3_storage | Status: Healthy | Metrics: latency: 15.81, space: 1421, bandwidth: 86, bitbucket_space: 451, jenkins_space: 125, artifactory_space: 1452, fortify_space: 85, teamcity_space: 220, bitbucket_bandwidth: 12.84, jenkins_bandwidth: 3.45, artifactory_bandwidth: 64.05
[2026-07-30 06:59:43] [INFO] [INFRA_SIMULATOR] s3_storage | Status: Healthy | Metrics: latency: 14.5, space: 1422, bandwidth: 84, bitbucket_space: 450, jenkins_space: 125, artifactory_space: 1452, fortify_space: 85, teamcity_space: 220, bitbucket_bandwidth: 12.59, jenkins_bandwidth: 2.96, artifactory_bandwidth: 64.33
[2026-07-30 06:59:53] [INFO] [INFRA_SIMULATOR] s3_storage | Status: Healthy | Metrics: latency: 16.08, space: 1422, bandwidth: 87, bitbucket_space: 450, jenkins_space: 125, artifactory_space: 1452, fortify_space: 85, teamcity_space: 220, bitbucket_bandwidth: 12.83, jenkins_bandwidth: 3.36, artifactory_bandwidth: 66.14
[2026-07-30 07:00:03] [INFO] [INFRA_SIMULATOR] s3_storage | Status: Healthy | Metrics: latency: 14.88, space: 1423, bandwidth: 82, bitbucket_space: 451, jenkins_space: 125, artifactory_space: 1450, fortify_space: 85, teamcity_space: 220, bitbucket_bandwidth: 12.07, jenkins_bandwidth: 3.1, artifactory_bandwidth: 63.57
[2026-07-30 07:00:13] [INFO] [INFRA_SIMULATOR] s3_storage | Status: Healthy | Metrics: latency: 16.36, space: 1423, bandwidth: 84, bitbucket_space: 450, jenkins_space: 125, artifactory_space: 1450, fortify_space: 85, teamcity_space: 220, bitbucket_bandwidth: 12.67, jenkins_bandwidth: 3.06, artifactory_bandwidth: 66.56
[2026-07-30 07:00:23] [INFO] [INFRA_SIMULATOR] s3_storage | Status: Healthy | Metrics: latency: 15.06, space: 1424, bandwidth: 81, bitbucket_space: 451, jenkins_space: 125, artifactory_space: 1450, fortify_space: 85, teamcity_space: 220, bitbucket_bandwidth: 12.03, jenkins_bandwidth: 3.07, artifactory_bandwidth: 66.51
[2026-07-30 07:00:23] [INFO] [LOG_AGENT] [S3-BUCK] Performing multipart backup archiving snapshot sentinel_db_dump.sql (bandwidth: 84.5 MB/s)
[2026-07-30 07:00:33] [INFO] [INFRA_SIMULATOR] s3_storage | Status: Healthy | Metrics: latency: 15.46, space: 1421, bandwidth: 88, bitbucket_space: 451, jenkins_space: 125, artifactory_space: 1452, fortify_space: 85, teamcity_space: 220, bitbucket_bandwidth: 12.47, jenkins_bandwidth: 3.21, artifactory_bandwidth: 65.08
[2026-07-30 07:00:43] [INFO] [INFRA_SIMULATOR] s3_storage | Status: Healthy | Metrics: latency: 15.82, space: 1423, bandwidth: 84, bitbucket_space: 451, jenkins_space: 125, artifactory_space: 1452, fortify_space: 85, teamcity_space: 220, bitbucket_bandwidth: 12.61, jenkins_bandwidth: 3.06, artifactory_bandwidth: 65.38
[2026-07-30 07:00:53] [INFO] [INFRA_SIMULATOR] s3_storage | Status: Healthy | Metrics: latency: 15.16, space: 1420, bandwidth: 87, bitbucket_space: 451, jenkins_space: 125, artifactory_space: 1451, fortify_space: 85, teamcity_space: 220, bitbucket_bandwidth: 12.41, jenkins_bandwidth: 3.36, artifactory_bandwidth: 64.99
[2026-07-30 07:01:03] [INFO] [INFRA_SIMULATOR] s3_storage | Status: Healthy | Metrics: latency: 15.64, space: 1423, bandwidth: 88, bitbucket_space: 450, jenkins_space: 125, artifactory_space: 1451, fortify_space: 85, teamcity_space: 220, bitbucket_bandwidth: 12.74, jenkins_bandwidth: 3.06, artifactory_bandwidth: 66.69
[2026-07-30 07:01:13] [INFO] [INFRA_SIMULATOR] s3_storage | Status: Healthy | Metrics: latency: 14.4, space: 1421, bandwidth: 87, bitbucket_space: 450, jenkins_space: 125, artifactory_space: 1450, fortify_space: 85, teamcity_space: 220, bitbucket_bandwidth: 12.1, jenkins_bandwidth: 3.01, artifactory_bandwidth: 62.83
[2026-07-30 07:01:23] [INFO] [INFRA_SIMULATOR] s3_storage | Status: Healthy | Metrics: latency: 14.58, space: 1420, bandwidth: 82, bitbucket_space: 450, jenkins_space: 125, artifactory_space: 1452, fortify_space: 85, teamcity_space: 220, bitbucket_bandwidth: 12.48, jenkins_bandwidth: 3.34, artifactory_bandwidth: 64.99
[2026-07-30 07:01:33] [INFO] [INFRA_SIMULATOR] s3_storage | Status: Healthy | Metrics: latency: 15.52, space: 1424, bandwidth: 81, bitbucket_space: 450, jenkins_space: 125, artifactory_space: 1450, fortify_space: 85, teamcity_space: 220, bitbucket_bandwidth: 12.42, jenkins_bandwidth: 3.11, artifactory_bandwidth: 65.78
[2026-07-30 07:01:43] [INFO] [INFRA_SIMULATOR] s3_storage | Status: Healthy | Metrics: latency: 15.25, space: 1424, bandwidth: 81, bitbucket_space: 451, jenkins_space: 125, artifactory_space: 1452, fortify_space: 85, teamcity_space: 220, bitbucket_bandwidth: 12.19, jenkins_bandwidth: 3.2, artifactory_bandwidth: 65.97
[2026-07-30 07:01:53] [INFO] [INFRA_SIMULATOR] s3_storage | Status: Healthy | Metrics: latency: 15.78, space: 1422, bandwidth: 88, bitbucket_space: 450, jenkins_space: 125, artifactory_space: 1450, fortify_space: 85, teamcity_space: 220, bitbucket_bandwidth: 12.8, jenkins_bandwidth: 3.07, artifactory_bandwidth: 63.07
[2026-07-30 07:01:53] [INFO] [LOG_AGENT] [S3-BUCK] Performing multipart backup archiving snapshot sentinel_db_dump.sql (bandwidth: 84.5 MB/s)
[2026-07-30 07:02:03] [INFO] [INFRA_SIMULATOR] s3_storage | Status: Healthy | Metrics: latency: 15.33, space: 1422, bandwidth: 84, bitbucket_space: 450, jenkins_space: 125, artifactory_space: 1450, fortify_space: 85, teamcity_space: 220, bitbucket_bandwidth: 12.25, jenkins_bandwidth: 3.03, artifactory_bandwidth: 64.35
[2026-07-30 07:02:13] [INFO] [INFRA_SIMULATOR] s3_storage | Status: Healthy | Metrics: latency: 16, space: 1420, bandwidth: 88, bitbucket_space: 451, jenkins_space: 125, artifactory_space: 1452, fortify_space: 85, teamcity_space: 220, bitbucket_bandwidth: 12.48, jenkins_bandwidth: 3.2, artifactory_bandwidth: 65.33
[2026-07-30 07:02:13] [INFO] [LOG_AGENT] [S3-BUCK] Performing multipart backup archiving snapshot sentinel_db_dump.sql (bandwidth: 84.5 MB/s)
[2026-07-30 07:02:23] [INFO] [INFRA_SIMULATOR] s3_storage | Status: Healthy | Metrics: latency: 16.33, space: 1423, bandwidth: 83, bitbucket_space: 451, jenkins_space: 125, artifactory_space: 1451, fortify_space: 85, teamcity_space: 220, bitbucket_bandwidth: 12.01, jenkins_bandwidth: 3.15, artifactory_bandwidth: 65.04
[2026-07-30 07:02:33] [INFO] [INFRA_SIMULATOR] s3_storage | Status: Healthy | Metrics: latency: 14.69, space: 1421, bandwidth: 87, bitbucket_space: 450, jenkins_space: 125, artifactory_space: 1451, fortify_space: 85, teamcity_space: 220, bitbucket_bandwidth: 12.77, jenkins_bandwidth: 3.38, artifactory_bandwidth: 66.62
[2026-07-30 07:02:43] [INFO] [INFRA_SIMULATOR] s3_storage | Status: Healthy | Metrics: latency: 15.83, space: 1424, bandwidth: 88, bitbucket_space: 451, jenkins_space: 125, artifactory_space: 1451, fortify_space: 85, teamcity_space: 220, bitbucket_bandwidth: 12.96, jenkins_bandwidth: 3.36, artifactory_bandwidth: 63.96
[2026-07-30 07:02:43] [INFO] [LOG_AGENT] [S3-BUCK] Performing multipart backup archiving snapshot sentinel_db_dump.sql (bandwidth: 84.5 MB/s)
[2026-07-30 07:02:53] [INFO] [INFRA_SIMULATOR] s3_storage | Status: Healthy | Metrics: latency: 16.38, space: 1420, bandwidth: 84, bitbucket_space: 450, jenkins_space: 125, artifactory_space: 1450, fortify_space: 85, teamcity_space: 220, bitbucket_bandwidth: 12.96, jenkins_bandwidth: 3.08, artifactory_bandwidth: 63.64
[2026-07-30 07:03:03] [INFO] [INFRA_SIMULATOR] s3_storage | Status: Healthy | Metrics: latency: 14.89, space: 1422, bandwidth: 87, bitbucket_space: 451, jenkins_space: 125, artifactory_space: 1452, fortify_space: 85, teamcity_space: 220, bitbucket_bandwidth: 12.83, jenkins_bandwidth: 3.42, artifactory_bandwidth: 65.01
[2026-07-30 07:03:13] [INFO] [INFRA_SIMULATOR] s3_storage | Status: Healthy | Metrics: latency: 15.87, space: 1424, bandwidth: 83, bitbucket_space: 450, jenkins_space: 125, artifactory_space: 1451, fortify_space: 85, teamcity_space: 220, bitbucket_bandwidth: 12.83, jenkins_bandwidth: 3.24, artifactory_bandwidth: 64.15
[2026-07-30 07:03:23] [INFO] [INFRA_SIMULATOR] s3_storage | Status: Healthy | Metrics: latency: 15.59, space: 1422, bandwidth: 86, bitbucket_space: 451, jenkins_space: 125, artifactory_space: 1451, fortify_space: 85, teamcity_space: 220, bitbucket_bandwidth: 12.52, jenkins_bandwidth: 3.05, artifactory_bandwidth: 64.02
[2026-07-30 07:03:33] [INFO] [INFRA_SIMULATOR] s3_storage | Status: Healthy | Metrics: latency: 14.62, space: 1423, bandwidth: 82, bitbucket_space: 451, jenkins_space: 125, artifactory_space: 1452, fortify_space: 85, teamcity_space: 220, bitbucket_bandwidth: 12.54, jenkins_bandwidth: 3.34, artifactory_bandwidth: 63.51
[2026-07-30 07:03:33] [INFO] [LOG_AGENT] [S3-BUCK] Performing multipart backup archiving snapshot sentinel_db_dump.sql (bandwidth: 84.5 MB/s)
[2026-07-30 07:03:43] [INFO] [INFRA_SIMULATOR] s3_storage | Status: Healthy | Metrics: latency: 15.86, space: 1420, bandwidth: 81, bitbucket_space: 451, jenkins_space: 125, artifactory_space: 1450, fortify_space: 85, teamcity_space: 220, bitbucket_bandwidth: 12.01, jenkins_bandwidth: 3.18, artifactory_bandwidth: 64.06
[2026-07-30 07:03:53] [INFO] [INFRA_SIMULATOR] s3_storage | Status: Healthy | Metrics: latency: 14.79, space: 1422, bandwidth: 82, bitbucket_space: 450, jenkins_space: 125, artifactory_space: 1452, fortify_space: 85, teamcity_space: 220, bitbucket_bandwidth: 12.09, jenkins_bandwidth: 3.27, artifactory_bandwidth: 65.47
[2026-07-30 07:04:03] [INFO] [INFRA_SIMULATOR] s3_storage | Status: Healthy | Metrics: latency: 15.47, space: 1422, bandwidth: 88, bitbucket_space: 451, jenkins_space: 125, artifactory_space: 1450, fortify_space: 85, teamcity_space: 220, bitbucket_bandwidth: 12.26, jenkins_bandwidth: 3.01, artifactory_bandwidth: 65.96
[2026-07-30 07:04:13] [INFO] [INFRA_SIMULATOR] s3_storage | Status: Healthy | Metrics: latency: 14.88, space: 1423, bandwidth: 84, bitbucket_space: 450, jenkins_space: 125, artifactory_space: 1452, fortify_space: 85, teamcity_space: 220, bitbucket_bandwidth: 12.9, jenkins_bandwidth: 3.04, artifactory_bandwidth: 65.53
[2026-07-30 07:04:23] [INFO] [INFRA_SIMULATOR] s3_storage | Status: Healthy | Metrics: latency: 14.77, space: 1424, bandwidth: 84, bitbucket_space: 451, jenkins_space: 125, artifactory_space: 1452, fortify_space: 85, teamcity_space: 220, bitbucket_bandwidth: 12.59, jenkins_bandwidth: 3.36, artifactory_bandwidth: 64.13
[2026-07-30 07:04:33] [INFO] [INFRA_SIMULATOR] s3_storage | Status: Healthy | Metrics: latency: 15.84, space: 1423, bandwidth: 87, bitbucket_space: 451, jenkins_space: 125, artifactory_space: 1452, fortify_space: 85, teamcity_space: 220, bitbucket_bandwidth: 12.95, jenkins_bandwidth: 3.19, artifactory_bandwidth: 65.12
[2026-07-30 07:04:43] [INFO] [INFRA_SIMULATOR] s3_storage | Status: Healthy | Metrics: latency: 15.67, space: 1420, bandwidth: 87, bitbucket_space: 451, jenkins_space: 125, artifactory_space: 1450, fortify_space: 85, teamcity_space: 220, bitbucket_bandwidth: 12.81, jenkins_bandwidth: 3.12, artifactory_bandwidth: 63.77
[2026-07-30 07:04:53] [INFO] [INFRA_SIMULATOR] s3_storage | Status: Healthy | Metrics: latency: 15.4, space: 1424, bandwidth: 81, bitbucket_space: 450, jenkins_space: 125, artifactory_space: 1452, fortify_space: 85, teamcity_space: 220, bitbucket_bandwidth: 12.3, jenkins_bandwidth: 3.36, artifactory_bandwidth: 63.75
[2026-07-30 07:05:03] [INFO] [INFRA_SIMULATOR] s3_storage | Status: Healthy | Metrics: latency: 16.17, space: 1424, bandwidth: 85, bitbucket_space: 451, jenkins_space: 125, artifactory_space: 1450, fortify_space: 85, teamcity_space: 220, bitbucket_bandwidth: 12.85, jenkins_bandwidth: 3.35, artifactory_bandwidth: 64.04
[2026-07-30 07:05:13] [INFO] [INFRA_SIMULATOR] s3_storage | Status: Healthy | Metrics: latency: 16.11, space: 1423, bandwidth: 83, bitbucket_space: 450, jenkins_space: 125, artifactory_space: 1450, fortify_space: 85, teamcity_space: 220, bitbucket_bandwidth: 12.13, jenkins_bandwidth: 3.17, artifactory_bandwidth: 66.24
[2026-07-30 07:05:23] [INFO] [INFRA_SIMULATOR] s3_storage | Status: Healthy | Metrics: latency: 16.19, space: 1422, bandwidth: 85, bitbucket_space: 450, jenkins_space: 125, artifactory_space: 1451, fortify_space: 85, teamcity_space: 220, bitbucket_bandwidth: 12.27, jenkins_bandwidth: 3.41, artifactory_bandwidth: 65.35
[2026-07-30 07:05:33] [INFO] [INFRA_SIMULATOR] s3_storage | Status: Healthy | Metrics: latency: 15.91, space: 1424, bandwidth: 85, bitbucket_space: 451, jenkins_space: 125, artifactory_space: 1450, fortify_space: 85, teamcity_space: 220, bitbucket_bandwidth: 12.81, jenkins_bandwidth: 2.99, artifactory_bandwidth: 66.35
[2026-07-30 07:05:33] [INFO] [LOG_AGENT] [S3-BUCK] Performing multipart backup archiving snapshot sentinel_db_dump.sql (bandwidth: 84.5 MB/s)
[2026-07-30 07:05:43] [INFO] [INFRA_SIMULATOR] s3_storage | Status: Healthy | Metrics: latency: 14.77, space: 1421, bandwidth: 85, bitbucket_space: 451, jenkins_space: 125, artifactory_space: 1450, fortify_space: 85, teamcity_space: 220, bitbucket_bandwidth: 12.46, jenkins_bandwidth: 3.39, artifactory_bandwidth: 64.77
[2026-07-30 07:05:53] [INFO] [INFRA_SIMULATOR] s3_storage | Status: Healthy | Metrics: latency: 15.32, space: 1422, bandwidth: 87, bitbucket_space: 451, jenkins_space: 125, artifactory_space: 1450, fortify_space: 85, teamcity_space: 220, bitbucket_bandwidth: 12.9, jenkins_bandwidth: 2.97, artifactory_bandwidth: 66.06
[2026-07-30 07:06:03] [INFO] [INFRA_SIMULATOR] s3_storage | Status: Healthy | Metrics: latency: 15.48, space: 1423, bandwidth: 87, bitbucket_space: 450, jenkins_space: 125, artifactory_space: 1451, fortify_space: 85, teamcity_space: 220, bitbucket_bandwidth: 12.43, jenkins_bandwidth: 3.2, artifactory_bandwidth: 65.73
[2026-07-30 07:15:52] [INFO] [INFRA_SIMULATOR] s3_storage | Status: Healthy | Metrics: latency: 15.05, space: 1422, bandwidth: 87, bitbucket_space: 450, jenkins_space: 125, artifactory_space: 1452, fortify_space: 85, teamcity_space: 220, bitbucket_bandwidth: 12.71, jenkins_bandwidth: 3.01, artifactory_bandwidth: 62.92
[2026-07-30 07:16:03] [INFO] [INFRA_SIMULATOR] s3_storage | Status: Healthy | Metrics: latency: 14.54, space: 1423, bandwidth: 88, bitbucket_space: 450, jenkins_space: 125, artifactory_space: 1451, fortify_space: 85, teamcity_space: 220, bitbucket_bandwidth: 12.97, jenkins_bandwidth: 3.4, artifactory_bandwidth: 65.67
[2026-07-30 07:16:03] [INFO] [LOG_AGENT] [S3-BUCK] Performing multipart backup archiving snapshot sentinel_db_dump.sql (bandwidth: 84.5 MB/s)
[2026-07-30 07:16:13] [INFO] [INFRA_SIMULATOR] s3_storage | Status: Healthy | Metrics: latency: 14.8, space: 1420, bandwidth: 82, bitbucket_space: 450, jenkins_space: 125, artifactory_space: 1451, fortify_space: 85, teamcity_space: 220, bitbucket_bandwidth: 12.19, jenkins_bandwidth: 3.01, artifactory_bandwidth: 64.59
[2026-07-30 07:16:23] [INFO] [INFRA_SIMULATOR] s3_storage | Status: Healthy | Metrics: latency: 16.23, space: 1424, bandwidth: 85, bitbucket_space: 451, jenkins_space: 125, artifactory_space: 1452, fortify_space: 85, teamcity_space: 220, bitbucket_bandwidth: 12.65, jenkins_bandwidth: 3.27, artifactory_bandwidth: 65.56
[2026-07-30 07:16:33] [INFO] [INFRA_SIMULATOR] s3_storage | Status: Healthy | Metrics: latency: 16.29, space: 1424, bandwidth: 85, bitbucket_space: 450, jenkins_space: 125, artifactory_space: 1452, fortify_space: 85, teamcity_space: 220, bitbucket_bandwidth: 12.46, jenkins_bandwidth: 3.2, artifactory_bandwidth: 63.03
[2026-07-30 07:16:34] [INFO] [LOG_AGENT] [S3-BUCK] Performing multipart backup archiving snapshot sentinel_db_dump.sql (bandwidth: 84.5 MB/s)
[2026-07-30 07:19:39] [INFO] [INFRA_SIMULATOR] s3_storage | Status: Healthy | Metrics: latency: 16.04, space: 1420, bandwidth: 83, bitbucket_space: 451, jenkins_space: 125, artifactory_space: 1452, fortify_space: 85, teamcity_space: 220, bitbucket_bandwidth: 12.43, jenkins_bandwidth: 3.44, artifactory_bandwidth: 63.09
[2026-07-30 07:19:49] [INFO] [INFRA_SIMULATOR] s3_storage | Status: Healthy | Metrics: latency: 16.28, space: 1424, bandwidth: 88, bitbucket_space: 450, jenkins_space: 125, artifactory_space: 1450, fortify_space: 85, teamcity_space: 220, bitbucket_bandwidth: 12.42, jenkins_bandwidth: 3.4, artifactory_bandwidth: 64.69
[2026-07-30 07:19:59] [INFO] [INFRA_SIMULATOR] s3_storage | Status: Healthy | Metrics: latency: 15.12, space: 1420, bandwidth: 82, bitbucket_space: 451, jenkins_space: 125, artifactory_space: 1452, fortify_space: 85, teamcity_space: 220, bitbucket_bandwidth: 12.58, jenkins_bandwidth: 3.18, artifactory_bandwidth: 65.62
[2026-07-30 07:20:10] [INFO] [INFRA_SIMULATOR] s3_storage | Status: Healthy | Metrics: latency: 14.6, space: 1424, bandwidth: 86, bitbucket_space: 451, jenkins_space: 125, artifactory_space: 1452, fortify_space: 85, teamcity_space: 220, bitbucket_bandwidth: 12.4, jenkins_bandwidth: 3.42, artifactory_bandwidth: 66.51
[2026-07-30 07:20:20] [INFO] [INFRA_SIMULATOR] s3_storage | Status: Healthy | Metrics: latency: 15.2, space: 1424, bandwidth: 86, bitbucket_space: 451, jenkins_space: 125, artifactory_space: 1451, fortify_space: 85, teamcity_space: 220, bitbucket_bandwidth: 12.73, jenkins_bandwidth: 3.08, artifactory_bandwidth: 63.97
[2026-07-30 07:20:30] [INFO] [INFRA_SIMULATOR] s3_storage | Status: Healthy | Metrics: latency: 15.3, space: 1424, bandwidth: 87, bitbucket_space: 450, jenkins_space: 125, artifactory_space: 1450, fortify_space: 85, teamcity_space: 220, bitbucket_bandwidth: 12.06, jenkins_bandwidth: 3.29, artifactory_bandwidth: 63.88
[2026-07-30 07:20:30] [INFO] [LOG_AGENT] [S3-BUCK] Performing multipart backup archiving snapshot sentinel_db_dump.sql (bandwidth: 84.5 MB/s)
[2026-07-30 07:20:40] [INFO] [INFRA_SIMULATOR] s3_storage | Status: Healthy | Metrics: latency: 14.72, space: 1422, bandwidth: 84, bitbucket_space: 451, jenkins_space: 125, artifactory_space: 1450, fortify_space: 85, teamcity_space: 220, bitbucket_bandwidth: 12.52, jenkins_bandwidth: 3.35, artifactory_bandwidth: 64.7
[2026-07-30 07:20:49] [INFO] [INFRA_SIMULATOR] s3_storage | Status: Healthy | Metrics: latency: 15.71, space: 1423, bandwidth: 86, bitbucket_space: 450, jenkins_space: 125, artifactory_space: 1451, fortify_space: 85, teamcity_space: 220, bitbucket_bandwidth: 12.94, jenkins_bandwidth: 3.11, artifactory_bandwidth: 63.91
[2026-07-30 07:20:50] [INFO] [LOG_AGENT] [S3-BUCK] Performing multipart backup archiving snapshot sentinel_db_dump.sql (bandwidth: 84.5 MB/s)
[2026-07-30 07:20:59] [INFO] [INFRA_SIMULATOR] s3_storage | Status: Healthy | Metrics: latency: 15.97, space: 1423, bandwidth: 88, bitbucket_space: 450, jenkins_space: 125, artifactory_space: 1450, fortify_space: 85, teamcity_space: 220, bitbucket_bandwidth: 12.47, jenkins_bandwidth: 3.3, artifactory_bandwidth: 64.72
[2026-07-30 07:21:09] [INFO] [INFRA_SIMULATOR] s3_storage | Status: Healthy | Metrics: latency: 15.07, space: 1423, bandwidth: 81, bitbucket_space: 450, jenkins_space: 125, artifactory_space: 1451, fortify_space: 85, teamcity_space: 220, bitbucket_bandwidth: 12.28, jenkins_bandwidth: 3.34, artifactory_bandwidth: 64.82
[2026-07-30 07:21:19] [INFO] [INFRA_SIMULATOR] s3_storage | Status: Healthy | Metrics: latency: 15.58, space: 1424, bandwidth: 87, bitbucket_space: 451, jenkins_space: 125, artifactory_space: 1450, fortify_space: 85, teamcity_space: 220, bitbucket_bandwidth: 12.36, jenkins_bandwidth: 3.09, artifactory_bandwidth: 63.58
[2026-07-30 07:21:29] [INFO] [INFRA_SIMULATOR] s3_storage | Status: Healthy | Metrics: latency: 14.69, space: 1422, bandwidth: 82, bitbucket_space: 451, jenkins_space: 125, artifactory_space: 1450, fortify_space: 85, teamcity_space: 220, bitbucket_bandwidth: 12.13, jenkins_bandwidth: 3.29, artifactory_bandwidth: 63.09
[2026-07-30 07:21:29] [INFO] [LOG_AGENT] [S3-BUCK] Performing multipart backup archiving snapshot sentinel_db_dump.sql (bandwidth: 84.5 MB/s)
[2026-07-30 07:21:39] [INFO] [INFRA_SIMULATOR] s3_storage | Status: Healthy | Metrics: latency: 15.96, space: 1424, bandwidth: 87, bitbucket_space: 451, jenkins_space: 125, artifactory_space: 1452, fortify_space: 85, teamcity_space: 220, bitbucket_bandwidth: 12.49, jenkins_bandwidth: 3.17, artifactory_bandwidth: 63
[2026-07-30 07:21:49] [INFO] [INFRA_SIMULATOR] s3_storage | Status: Healthy | Metrics: latency: 16.35, space: 1423, bandwidth: 84, bitbucket_space: 450, jenkins_space: 125, artifactory_space: 1450, fortify_space: 85, teamcity_space: 220, bitbucket_bandwidth: 12.7, jenkins_bandwidth: 3.36, artifactory_bandwidth: 63.65
[2026-07-30 07:21:59] [INFO] [INFRA_SIMULATOR] s3_storage | Status: Healthy | Metrics: latency: 15.11, space: 1423, bandwidth: 81, bitbucket_space: 451, jenkins_space: 125, artifactory_space: 1450, fortify_space: 85, teamcity_space: 220, bitbucket_bandwidth: 12.14, jenkins_bandwidth: 3.22, artifactory_bandwidth: 64.46
[2026-07-30 07:22:09] [INFO] [INFRA_SIMULATOR] s3_storage | Status: Healthy | Metrics: latency: 14.76, space: 1424, bandwidth: 83, bitbucket_space: 451, jenkins_space: 125, artifactory_space: 1451, fortify_space: 85, teamcity_space: 220, bitbucket_bandwidth: 12.36, jenkins_bandwidth: 3.06, artifactory_bandwidth: 66.78
[2026-07-30 07:22:19] [INFO] [INFRA_SIMULATOR] s3_storage | Status: Healthy | Metrics: latency: 15.54, space: 1422, bandwidth: 85, bitbucket_space: 451, jenkins_space: 125, artifactory_space: 1450, fortify_space: 85, teamcity_space: 220, bitbucket_bandwidth: 12.72, jenkins_bandwidth: 3.3, artifactory_bandwidth: 63.93
[2026-07-30 07:22:29] [INFO] [INFRA_SIMULATOR] s3_storage | Status: Healthy | Metrics: latency: 16.16, space: 1423, bandwidth: 83, bitbucket_space: 450, jenkins_space: 125, artifactory_space: 1452, fortify_space: 85, teamcity_space: 220, bitbucket_bandwidth: 12.32, jenkins_bandwidth: 3.23, artifactory_bandwidth: 64.38
[2026-07-30 07:22:39] [INFO] [INFRA_SIMULATOR] s3_storage | Status: Healthy | Metrics: latency: 16.35, space: 1424, bandwidth: 88, bitbucket_space: 451, jenkins_space: 125, artifactory_space: 1450, fortify_space: 85, teamcity_space: 220, bitbucket_bandwidth: 12.19, jenkins_bandwidth: 3.22, artifactory_bandwidth: 64.68
[2026-07-30 07:22:49] [INFO] [INFRA_SIMULATOR] s3_storage | Status: Healthy | Metrics: latency: 15.31, space: 1422, bandwidth: 85, bitbucket_space: 451, jenkins_space: 125, artifactory_space: 1452, fortify_space: 85, teamcity_space: 220, bitbucket_bandwidth: 12.24, jenkins_bandwidth: 3.14, artifactory_bandwidth: 66.02
[2026-07-30 07:22:50] [INFO] [LOG_AGENT] [S3-BUCK] Performing multipart backup archiving snapshot sentinel_db_dump.sql (bandwidth: 84.5 MB/s)
[2026-07-30 07:22:59] [INFO] [INFRA_SIMULATOR] s3_storage | Status: Healthy | Metrics: latency: 14.76, space: 1423, bandwidth: 87, bitbucket_space: 450, jenkins_space: 125, artifactory_space: 1450, fortify_space: 85, teamcity_space: 220, bitbucket_bandwidth: 12.38, jenkins_bandwidth: 3.43, artifactory_bandwidth: 64.3
[2026-07-30 07:23:09] [INFO] [INFRA_SIMULATOR] s3_storage | Status: Healthy | Metrics: latency: 15.04, space: 1424, bandwidth: 88, bitbucket_space: 450, jenkins_space: 125, artifactory_space: 1452, fortify_space: 85, teamcity_space: 220, bitbucket_bandwidth: 12.28, jenkins_bandwidth: 2.99, artifactory_bandwidth: 64.17
[2026-07-30 07:23:19] [INFO] [INFRA_SIMULATOR] s3_storage | Status: Healthy | Metrics: latency: 15.64, space: 1423, bandwidth: 86, bitbucket_space: 451, jenkins_space: 125, artifactory_space: 1452, fortify_space: 85, teamcity_space: 220, bitbucket_bandwidth: 12.49, jenkins_bandwidth: 3.13, artifactory_bandwidth: 66.73
[2026-07-30 07:23:29] [INFO] [INFRA_SIMULATOR] s3_storage | Status: Healthy | Metrics: latency: 14.83, space: 1420, bandwidth: 86, bitbucket_space: 451, jenkins_space: 125, artifactory_space: 1452, fortify_space: 85, teamcity_space: 220, bitbucket_bandwidth: 12.43, jenkins_bandwidth: 3.45, artifactory_bandwidth: 63.8
[2026-07-30 07:23:39] [INFO] [INFRA_SIMULATOR] s3_storage | Status: Healthy | Metrics: latency: 15.81, space: 1421, bandwidth: 87, bitbucket_space: 450, jenkins_space: 125, artifactory_space: 1451, fortify_space: 85, teamcity_space: 220, bitbucket_bandwidth: 12.79, jenkins_bandwidth: 3.01, artifactory_bandwidth: 66.27
[2026-07-30 07:23:50] [INFO] [INFRA_SIMULATOR] s3_storage | Status: Healthy | Metrics: latency: 14.42, space: 1420, bandwidth: 84, bitbucket_space: 451, jenkins_space: 125, artifactory_space: 1452, fortify_space: 85, teamcity_space: 220, bitbucket_bandwidth: 12.7, jenkins_bandwidth: 3.26, artifactory_bandwidth: 66.23
[2026-07-30 07:23:59] [INFO] [INFRA_SIMULATOR] s3_storage | Status: Healthy | Metrics: latency: 14.49, space: 1423, bandwidth: 82, bitbucket_space: 451, jenkins_space: 125, artifactory_space: 1452, fortify_space: 85, teamcity_space: 220, bitbucket_bandwidth: 12.64, jenkins_bandwidth: 3.14, artifactory_bandwidth: 65.48
[2026-07-30 07:24:10] [INFO] [INFRA_SIMULATOR] s3_storage | Status: Healthy | Metrics: latency: 15.96, space: 1422, bandwidth: 83, bitbucket_space: 451, jenkins_space: 125, artifactory_space: 1452, fortify_space: 85, teamcity_space: 220, bitbucket_bandwidth: 12.2, jenkins_bandwidth: 3.34, artifactory_bandwidth: 63.55
[2026-07-30 07:24:10] [INFO] [LOG_AGENT] [S3-BUCK] Performing multipart backup archiving snapshot sentinel_db_dump.sql (bandwidth: 84.5 MB/s)
[2026-07-30 07:24:19] [INFO] [INFRA_SIMULATOR] s3_storage | Status: Healthy | Metrics: latency: 15.03, space: 1421, bandwidth: 87, bitbucket_space: 451, jenkins_space: 125, artifactory_space: 1450, fortify_space: 85, teamcity_space: 220, bitbucket_bandwidth: 12.25, jenkins_bandwidth: 2.96, artifactory_bandwidth: 66.49
[2026-07-30 07:24:20] [INFO] [LOG_AGENT] [S3-BUCK] Performing multipart backup archiving snapshot sentinel_db_dump.sql (bandwidth: 84.5 MB/s)
[2026-07-30 07:24:29] [INFO] [INFRA_SIMULATOR] s3_storage | Status: Healthy | Metrics: latency: 16.08, space: 1421, bandwidth: 87, bitbucket_space: 451, jenkins_space: 125, artifactory_space: 1451, fortify_space: 85, teamcity_space: 220, bitbucket_bandwidth: 12.34, jenkins_bandwidth: 3.4, artifactory_bandwidth: 63.71
[2026-07-30 07:24:40] [INFO] [INFRA_SIMULATOR] s3_storage | Status: Healthy | Metrics: latency: 16.02, space: 1424, bandwidth: 81, bitbucket_space: 451, jenkins_space: 125, artifactory_space: 1452, fortify_space: 85, teamcity_space: 220, bitbucket_bandwidth: 12.92, jenkins_bandwidth: 3.36, artifactory_bandwidth: 65.03
[2026-07-30 07:24:50] [INFO] [INFRA_SIMULATOR] s3_storage | Status: Healthy | Metrics: latency: 14.78, space: 1423, bandwidth: 84, bitbucket_space: 450, jenkins_space: 125, artifactory_space: 1451, fortify_space: 85, teamcity_space: 220, bitbucket_bandwidth: 12.36, jenkins_bandwidth: 3.26, artifactory_bandwidth: 64.13
[2026-07-30 07:25:00] [INFO] [INFRA_SIMULATOR] s3_storage | Status: Healthy | Metrics: latency: 15.34, space: 1423, bandwidth: 83, bitbucket_space: 451, jenkins_space: 125, artifactory_space: 1451, fortify_space: 85, teamcity_space: 220, bitbucket_bandwidth: 12.26, jenkins_bandwidth: 3.04, artifactory_bandwidth: 66.6
[2026-07-30 07:25:10] [INFO] [INFRA_SIMULATOR] s3_storage | Status: Healthy | Metrics: latency: 15.79, space: 1420, bandwidth: 82, bitbucket_space: 451, jenkins_space: 125, artifactory_space: 1452, fortify_space: 85, teamcity_space: 220, bitbucket_bandwidth: 12.8, jenkins_bandwidth: 3.03, artifactory_bandwidth: 63.14
[2026-07-30 07:25:20] [INFO] [INFRA_SIMULATOR] s3_storage | Status: Healthy | Metrics: latency: 16.11, space: 1424, bandwidth: 88, bitbucket_space: 451, jenkins_space: 125, artifactory_space: 1452, fortify_space: 85, teamcity_space: 220, bitbucket_bandwidth: 12.29, jenkins_bandwidth: 3, artifactory_bandwidth: 63.27
[2026-07-30 07:25:30] [INFO] [INFRA_SIMULATOR] s3_storage | Status: Healthy | Metrics: latency: 15.85, space: 1423, bandwidth: 81, bitbucket_space: 451, jenkins_space: 125, artifactory_space: 1451, fortify_space: 85, teamcity_space: 220, bitbucket_bandwidth: 12.41, jenkins_bandwidth: 3.44, artifactory_bandwidth: 64.28
[2026-07-30 07:25:40] [INFO] [INFRA_SIMULATOR] s3_storage | Status: Healthy | Metrics: latency: 15.38, space: 1421, bandwidth: 83, bitbucket_space: 451, jenkins_space: 125, artifactory_space: 1452, fortify_space: 85, teamcity_space: 220, bitbucket_bandwidth: 12.5, jenkins_bandwidth: 3.15, artifactory_bandwidth: 63.1
[2026-07-30 07:25:50] [INFO] [INFRA_SIMULATOR] s3_storage | Status: Healthy | Metrics: latency: 15.07, space: 1424, bandwidth: 81, bitbucket_space: 450, jenkins_space: 125, artifactory_space: 1450, fortify_space: 85, teamcity_space: 220, bitbucket_bandwidth: 12.27, jenkins_bandwidth: 3.11, artifactory_bandwidth: 66.03
[2026-07-30 07:25:50] [INFO] [LOG_AGENT] [S3-BUCK] Performing multipart backup archiving snapshot sentinel_db_dump.sql (bandwidth: 84.5 MB/s)
[2026-07-30 07:26:00] [INFO] [INFRA_SIMULATOR] s3_storage | Status: Healthy | Metrics: latency: 14.69, space: 1423, bandwidth: 85, bitbucket_space: 450, jenkins_space: 125, artifactory_space: 1451, fortify_space: 85, teamcity_space: 220, bitbucket_bandwidth: 12.14, jenkins_bandwidth: 3.11, artifactory_bandwidth: 66.67
[2026-07-30 07:26:10] [INFO] [INFRA_SIMULATOR] s3_storage | Status: Healthy | Metrics: latency: 15.14, space: 1423, bandwidth: 86, bitbucket_space: 451, jenkins_space: 125, artifactory_space: 1451, fortify_space: 85, teamcity_space: 220, bitbucket_bandwidth: 12.32, jenkins_bandwidth: 3.16, artifactory_bandwidth: 66.02
[2026-07-30 07:26:20] [INFO] [INFRA_SIMULATOR] s3_storage | Status: Healthy | Metrics: latency: 16.04, space: 1421, bandwidth: 85, bitbucket_space: 451, jenkins_space: 125, artifactory_space: 1452, fortify_space: 85, teamcity_space: 220, bitbucket_bandwidth: 12.5, jenkins_bandwidth: 3.28, artifactory_bandwidth: 66.25
[2026-07-30 07:26:20] [INFO] [LOG_AGENT] [S3-BUCK] Performing multipart backup archiving snapshot sentinel_db_dump.sql (bandwidth: 84.5 MB/s)
[2026-07-30 07:26:30] [INFO] [INFRA_SIMULATOR] s3_storage | Status: Healthy | Metrics: latency: 14.4, space: 1424, bandwidth: 84, bitbucket_space: 450, jenkins_space: 125, artifactory_space: 1451, fortify_space: 85, teamcity_space: 220, bitbucket_bandwidth: 12.75, jenkins_bandwidth: 3.41, artifactory_bandwidth: 65.92
[2026-07-30 07:26:40] [INFO] [INFRA_SIMULATOR] s3_storage | Status: Healthy | Metrics: latency: 14.83, space: 1420, bandwidth: 82, bitbucket_space: 451, jenkins_space: 125, artifactory_space: 1451, fortify_space: 85, teamcity_space: 220, bitbucket_bandwidth: 12.61, jenkins_bandwidth: 3.44, artifactory_bandwidth: 65.18
[2026-07-30 07:26:40] [INFO] [LOG_AGENT] [S3-BUCK] Performing multipart backup archiving snapshot sentinel_db_dump.sql (bandwidth: 84.5 MB/s)
[2026-07-30 07:26:50] [INFO] [INFRA_SIMULATOR] s3_storage | Status: Healthy | Metrics: latency: 15.49, space: 1422, bandwidth: 81, bitbucket_space: 450, jenkins_space: 125, artifactory_space: 1450, fortify_space: 85, teamcity_space: 220, bitbucket_bandwidth: 12.45, jenkins_bandwidth: 3.13, artifactory_bandwidth: 63.78
[2026-07-30 07:27:00] [INFO] [INFRA_SIMULATOR] s3_storage | Status: Healthy | Metrics: latency: 16.39, space: 1422, bandwidth: 84, bitbucket_space: 450, jenkins_space: 125, artifactory_space: 1450, fortify_space: 85, teamcity_space: 220, bitbucket_bandwidth: 12.22, jenkins_bandwidth: 3.37, artifactory_bandwidth: 65.39
[2026-07-30 07:27:10] [INFO] [INFRA_SIMULATOR] s3_storage | Status: Healthy | Metrics: latency: 15.06, space: 1422, bandwidth: 87, bitbucket_space: 451, jenkins_space: 125, artifactory_space: 1451, fortify_space: 85, teamcity_space: 220, bitbucket_bandwidth: 12.5, jenkins_bandwidth: 2.97, artifactory_bandwidth: 63.26
[2026-07-30 07:27:20] [INFO] [INFRA_SIMULATOR] s3_storage | Status: Healthy | Metrics: latency: 14.74, space: 1423, bandwidth: 84, bitbucket_space: 450, jenkins_space: 125, artifactory_space: 1451, fortify_space: 85, teamcity_space: 220, bitbucket_bandwidth: 12.22, jenkins_bandwidth: 3.14, artifactory_bandwidth: 63.12
[2026-07-30 07:27:30] [INFO] [INFRA_SIMULATOR] s3_storage | Status: Healthy | Metrics: latency: 16.1, space: 1420, bandwidth: 81, bitbucket_space: 451, jenkins_space: 125, artifactory_space: 1450, fortify_space: 85, teamcity_space: 220, bitbucket_bandwidth: 12.27, jenkins_bandwidth: 3.34, artifactory_bandwidth: 65.2
[2026-07-30 07:27:30] [INFO] [LOG_AGENT] [S3-BUCK] Performing multipart backup archiving snapshot sentinel_db_dump.sql (bandwidth: 84.5 MB/s)
[2026-07-30 07:27:30] [INFO] [LOG_AGENT] [S3-BUCK] Performing multipart backup archiving snapshot sentinel_db_dump.sql (bandwidth: 84.5 MB/s)
[2026-07-30 07:27:40] [INFO] [INFRA_SIMULATOR] s3_storage | Status: Healthy | Metrics: latency: 15.47, space: 1422, bandwidth: 84, bitbucket_space: 451, jenkins_space: 125, artifactory_space: 1450, fortify_space: 85, teamcity_space: 220, bitbucket_bandwidth: 12.85, jenkins_bandwidth: 3.16, artifactory_bandwidth: 65.02
[2026-07-30 07:27:50] [INFO] [INFRA_SIMULATOR] s3_storage | Status: Healthy | Metrics: latency: 14.77, space: 1424, bandwidth: 84, bitbucket_space: 450, jenkins_space: 125, artifactory_space: 1450, fortify_space: 85, teamcity_space: 220, bitbucket_bandwidth: 12.87, jenkins_bandwidth: 3.1, artifactory_bandwidth: 65.52
[2026-07-30 07:28:00] [INFO] [INFRA_SIMULATOR] s3_storage | Status: Healthy | Metrics: latency: 14.87, space: 1423, bandwidth: 84, bitbucket_space: 450, jenkins_space: 125, artifactory_space: 1452, fortify_space: 85, teamcity_space: 220, bitbucket_bandwidth: 12.89, jenkins_bandwidth: 3.34, artifactory_bandwidth: 64.44
[2026-07-30 07:28:10] [INFO] [INFRA_SIMULATOR] s3_storage | Status: Healthy | Metrics: latency: 16.15, space: 1420, bandwidth: 82, bitbucket_space: 451, jenkins_space: 125, artifactory_space: 1452, fortify_space: 85, teamcity_space: 220, bitbucket_bandwidth: 12.74, jenkins_bandwidth: 3.21, artifactory_bandwidth: 62.91
[2026-07-30 07:28:20] [INFO] [INFRA_SIMULATOR] s3_storage | Status: Healthy | Metrics: latency: 15.44, space: 1421, bandwidth: 84, bitbucket_space: 450, jenkins_space: 125, artifactory_space: 1452, fortify_space: 85, teamcity_space: 220, bitbucket_bandwidth: 12.26, jenkins_bandwidth: 3.44, artifactory_bandwidth: 63.57
[2026-07-30 07:28:30] [INFO] [INFRA_SIMULATOR] s3_storage | Status: Healthy | Metrics: latency: 15.08, space: 1424, bandwidth: 87, bitbucket_space: 450, jenkins_space: 125, artifactory_space: 1450, fortify_space: 85, teamcity_space: 220, bitbucket_bandwidth: 12.97, jenkins_bandwidth: 3.27, artifactory_bandwidth: 63.03
[2026-07-30 07:28:40] [INFO] [INFRA_SIMULATOR] s3_storage | Status: Healthy | Metrics: latency: 16.27, space: 1423, bandwidth: 81, bitbucket_space: 450, jenkins_space: 125, artifactory_space: 1450, fortify_space: 85, teamcity_space: 220, bitbucket_bandwidth: 12.34, jenkins_bandwidth: 3.15, artifactory_bandwidth: 64.68
[2026-07-30 07:28:40] [INFO] [LOG_AGENT] [S3-BUCK] Performing multipart backup archiving snapshot sentinel_db_dump.sql (bandwidth: 84.5 MB/s)
[2026-07-30 07:28:50] [INFO] [INFRA_SIMULATOR] s3_storage | Status: Healthy | Metrics: latency: 15.09, space: 1424, bandwidth: 82, bitbucket_space: 450, jenkins_space: 125, artifactory_space: 1451, fortify_space: 85, teamcity_space: 220, bitbucket_bandwidth: 12.33, jenkins_bandwidth: 3.21, artifactory_bandwidth: 63.57
[2026-07-30 07:29:00] [INFO] [INFRA_SIMULATOR] s3_storage | Status: Healthy | Metrics: latency: 15.42, space: 1421, bandwidth: 84, bitbucket_space: 450, jenkins_space: 125, artifactory_space: 1452, fortify_space: 85, teamcity_space: 220, bitbucket_bandwidth: 12.63, jenkins_bandwidth: 3.09, artifactory_bandwidth: 64.44
[2026-07-30 07:29:10] [INFO] [INFRA_SIMULATOR] s3_storage | Status: Healthy | Metrics: latency: 15.85, space: 1424, bandwidth: 82, bitbucket_space: 451, jenkins_space: 125, artifactory_space: 1452, fortify_space: 85, teamcity_space: 220, bitbucket_bandwidth: 12.86, jenkins_bandwidth: 3.13, artifactory_bandwidth: 64.24
[2026-07-30 07:29:20] [INFO] [INFRA_SIMULATOR] s3_storage | Status: Healthy | Metrics: latency: 15.96, space: 1422, bandwidth: 88, bitbucket_space: 450, jenkins_space: 125, artifactory_space: 1452, fortify_space: 85, teamcity_space: 220, bitbucket_bandwidth: 12.62, jenkins_bandwidth: 3, artifactory_bandwidth: 63.49
[2026-07-30 07:29:20] [INFO] [LOG_AGENT] [S3-BUCK] Performing multipart backup archiving snapshot sentinel_db_dump.sql (bandwidth: 84.5 MB/s)
[2026-07-30 07:29:30] [INFO] [INFRA_SIMULATOR] s3_storage | Status: Healthy | Metrics: latency: 14.91, space: 1420, bandwidth: 84, bitbucket_space: 451, jenkins_space: 125, artifactory_space: 1452, fortify_space: 85, teamcity_space: 220, bitbucket_bandwidth: 12.81, jenkins_bandwidth: 3.09, artifactory_bandwidth: 63.7
[2026-07-30 07:29:40] [INFO] [INFRA_SIMULATOR] s3_storage | Status: Healthy | Metrics: latency: 14.4, space: 1420, bandwidth: 85, bitbucket_space: 451, jenkins_space: 125, artifactory_space: 1452, fortify_space: 85, teamcity_space: 220, bitbucket_bandwidth: 12.7, jenkins_bandwidth: 3.02, artifactory_bandwidth: 63.15
[2026-07-30 07:29:40] [INFO] [LOG_AGENT] [S3-BUCK] Performing multipart backup archiving snapshot sentinel_db_dump.sql (bandwidth: 84.5 MB/s)
[2026-07-30 07:29:50] [INFO] [INFRA_SIMULATOR] s3_storage | Status: Healthy | Metrics: latency: 15.11, space: 1421, bandwidth: 85, bitbucket_space: 450, jenkins_space: 125, artifactory_space: 1451, fortify_space: 85, teamcity_space: 220, bitbucket_bandwidth: 12.31, jenkins_bandwidth: 2.97, artifactory_bandwidth: 62.91
[2026-07-30 07:30:00] [INFO] [INFRA_SIMULATOR] s3_storage | Status: Healthy | Metrics: latency: 16.09, space: 1423, bandwidth: 82, bitbucket_space: 451, jenkins_space: 125, artifactory_space: 1452, fortify_space: 85, teamcity_space: 220, bitbucket_bandwidth: 12.98, jenkins_bandwidth: 3.26, artifactory_bandwidth: 64.03
[2026-07-30 07:30:10] [INFO] [INFRA_SIMULATOR] s3_storage | Status: Healthy | Metrics: latency: 15.48, space: 1421, bandwidth: 85, bitbucket_space: 450, jenkins_space: 125, artifactory_space: 1452, fortify_space: 85, teamcity_space: 220, bitbucket_bandwidth: 12.51, jenkins_bandwidth: 3.43, artifactory_bandwidth: 63.48
[2026-07-30 07:30:10] [INFO] [LOG_AGENT] [S3-BUCK] Performing multipart backup archiving snapshot sentinel_db_dump.sql (bandwidth: 84.5 MB/s)
[2026-07-30 07:30:10] [INFO] [LOG_AGENT] [S3-BUCK] Performing multipart backup archiving snapshot sentinel_db_dump.sql (bandwidth: 84.5 MB/s)
[2026-07-30 07:30:20] [INFO] [INFRA_SIMULATOR] s3_storage | Status: Healthy | Metrics: latency: 14.54, space: 1424, bandwidth: 88, bitbucket_space: 451, jenkins_space: 125, artifactory_space: 1450, fortify_space: 85, teamcity_space: 220, bitbucket_bandwidth: 12.91, jenkins_bandwidth: 3.15, artifactory_bandwidth: 64.33
[2026-07-30 07:30:30] [INFO] [INFRA_SIMULATOR] s3_storage | Status: Healthy | Metrics: latency: 14.83, space: 1421, bandwidth: 82, bitbucket_space: 450, jenkins_space: 125, artifactory_space: 1450, fortify_space: 85, teamcity_space: 220, bitbucket_bandwidth: 12.81, jenkins_bandwidth: 2.98, artifactory_bandwidth: 65.28
[2026-07-30 07:30:40] [INFO] [INFRA_SIMULATOR] s3_storage | Status: Healthy | Metrics: latency: 16.39, space: 1423, bandwidth: 83, bitbucket_space: 450, jenkins_space: 125, artifactory_space: 1451, fortify_space: 85, teamcity_space: 220, bitbucket_bandwidth: 12.39, jenkins_bandwidth: 2.99, artifactory_bandwidth: 64.65
[2026-07-30 07:30:50] [INFO] [INFRA_SIMULATOR] s3_storage | Status: Healthy | Metrics: latency: 15.99, space: 1423, bandwidth: 81, bitbucket_space: 451, jenkins_space: 125, artifactory_space: 1452, fortify_space: 85, teamcity_space: 220, bitbucket_bandwidth: 12.24, jenkins_bandwidth: 2.96, artifactory_bandwidth: 66.42
[2026-07-30 07:31:00] [INFO] [INFRA_SIMULATOR] s3_storage | Status: Healthy | Metrics: latency: 15.17, space: 1423, bandwidth: 87, bitbucket_space: 451, jenkins_space: 125, artifactory_space: 1451, fortify_space: 85, teamcity_space: 220, bitbucket_bandwidth: 12.83, jenkins_bandwidth: 3.42, artifactory_bandwidth: 66.44
[2026-07-30 07:31:10] [INFO] [INFRA_SIMULATOR] s3_storage | Status: Healthy | Metrics: latency: 16.28, space: 1421, bandwidth: 81, bitbucket_space: 450, jenkins_space: 125, artifactory_space: 1452, fortify_space: 85, teamcity_space: 220, bitbucket_bandwidth: 12.36, jenkins_bandwidth: 3.36, artifactory_bandwidth: 63.88
[2026-07-30 07:31:20] [INFO] [INFRA_SIMULATOR] s3_storage | Status: Healthy | Metrics: latency: 15.5, space: 1423, bandwidth: 81, bitbucket_space: 451, jenkins_space: 125, artifactory_space: 1450, fortify_space: 85, teamcity_space: 220, bitbucket_bandwidth: 12.07, jenkins_bandwidth: 3.14, artifactory_bandwidth: 65.51
[2026-07-30 07:31:30] [INFO] [INFRA_SIMULATOR] s3_storage | Status: Healthy | Metrics: latency: 15.11, space: 1423, bandwidth: 81, bitbucket_space: 451, jenkins_space: 125, artifactory_space: 1452, fortify_space: 85, teamcity_space: 220, bitbucket_bandwidth: 12.08, jenkins_bandwidth: 3.24, artifactory_bandwidth: 65.38
[2026-07-30 07:31:40] [INFO] [INFRA_SIMULATOR] s3_storage | Status: Healthy | Metrics: latency: 16.11, space: 1424, bandwidth: 84, bitbucket_space: 450, jenkins_space: 125, artifactory_space: 1450, fortify_space: 85, teamcity_space: 220, bitbucket_bandwidth: 12.31, jenkins_bandwidth: 3.05, artifactory_bandwidth: 63.03
[2026-07-30 07:31:50] [INFO] [INFRA_SIMULATOR] s3_storage | Status: Healthy | Metrics: latency: 16.16, space: 1424, bandwidth: 85, bitbucket_space: 451, jenkins_space: 125, artifactory_space: 1451, fortify_space: 85, teamcity_space: 220, bitbucket_bandwidth: 12.51, jenkins_bandwidth: 3.06, artifactory_bandwidth: 65.43
[2026-07-30 07:32:00] [INFO] [INFRA_SIMULATOR] s3_storage | Status: Healthy | Metrics: latency: 14.8, space: 1420, bandwidth: 83, bitbucket_space: 451, jenkins_space: 125, artifactory_space: 1451, fortify_space: 85, teamcity_space: 220, bitbucket_bandwidth: 12.51, jenkins_bandwidth: 3.31, artifactory_bandwidth: 63.16
[2026-07-30 07:32:10] [INFO] [INFRA_SIMULATOR] s3_storage | Status: Healthy | Metrics: latency: 16.27, space: 1423, bandwidth: 88, bitbucket_space: 451, jenkins_space: 125, artifactory_space: 1450, fortify_space: 85, teamcity_space: 220, bitbucket_bandwidth: 12.32, jenkins_bandwidth: 3.28, artifactory_bandwidth: 64.74
[2026-07-30 07:32:20] [INFO] [INFRA_SIMULATOR] s3_storage | Status: Healthy | Metrics: latency: 14.88, space: 1420, bandwidth: 84, bitbucket_space: 451, jenkins_space: 125, artifactory_space: 1452, fortify_space: 85, teamcity_space: 220, bitbucket_bandwidth: 12.45, jenkins_bandwidth: 3.23, artifactory_bandwidth: 65.44
[2026-07-30 07:32:20] [INFO] [LOG_AGENT] [S3-BUCK] Performing multipart backup archiving snapshot sentinel_db_dump.sql (bandwidth: 84.5 MB/s)
[2026-07-30 07:32:30] [INFO] [INFRA_SIMULATOR] s3_storage | Status: Healthy | Metrics: latency: 15.36, space: 1420, bandwidth: 85, bitbucket_space: 451, jenkins_space: 125, artifactory_space: 1452, fortify_space: 85, teamcity_space: 220, bitbucket_bandwidth: 12.96, jenkins_bandwidth: 3.31, artifactory_bandwidth: 66.54
[2026-07-30 07:32:40] [INFO] [INFRA_SIMULATOR] s3_storage | Status: Healthy | Metrics: latency: 15.99, space: 1424, bandwidth: 82, bitbucket_space: 451, jenkins_space: 125, artifactory_space: 1451, fortify_space: 85, teamcity_space: 220, bitbucket_bandwidth: 12.8, jenkins_bandwidth: 3.13, artifactory_bandwidth: 66.2
[2026-07-30 07:32:50] [INFO] [INFRA_SIMULATOR] s3_storage | Status: Healthy | Metrics: latency: 15.09, space: 1424, bandwidth: 87, bitbucket_space: 451, jenkins_space: 125, artifactory_space: 1450, fortify_space: 85, teamcity_space: 220, bitbucket_bandwidth: 12.67, jenkins_bandwidth: 3.19, artifactory_bandwidth: 64.32
[2026-07-30 07:33:00] [INFO] [INFRA_SIMULATOR] s3_storage | Status: Healthy | Metrics: latency: 15.28, space: 1420, bandwidth: 85, bitbucket_space: 451, jenkins_space: 125, artifactory_space: 1452, fortify_space: 85, teamcity_space: 220, bitbucket_bandwidth: 12.43, jenkins_bandwidth: 3.04, artifactory_bandwidth: 64.31
[2026-07-30 07:33:10] [INFO] [INFRA_SIMULATOR] s3_storage | Status: Healthy | Metrics: latency: 14.63, space: 1424, bandwidth: 88, bitbucket_space: 451, jenkins_space: 125, artifactory_space: 1452, fortify_space: 85, teamcity_space: 220, bitbucket_bandwidth: 12.64, jenkins_bandwidth: 3.38, artifactory_bandwidth: 65.01
[2026-07-30 07:33:10] [INFO] [LOG_AGENT] [S3-BUCK] Performing multipart backup archiving snapshot sentinel_db_dump.sql (bandwidth: 84.5 MB/s)
[2026-07-30 07:33:20] [INFO] [INFRA_SIMULATOR] s3_storage | Status: Healthy | Metrics: latency: 15.01, space: 1420, bandwidth: 82, bitbucket_space: 450, jenkins_space: 125, artifactory_space: 1451, fortify_space: 85, teamcity_space: 220, bitbucket_bandwidth: 12.6, jenkins_bandwidth: 3.4, artifactory_bandwidth: 65.84
[2026-07-30 07:33:20] [INFO] [LOG_AGENT] [S3-BUCK] Performing multipart backup archiving snapshot sentinel_db_dump.sql (bandwidth: 84.5 MB/s)
[2026-07-30 07:33:30] [INFO] [INFRA_SIMULATOR] s3_storage | Status: Healthy | Metrics: latency: 15.18, space: 1422, bandwidth: 88, bitbucket_space: 451, jenkins_space: 125, artifactory_space: 1450, fortify_space: 85, teamcity_space: 220, bitbucket_bandwidth: 12.26, jenkins_bandwidth: 2.95, artifactory_bandwidth: 66.52
[2026-07-30 07:33:40] [INFO] [INFRA_SIMULATOR] s3_storage | Status: Healthy | Metrics: latency: 15.39, space: 1421, bandwidth: 83, bitbucket_space: 450, jenkins_space: 125, artifactory_space: 1450, fortify_space: 85, teamcity_space: 220, bitbucket_bandwidth: 12.58, jenkins_bandwidth: 3.29, artifactory_bandwidth: 65.97
[2026-07-30 07:33:50] [INFO] [INFRA_SIMULATOR] s3_storage | Status: Healthy | Metrics: latency: 14.87, space: 1420, bandwidth: 85, bitbucket_space: 451, jenkins_space: 125, artifactory_space: 1451, fortify_space: 85, teamcity_space: 220, bitbucket_bandwidth: 12.29, jenkins_bandwidth: 3.43, artifactory_bandwidth: 64.83
[2026-07-30 07:33:50] [INFO] [LOG_AGENT] [S3-BUCK] Performing multipart backup archiving snapshot sentinel_db_dump.sql (bandwidth: 84.5 MB/s)
[2026-07-30 07:34:00] [INFO] [INFRA_SIMULATOR] s3_storage | Status: Healthy | Metrics: latency: 16.11, space: 1424, bandwidth: 83, bitbucket_space: 450, jenkins_space: 125, artifactory_space: 1450, fortify_space: 85, teamcity_space: 220, bitbucket_bandwidth: 12.32, jenkins_bandwidth: 3.22, artifactory_bandwidth: 63.69
[2026-07-30 07:34:10] [INFO] [INFRA_SIMULATOR] s3_storage | Status: Healthy | Metrics: latency: 15.42, space: 1422, bandwidth: 88, bitbucket_space: 451, jenkins_space: 125, artifactory_space: 1451, fortify_space: 85, teamcity_space: 220, bitbucket_bandwidth: 12.28, jenkins_bandwidth: 3.13, artifactory_bandwidth: 66.79
[2026-07-30 07:34:10] [INFO] [LOG_AGENT] [S3-BUCK] Performing multipart backup archiving snapshot sentinel_db_dump.sql (bandwidth: 84.5 MB/s)
[2026-07-30 07:34:20] [INFO] [INFRA_SIMULATOR] s3_storage | Status: Healthy | Metrics: latency: 14.44, space: 1421, bandwidth: 87, bitbucket_space: 450, jenkins_space: 125, artifactory_space: 1450, fortify_space: 85, teamcity_space: 220, bitbucket_bandwidth: 12.23, jenkins_bandwidth: 3.05, artifactory_bandwidth: 64.65
[2026-07-30 07:34:20] [INFO] [LOG_AGENT] [S3-BUCK] Performing multipart backup archiving snapshot sentinel_db_dump.sql (bandwidth: 84.5 MB/s)
[2026-07-30 07:34:30] [INFO] [INFRA_SIMULATOR] s3_storage | Status: Healthy | Metrics: latency: 14.45, space: 1420, bandwidth: 85, bitbucket_space: 450, jenkins_space: 125, artifactory_space: 1451, fortify_space: 85, teamcity_space: 220, bitbucket_bandwidth: 12.39, jenkins_bandwidth: 3.38, artifactory_bandwidth: 65.7
[2026-07-30 07:34:40] [INFO] [INFRA_SIMULATOR] s3_storage | Status: Healthy | Metrics: latency: 14.87, space: 1420, bandwidth: 88, bitbucket_space: 450, jenkins_space: 125, artifactory_space: 1450, fortify_space: 85, teamcity_space: 220, bitbucket_bandwidth: 12.51, jenkins_bandwidth: 3.17, artifactory_bandwidth: 63.11
[2026-07-30 07:34:50] [INFO] [INFRA_SIMULATOR] s3_storage | Status: Healthy | Metrics: latency: 14.87, space: 1421, bandwidth: 88, bitbucket_space: 450, jenkins_space: 125, artifactory_space: 1450, fortify_space: 85, teamcity_space: 220, bitbucket_bandwidth: 12.69, jenkins_bandwidth: 3.11, artifactory_bandwidth: 64.54
[2026-07-30 07:35:00] [INFO] [INFRA_SIMULATOR] s3_storage | Status: Healthy | Metrics: latency: 15.52, space: 1420, bandwidth: 86, bitbucket_space: 450, jenkins_space: 125, artifactory_space: 1450, fortify_space: 85, teamcity_space: 220, bitbucket_bandwidth: 12.48, jenkins_bandwidth: 3.25, artifactory_bandwidth: 65.19
[2026-07-30 07:35:10] [INFO] [INFRA_SIMULATOR] s3_storage | Status: Healthy | Metrics: latency: 16.06, space: 1422, bandwidth: 86, bitbucket_space: 450, jenkins_space: 125, artifactory_space: 1450, fortify_space: 85, teamcity_space: 220, bitbucket_bandwidth: 12.7, jenkins_bandwidth: 3.42, artifactory_bandwidth: 65.22
[2026-07-30 07:35:20] [INFO] [INFRA_SIMULATOR] s3_storage | Status: Healthy | Metrics: latency: 14.77, space: 1423, bandwidth: 82, bitbucket_space: 450, jenkins_space: 125, artifactory_space: 1452, fortify_space: 85, teamcity_space: 220, bitbucket_bandwidth: 12.57, jenkins_bandwidth: 3, artifactory_bandwidth: 63.16
[2026-07-30 07:35:30] [INFO] [INFRA_SIMULATOR] s3_storage | Status: Healthy | Metrics: latency: 16.23, space: 1422, bandwidth: 81, bitbucket_space: 451, jenkins_space: 125, artifactory_space: 1451, fortify_space: 85, teamcity_space: 220, bitbucket_bandwidth: 12.09, jenkins_bandwidth: 3.05, artifactory_bandwidth: 63.6
[2026-07-30 07:35:40] [INFO] [INFRA_SIMULATOR] s3_storage | Status: Healthy | Metrics: latency: 16, space: 1421, bandwidth: 87, bitbucket_space: 450, jenkins_space: 125, artifactory_space: 1452, fortify_space: 85, teamcity_space: 220, bitbucket_bandwidth: 12.87, jenkins_bandwidth: 2.95, artifactory_bandwidth: 64.08
[2026-07-30 07:35:50] [INFO] [INFRA_SIMULATOR] s3_storage | Status: Healthy | Metrics: latency: 15.16, space: 1422, bandwidth: 82, bitbucket_space: 451, jenkins_space: 125, artifactory_space: 1450, fortify_space: 85, teamcity_space: 220, bitbucket_bandwidth: 12.05, jenkins_bandwidth: 3.32, artifactory_bandwidth: 63.49
[2026-07-30 07:36:00] [INFO] [INFRA_SIMULATOR] s3_storage | Status: Healthy | Metrics: latency: 15.7, space: 1424, bandwidth: 83, bitbucket_space: 451, jenkins_space: 125, artifactory_space: 1450, fortify_space: 85, teamcity_space: 220, bitbucket_bandwidth: 12.66, jenkins_bandwidth: 2.97, artifactory_bandwidth: 66.25
[2026-07-30 07:36:00] [INFO] [LOG_AGENT] [S3-BUCK] Performing multipart backup archiving snapshot sentinel_db_dump.sql (bandwidth: 84.5 MB/s)
[2026-07-30 07:36:10] [INFO] [INFRA_SIMULATOR] s3_storage | Status: Healthy | Metrics: latency: 16.03, space: 1423, bandwidth: 86, bitbucket_space: 451, jenkins_space: 125, artifactory_space: 1450, fortify_space: 85, teamcity_space: 220, bitbucket_bandwidth: 12.66, jenkins_bandwidth: 3.3, artifactory_bandwidth: 63.21
[2026-07-30 07:36:20] [INFO] [INFRA_SIMULATOR] s3_storage | Status: Healthy | Metrics: latency: 15.9, space: 1421, bandwidth: 83, bitbucket_space: 451, jenkins_space: 125, artifactory_space: 1450, fortify_space: 85, teamcity_space: 220, bitbucket_bandwidth: 12.86, jenkins_bandwidth: 3.14, artifactory_bandwidth: 65.89
[2026-07-30 07:36:30] [INFO] [INFRA_SIMULATOR] s3_storage | Status: Healthy | Metrics: latency: 14.68, space: 1424, bandwidth: 84, bitbucket_space: 450, jenkins_space: 125, artifactory_space: 1452, fortify_space: 85, teamcity_space: 220, bitbucket_bandwidth: 12.53, jenkins_bandwidth: 3.14, artifactory_bandwidth: 63.98
[2026-07-30 07:36:40] [INFO] [INFRA_SIMULATOR] s3_storage | Status: Healthy | Metrics: latency: 15.48, space: 1420, bandwidth: 82, bitbucket_space: 450, jenkins_space: 125, artifactory_space: 1451, fortify_space: 85, teamcity_space: 220, bitbucket_bandwidth: 12.72, jenkins_bandwidth: 3.09, artifactory_bandwidth: 65.92
[2026-07-30 07:36:50] [INFO] [INFRA_SIMULATOR] s3_storage | Status: Healthy | Metrics: latency: 15.1, space: 1420, bandwidth: 86, bitbucket_space: 450, jenkins_space: 125, artifactory_space: 1452, fortify_space: 85, teamcity_space: 220, bitbucket_bandwidth: 12.59, jenkins_bandwidth: 3.33, artifactory_bandwidth: 66.17
[2026-07-30 07:37:00] [INFO] [INFRA_SIMULATOR] s3_storage | Status: Healthy | Metrics: latency: 15.84, space: 1421, bandwidth: 84, bitbucket_space: 451, jenkins_space: 125, artifactory_space: 1451, fortify_space: 85, teamcity_space: 220, bitbucket_bandwidth: 12.55, jenkins_bandwidth: 3.12, artifactory_bandwidth: 65.21
[2026-07-30 07:37:10] [INFO] [INFRA_SIMULATOR] s3_storage | Status: Healthy | Metrics: latency: 16.4, space: 1420, bandwidth: 86, bitbucket_space: 450, jenkins_space: 125, artifactory_space: 1450, fortify_space: 85, teamcity_space: 220, bitbucket_bandwidth: 12.32, jenkins_bandwidth: 2.99, artifactory_bandwidth: 62.99
[2026-07-30 07:37:10] [INFO] [LOG_AGENT] [S3-BUCK] Performing multipart backup archiving snapshot sentinel_db_dump.sql (bandwidth: 84.5 MB/s)
[2026-07-30 07:37:20] [INFO] [INFRA_SIMULATOR] s3_storage | Status: Healthy | Metrics: latency: 15.07, space: 1420, bandwidth: 82, bitbucket_space: 450, jenkins_space: 125, artifactory_space: 1451, fortify_space: 85, teamcity_space: 220, bitbucket_bandwidth: 12.23, jenkins_bandwidth: 2.96, artifactory_bandwidth: 66.61
[2026-07-30 07:37:30] [INFO] [INFRA_SIMULATOR] s3_storage | Status: Healthy | Metrics: latency: 15.7, space: 1421, bandwidth: 87, bitbucket_space: 451, jenkins_space: 125, artifactory_space: 1450, fortify_space: 85, teamcity_space: 220, bitbucket_bandwidth: 12.81, jenkins_bandwidth: 3.12, artifactory_bandwidth: 64.21
[2026-07-30 07:37:40] [INFO] [INFRA_SIMULATOR] s3_storage | Status: Healthy | Metrics: latency: 15.38, space: 1423, bandwidth: 82, bitbucket_space: 450, jenkins_space: 125, artifactory_space: 1452, fortify_space: 85, teamcity_space: 220, bitbucket_bandwidth: 12.67, jenkins_bandwidth: 3.23, artifactory_bandwidth: 64.9
[2026-07-30 07:37:50] [INFO] [INFRA_SIMULATOR] s3_storage | Status: Healthy | Metrics: latency: 15.96, space: 1423, bandwidth: 82, bitbucket_space: 451, jenkins_space: 125, artifactory_space: 1452, fortify_space: 85, teamcity_space: 220, bitbucket_bandwidth: 12.35, jenkins_bandwidth: 3.32, artifactory_bandwidth: 63.23
[2026-07-30 07:38:00] [INFO] [INFRA_SIMULATOR] s3_storage | Status: Healthy | Metrics: latency: 15.61, space: 1421, bandwidth: 84, bitbucket_space: 451, jenkins_space: 125, artifactory_space: 1450, fortify_space: 85, teamcity_space: 220, bitbucket_bandwidth: 12.66, jenkins_bandwidth: 2.99, artifactory_bandwidth: 63.96
[2026-07-30 07:38:10] [INFO] [INFRA_SIMULATOR] s3_storage | Status: Healthy | Metrics: latency: 14.96, space: 1421, bandwidth: 85, bitbucket_space: 450, jenkins_space: 125, artifactory_space: 1452, fortify_space: 85, teamcity_space: 220, bitbucket_bandwidth: 12.66, jenkins_bandwidth: 3.42, artifactory_bandwidth: 64.63
[2026-07-30 07:38:20] [INFO] [INFRA_SIMULATOR] s3_storage | Status: Healthy | Metrics: latency: 15.22, space: 1424, bandwidth: 85, bitbucket_space: 451, jenkins_space: 125, artifactory_space: 1450, fortify_space: 85, teamcity_space: 220, bitbucket_bandwidth: 12.31, jenkins_bandwidth: 3.23, artifactory_bandwidth: 63.91
[2026-07-30 07:38:20] [INFO] [LOG_AGENT] [S3-BUCK] Performing multipart backup archiving snapshot sentinel_db_dump.sql (bandwidth: 84.5 MB/s)
[2026-07-30 07:38:30] [INFO] [INFRA_SIMULATOR] s3_storage | Status: Healthy | Metrics: latency: 15.88, space: 1421, bandwidth: 84, bitbucket_space: 450, jenkins_space: 125, artifactory_space: 1451, fortify_space: 85, teamcity_space: 220, bitbucket_bandwidth: 12.89, jenkins_bandwidth: 3.28, artifactory_bandwidth: 66.71
[2026-07-30 07:38:30] [INFO] [LOG_AGENT] [S3-BUCK] Performing multipart backup archiving snapshot sentinel_db_dump.sql (bandwidth: 84.5 MB/s)
[2026-07-30 07:38:40] [INFO] [INFRA_SIMULATOR] s3_storage | Status: Healthy | Metrics: latency: 14.87, space: 1423, bandwidth: 81, bitbucket_space: 450, jenkins_space: 125, artifactory_space: 1450, fortify_space: 85, teamcity_space: 220, bitbucket_bandwidth: 12.74, jenkins_bandwidth: 3.31, artifactory_bandwidth: 62.88
[2026-07-30 07:38:40] [INFO] [LOG_AGENT] [S3-BUCK] Performing multipart backup archiving snapshot sentinel_db_dump.sql (bandwidth: 84.5 MB/s)
[2026-07-30 07:38:50] [INFO] [INFRA_SIMULATOR] s3_storage | Status: Healthy | Metrics: latency: 14.49, space: 1422, bandwidth: 82, bitbucket_space: 451, jenkins_space: 125, artifactory_space: 1451, fortify_space: 85, teamcity_space: 220, bitbucket_bandwidth: 12.69, jenkins_bandwidth: 3.35, artifactory_bandwidth: 63.22
[2026-07-30 07:38:50] [INFO] [LOG_AGENT] [S3-BUCK] Performing multipart backup archiving snapshot sentinel_db_dump.sql (bandwidth: 84.5 MB/s)
[2026-07-30 07:39:00] [INFO] [INFRA_SIMULATOR] s3_storage | Status: Healthy | Metrics: latency: 15.02, space: 1421, bandwidth: 88, bitbucket_space: 451, jenkins_space: 125, artifactory_space: 1452, fortify_space: 85, teamcity_space: 220, bitbucket_bandwidth: 12.85, jenkins_bandwidth: 3.24, artifactory_bandwidth: 63.82
[2026-07-30 07:39:10] [INFO] [INFRA_SIMULATOR] s3_storage | Status: Healthy | Metrics: latency: 15.2, space: 1423, bandwidth: 88, bitbucket_space: 450, jenkins_space: 125, artifactory_space: 1451, fortify_space: 85, teamcity_space: 220, bitbucket_bandwidth: 12.82, jenkins_bandwidth: 2.96, artifactory_bandwidth: 63.15
[2026-07-30 07:39:10] [INFO] [LOG_AGENT] [S3-BUCK] Performing multipart backup archiving snapshot sentinel_db_dump.sql (bandwidth: 84.5 MB/s)
[2026-07-30 07:39:20] [INFO] [INFRA_SIMULATOR] s3_storage | Status: Healthy | Metrics: latency: 15.12, space: 1421, bandwidth: 81, bitbucket_space: 451, jenkins_space: 125, artifactory_space: 1450, fortify_space: 85, teamcity_space: 220, bitbucket_bandwidth: 12.48, jenkins_bandwidth: 3.14, artifactory_bandwidth: 64.8
[2026-07-30 07:39:30] [INFO] [INFRA_SIMULATOR] s3_storage | Status: Healthy | Metrics: latency: 15.96, space: 1420, bandwidth: 86, bitbucket_space: 451, jenkins_space: 125, artifactory_space: 1451, fortify_space: 85, teamcity_space: 220, bitbucket_bandwidth: 12.71, jenkins_bandwidth: 3.4, artifactory_bandwidth: 66.19
[2026-07-30 07:39:40] [INFO] [INFRA_SIMULATOR] s3_storage | Status: Healthy | Metrics: latency: 14.59, space: 1421, bandwidth: 88, bitbucket_space: 451, jenkins_space: 125, artifactory_space: 1450, fortify_space: 85, teamcity_space: 220, bitbucket_bandwidth: 12.45, jenkins_bandwidth: 3.01, artifactory_bandwidth: 63.09
[2026-07-30 07:39:50] [INFO] [INFRA_SIMULATOR] s3_storage | Status: Healthy | Metrics: latency: 15.17, space: 1424, bandwidth: 81, bitbucket_space: 451, jenkins_space: 125, artifactory_space: 1452, fortify_space: 85, teamcity_space: 220, bitbucket_bandwidth: 12.64, jenkins_bandwidth: 3.19, artifactory_bandwidth: 65.91
[2026-07-30 07:40:00] [INFO] [INFRA_SIMULATOR] s3_storage | Status: Healthy | Metrics: latency: 15.59, space: 1424, bandwidth: 83, bitbucket_space: 450, jenkins_space: 125, artifactory_space: 1451, fortify_space: 85, teamcity_space: 220, bitbucket_bandwidth: 12.58, jenkins_bandwidth: 3.42, artifactory_bandwidth: 64.15
[2026-07-30 07:40:10] [INFO] [INFRA_SIMULATOR] s3_storage | Status: Healthy | Metrics: latency: 15.55, space: 1420, bandwidth: 84, bitbucket_space: 450, jenkins_space: 125, artifactory_space: 1451, fortify_space: 85, teamcity_space: 220, bitbucket_bandwidth: 12.46, jenkins_bandwidth: 3.45, artifactory_bandwidth: 66.22
[2026-07-30 07:40:10] [INFO] [LOG_AGENT] [S3-BUCK] Performing multipart backup archiving snapshot sentinel_db_dump.sql (bandwidth: 84.5 MB/s)
[2026-07-30 07:40:20] [INFO] [INFRA_SIMULATOR] s3_storage | Status: Healthy | Metrics: latency: 14.61, space: 1420, bandwidth: 85, bitbucket_space: 451, jenkins_space: 125, artifactory_space: 1452, fortify_space: 85, teamcity_space: 220, bitbucket_bandwidth: 12.21, jenkins_bandwidth: 3.38, artifactory_bandwidth: 65.61
[2026-07-30 07:40:30] [INFO] [INFRA_SIMULATOR] s3_storage | Status: Healthy | Metrics: latency: 15.18, space: 1420, bandwidth: 86, bitbucket_space: 451, jenkins_space: 125, artifactory_space: 1451, fortify_space: 85, teamcity_space: 220, bitbucket_bandwidth: 12.25, jenkins_bandwidth: 3.32, artifactory_bandwidth: 62.96
[2026-07-30 07:40:40] [INFO] [INFRA_SIMULATOR] s3_storage | Status: Healthy | Metrics: latency: 15.17, space: 1423, bandwidth: 83, bitbucket_space: 450, jenkins_space: 125, artifactory_space: 1450, fortify_space: 85, teamcity_space: 220, bitbucket_bandwidth: 12.26, jenkins_bandwidth: 2.96, artifactory_bandwidth: 66.38
[2026-07-30 07:40:50] [INFO] [INFRA_SIMULATOR] s3_storage | Status: Healthy | Metrics: latency: 15.15, space: 1422, bandwidth: 88, bitbucket_space: 450, jenkins_space: 125, artifactory_space: 1451, fortify_space: 85, teamcity_space: 220, bitbucket_bandwidth: 12.44, jenkins_bandwidth: 3.31, artifactory_bandwidth: 64.76
[2026-07-30 07:40:50] [INFO] [LOG_AGENT] [S3-BUCK] Performing multipart backup archiving snapshot sentinel_db_dump.sql (bandwidth: 84.5 MB/s)
[2026-07-30 07:41:00] [INFO] [INFRA_SIMULATOR] s3_storage | Status: Healthy | Metrics: latency: 14.91, space: 1421, bandwidth: 84, bitbucket_space: 450, jenkins_space: 125, artifactory_space: 1450, fortify_space: 85, teamcity_space: 220, bitbucket_bandwidth: 12.07, jenkins_bandwidth: 3.04, artifactory_bandwidth: 64.05
[2026-07-30 07:41:10] [INFO] [INFRA_SIMULATOR] s3_storage | Status: Healthy | Metrics: latency: 16.03, space: 1423, bandwidth: 86, bitbucket_space: 450, jenkins_space: 125, artifactory_space: 1451, fortify_space: 85, teamcity_space: 220, bitbucket_bandwidth: 12.57, jenkins_bandwidth: 3.16, artifactory_bandwidth: 63.35
[2026-07-30 07:41:20] [INFO] [INFRA_SIMULATOR] s3_storage | Status: Healthy | Metrics: latency: 15.6, space: 1420, bandwidth: 88, bitbucket_space: 450, jenkins_space: 125, artifactory_space: 1451, fortify_space: 85, teamcity_space: 220, bitbucket_bandwidth: 12.14, jenkins_bandwidth: 3.1, artifactory_bandwidth: 65.28
[2026-07-30 07:41:20] [INFO] [LOG_AGENT] [S3-BUCK] Performing multipart backup archiving snapshot sentinel_db_dump.sql (bandwidth: 84.5 MB/s)
[2026-07-30 07:41:30] [INFO] [INFRA_SIMULATOR] s3_storage | Status: Healthy | Metrics: latency: 14.77, space: 1424, bandwidth: 82, bitbucket_space: 450, jenkins_space: 125, artifactory_space: 1450, fortify_space: 85, teamcity_space: 220, bitbucket_bandwidth: 12.85, jenkins_bandwidth: 3.16, artifactory_bandwidth: 65.2
[2026-07-30 07:41:40] [INFO] [INFRA_SIMULATOR] s3_storage | Status: Healthy | Metrics: latency: 15.15, space: 1424, bandwidth: 87, bitbucket_space: 451, jenkins_space: 125, artifactory_space: 1452, fortify_space: 85, teamcity_space: 220, bitbucket_bandwidth: 12.66, jenkins_bandwidth: 3, artifactory_bandwidth: 64.92
[2026-07-30 07:41:50] [INFO] [INFRA_SIMULATOR] s3_storage | Status: Healthy | Metrics: latency: 15.47, space: 1423, bandwidth: 85, bitbucket_space: 450, jenkins_space: 125, artifactory_space: 1452, fortify_space: 85, teamcity_space: 220, bitbucket_bandwidth: 12.83, jenkins_bandwidth: 3.3, artifactory_bandwidth: 63.51
[2026-07-30 07:42:00] [INFO] [INFRA_SIMULATOR] s3_storage | Status: Healthy | Metrics: latency: 16.38, space: 1421, bandwidth: 84, bitbucket_space: 451, jenkins_space: 125, artifactory_space: 1450, fortify_space: 85, teamcity_space: 220, bitbucket_bandwidth: 12.27, jenkins_bandwidth: 3.2, artifactory_bandwidth: 63.44
[2026-07-30 07:42:10] [INFO] [INFRA_SIMULATOR] s3_storage | Status: Healthy | Metrics: latency: 15.35, space: 1424, bandwidth: 82, bitbucket_space: 450, jenkins_space: 125, artifactory_space: 1451, fortify_space: 85, teamcity_space: 220, bitbucket_bandwidth: 12.73, jenkins_bandwidth: 3.4, artifactory_bandwidth: 64.44
[2026-07-30 07:42:10] [INFO] [LOG_AGENT] [S3-BUCK] Performing multipart backup archiving snapshot sentinel_db_dump.sql (bandwidth: 84.5 MB/s)
[2026-07-30 07:42:20] [INFO] [INFRA_SIMULATOR] s3_storage | Status: Healthy | Metrics: latency: 15.24, space: 1424, bandwidth: 83, bitbucket_space: 451, jenkins_space: 125, artifactory_space: 1450, fortify_space: 85, teamcity_space: 220, bitbucket_bandwidth: 12.92, jenkins_bandwidth: 3, artifactory_bandwidth: 63.38
[2026-07-30 07:42:20] [INFO] [LOG_AGENT] [S3-BUCK] Performing multipart backup archiving snapshot sentinel_db_dump.sql (bandwidth: 84.5 MB/s)
[2026-07-30 07:42:30] [INFO] [INFRA_SIMULATOR] s3_storage | Status: Healthy | Metrics: latency: 16.28, space: 1422, bandwidth: 88, bitbucket_space: 450, jenkins_space: 125, artifactory_space: 1452, fortify_space: 85, teamcity_space: 220, bitbucket_bandwidth: 12.45, jenkins_bandwidth: 3.08, artifactory_bandwidth: 63.75
[2026-07-30 07:42:40] [INFO] [INFRA_SIMULATOR] s3_storage | Status: Healthy | Metrics: latency: 14.9, space: 1422, bandwidth: 85, bitbucket_space: 450, jenkins_space: 125, artifactory_space: 1452, fortify_space: 85, teamcity_space: 220, bitbucket_bandwidth: 12.52, jenkins_bandwidth: 3.2, artifactory_bandwidth: 65.92
[2026-07-30 07:42:50] [INFO] [INFRA_SIMULATOR] s3_storage | Status: Healthy | Metrics: latency: 15.32, space: 1424, bandwidth: 81, bitbucket_space: 451, jenkins_space: 125, artifactory_space: 1450, fortify_space: 85, teamcity_space: 220, bitbucket_bandwidth: 12.22, jenkins_bandwidth: 2.97, artifactory_bandwidth: 66.33
[2026-07-30 07:42:50] [INFO] [LOG_AGENT] [S3-BUCK] Performing multipart backup archiving snapshot sentinel_db_dump.sql (bandwidth: 84.5 MB/s)
[2026-07-30 07:43:00] [INFO] [INFRA_SIMULATOR] s3_storage | Status: Healthy | Metrics: latency: 15.55, space: 1422, bandwidth: 82, bitbucket_space: 450, jenkins_space: 125, artifactory_space: 1452, fortify_space: 85, teamcity_space: 220, bitbucket_bandwidth: 12.34, jenkins_bandwidth: 3.36, artifactory_bandwidth: 63.53
[2026-07-30 07:43:10] [INFO] [INFRA_SIMULATOR] s3_storage | Status: Healthy | Metrics: latency: 14.73, space: 1422, bandwidth: 83, bitbucket_space: 450, jenkins_space: 125, artifactory_space: 1451, fortify_space: 85, teamcity_space: 220, bitbucket_bandwidth: 12.43, jenkins_bandwidth: 3.07, artifactory_bandwidth: 62.91
[2026-07-30 07:43:10] [INFO] [LOG_AGENT] [S3-BUCK] Performing multipart backup archiving snapshot sentinel_db_dump.sql (bandwidth: 84.5 MB/s)
[2026-07-30 07:43:20] [INFO] [INFRA_SIMULATOR] s3_storage | Status: Healthy | Metrics: latency: 16.4, space: 1424, bandwidth: 85, bitbucket_space: 451, jenkins_space: 125, artifactory_space: 1451, fortify_space: 85, teamcity_space: 220, bitbucket_bandwidth: 12.99, jenkins_bandwidth: 3.28, artifactory_bandwidth: 63.8
[2026-07-30 07:43:30] [INFO] [INFRA_SIMULATOR] s3_storage | Status: Healthy | Metrics: latency: 15.78, space: 1420, bandwidth: 83, bitbucket_space: 450, jenkins_space: 125, artifactory_space: 1450, fortify_space: 85, teamcity_space: 220, bitbucket_bandwidth: 12.3, jenkins_bandwidth: 3.37, artifactory_bandwidth: 62.82
[2026-07-30 07:43:40] [INFO] [INFRA_SIMULATOR] s3_storage | Status: Healthy | Metrics: latency: 15.66, space: 1422, bandwidth: 82, bitbucket_space: 450, jenkins_space: 125, artifactory_space: 1451, fortify_space: 85, teamcity_space: 220, bitbucket_bandwidth: 12.13, jenkins_bandwidth: 3.24, artifactory_bandwidth: 63.84
[2026-07-30 07:43:40] [INFO] [LOG_AGENT] [S3-BUCK] Performing multipart backup archiving snapshot sentinel_db_dump.sql (bandwidth: 84.5 MB/s)
[2026-07-30 07:43:50] [INFO] [INFRA_SIMULATOR] s3_storage | Status: Healthy | Metrics: latency: 16.07, space: 1420, bandwidth: 85, bitbucket_space: 451, jenkins_space: 125, artifactory_space: 1451, fortify_space: 85, teamcity_space: 220, bitbucket_bandwidth: 12.35, jenkins_bandwidth: 3.07, artifactory_bandwidth: 63
[2026-07-30 07:44:00] [INFO] [INFRA_SIMULATOR] s3_storage | Status: Healthy | Metrics: latency: 15.36, space: 1421, bandwidth: 82, bitbucket_space: 451, jenkins_space: 125, artifactory_space: 1450, fortify_space: 85, teamcity_space: 220, bitbucket_bandwidth: 12.99, jenkins_bandwidth: 3.06, artifactory_bandwidth: 64.03
[2026-07-30 07:44:10] [INFO] [INFRA_SIMULATOR] s3_storage | Status: Healthy | Metrics: latency: 15.12, space: 1423, bandwidth: 86, bitbucket_space: 451, jenkins_space: 125, artifactory_space: 1452, fortify_space: 85, teamcity_space: 220, bitbucket_bandwidth: 12.42, jenkins_bandwidth: 3.16, artifactory_bandwidth: 66.64
[2026-07-30 07:44:20] [INFO] [INFRA_SIMULATOR] s3_storage | Status: Healthy | Metrics: latency: 15.34, space: 1424, bandwidth: 84, bitbucket_space: 451, jenkins_space: 125, artifactory_space: 1451, fortify_space: 85, teamcity_space: 220, bitbucket_bandwidth: 12.98, jenkins_bandwidth: 3.32, artifactory_bandwidth: 65.35
[2026-07-30 07:44:30] [INFO] [INFRA_SIMULATOR] s3_storage | Status: Healthy | Metrics: latency: 15.53, space: 1420, bandwidth: 81, bitbucket_space: 450, jenkins_space: 125, artifactory_space: 1451, fortify_space: 85, teamcity_space: 220, bitbucket_bandwidth: 12.5, jenkins_bandwidth: 3.19, artifactory_bandwidth: 64.1
[2026-07-30 07:44:40] [INFO] [INFRA_SIMULATOR] s3_storage | Status: Healthy | Metrics: latency: 15.98, space: 1423, bandwidth: 81, bitbucket_space: 451, jenkins_space: 125, artifactory_space: 1450, fortify_space: 85, teamcity_space: 220, bitbucket_bandwidth: 12.29, jenkins_bandwidth: 2.96, artifactory_bandwidth: 65.66
[2026-07-30 07:44:50] [INFO] [INFRA_SIMULATOR] s3_storage | Status: Healthy | Metrics: latency: 14.44, space: 1422, bandwidth: 83, bitbucket_space: 451, jenkins_space: 125, artifactory_space: 1452, fortify_space: 85, teamcity_space: 220, bitbucket_bandwidth: 12.63, jenkins_bandwidth: 2.98, artifactory_bandwidth: 65.27
[2026-07-30 07:44:50] [INFO] [LOG_AGENT] [S3-BUCK] Performing multipart backup archiving snapshot sentinel_db_dump.sql (bandwidth: 84.5 MB/s)
[2026-07-30 07:45:00] [INFO] [INFRA_SIMULATOR] s3_storage | Status: Healthy | Metrics: latency: 15.55, space: 1420, bandwidth: 85, bitbucket_space: 450, jenkins_space: 125, artifactory_space: 1452, fortify_space: 85, teamcity_space: 220, bitbucket_bandwidth: 12.9, jenkins_bandwidth: 3.03, artifactory_bandwidth: 63.77
[2026-07-30 07:45:00] [INFO] [LOG_AGENT] [S3-BUCK] Performing multipart backup archiving snapshot sentinel_db_dump.sql (bandwidth: 84.5 MB/s)
[2026-07-30 07:45:00] [INFO] [LOG_AGENT] [S3-BUCK] Performing multipart backup archiving snapshot sentinel_db_dump.sql (bandwidth: 84.5 MB/s)
[2026-07-30 07:45:10] [INFO] [INFRA_SIMULATOR] s3_storage | Status: Healthy | Metrics: latency: 16.25, space: 1420, bandwidth: 85, bitbucket_space: 450, jenkins_space: 125, artifactory_space: 1452, fortify_space: 85, teamcity_space: 220, bitbucket_bandwidth: 12.84, jenkins_bandwidth: 3.4, artifactory_bandwidth: 64.95
[2026-07-30 07:45:10] [INFO] [LOG_AGENT] [S3-BUCK] Performing multipart backup archiving snapshot sentinel_db_dump.sql (bandwidth: 84.5 MB/s)
[2026-07-30 07:45:20] [INFO] [INFRA_SIMULATOR] s3_storage | Status: Healthy | Metrics: latency: 16.21, space: 1423, bandwidth: 82, bitbucket_space: 450, jenkins_space: 125, artifactory_space: 1452, fortify_space: 85, teamcity_space: 220, bitbucket_bandwidth: 12.64, jenkins_bandwidth: 3.16, artifactory_bandwidth: 66.55
[2026-07-30 07:45:30] [INFO] [INFRA_SIMULATOR] s3_storage | Status: Healthy | Metrics: latency: 16.32, space: 1424, bandwidth: 84, bitbucket_space: 450, jenkins_space: 125, artifactory_space: 1451, fortify_space: 85, teamcity_space: 220, bitbucket_bandwidth: 12.56, jenkins_bandwidth: 3.11, artifactory_bandwidth: 66.27
[2026-07-30 07:45:40] [INFO] [INFRA_SIMULATOR] s3_storage | Status: Healthy | Metrics: latency: 14.46, space: 1422, bandwidth: 87, bitbucket_space: 451, jenkins_space: 125, artifactory_space: 1450, fortify_space: 85, teamcity_space: 220, bitbucket_bandwidth: 12.4, jenkins_bandwidth: 3.26, artifactory_bandwidth: 63.52
[2026-07-30 07:45:50] [INFO] [INFRA_SIMULATOR] s3_storage | Status: Healthy | Metrics: latency: 15.6, space: 1422, bandwidth: 87, bitbucket_space: 451, jenkins_space: 125, artifactory_space: 1450, fortify_space: 85, teamcity_space: 220, bitbucket_bandwidth: 12.96, jenkins_bandwidth: 2.95, artifactory_bandwidth: 64.27
[2026-07-30 07:46:00] [INFO] [INFRA_SIMULATOR] s3_storage | Status: Healthy | Metrics: latency: 15.08, space: 1423, bandwidth: 84, bitbucket_space: 451, jenkins_space: 125, artifactory_space: 1452, fortify_space: 85, teamcity_space: 220, bitbucket_bandwidth: 12.31, jenkins_bandwidth: 3.17, artifactory_bandwidth: 65.01
[2026-07-30 07:46:01] [INFO] [LOG_AGENT] [S3-BUCK] Performing multipart backup archiving snapshot sentinel_db_dump.sql (bandwidth: 84.5 MB/s)
[2026-07-30 07:46:10] [INFO] [INFRA_SIMULATOR] s3_storage | Status: Healthy | Metrics: latency: 14.88, space: 1424, bandwidth: 81, bitbucket_space: 450, jenkins_space: 125, artifactory_space: 1452, fortify_space: 85, teamcity_space: 220, bitbucket_bandwidth: 12.53, jenkins_bandwidth: 2.96, artifactory_bandwidth: 65.02
[2026-07-30 07:46:11] [INFO] [LOG_AGENT] [S3-BUCK] Performing multipart backup archiving snapshot sentinel_db_dump.sql (bandwidth: 84.5 MB/s)
[2026-07-30 07:46:20] [INFO] [INFRA_SIMULATOR] s3_storage | Status: Healthy | Metrics: latency: 14.48, space: 1422, bandwidth: 87, bitbucket_space: 450, jenkins_space: 125, artifactory_space: 1450, fortify_space: 85, teamcity_space: 220, bitbucket_bandwidth: 12.04, jenkins_bandwidth: 3.09, artifactory_bandwidth: 66.42
[2026-07-30 07:46:31] [INFO] [INFRA_SIMULATOR] s3_storage | Status: Healthy | Metrics: latency: 15.18, space: 1424, bandwidth: 88, bitbucket_space: 451, jenkins_space: 125, artifactory_space: 1450, fortify_space: 85, teamcity_space: 220, bitbucket_bandwidth: 12.67, jenkins_bandwidth: 3.31, artifactory_bandwidth: 62.99
[2026-07-30 07:46:41] [INFO] [INFRA_SIMULATOR] s3_storage | Status: Healthy | Metrics: latency: 15.3, space: 1424, bandwidth: 81, bitbucket_space: 450, jenkins_space: 125, artifactory_space: 1451, fortify_space: 85, teamcity_space: 220, bitbucket_bandwidth: 12.42, jenkins_bandwidth: 3.15, artifactory_bandwidth: 62.9
[2026-07-30 07:46:41] [INFO] [LOG_AGENT] [S3-BUCK] Performing multipart backup archiving snapshot sentinel_db_dump.sql (bandwidth: 84.5 MB/s)
[2026-07-30 07:46:51] [INFO] [INFRA_SIMULATOR] s3_storage | Status: Healthy | Metrics: latency: 14.48, space: 1421, bandwidth: 81, bitbucket_space: 450, jenkins_space: 125, artifactory_space: 1450, fortify_space: 85, teamcity_space: 220, bitbucket_bandwidth: 12.19, jenkins_bandwidth: 3.16, artifactory_bandwidth: 63.11
[2026-07-30 07:47:01] [INFO] [INFRA_SIMULATOR] s3_storage | Status: Healthy | Metrics: latency: 14.78, space: 1423, bandwidth: 84, bitbucket_space: 451, jenkins_space: 125, artifactory_space: 1450, fortify_space: 85, teamcity_space: 220, bitbucket_bandwidth: 12.3, jenkins_bandwidth: 3.22, artifactory_bandwidth: 66.77
[2026-07-30 07:47:11] [INFO] [INFRA_SIMULATOR] s3_storage | Status: Healthy | Metrics: latency: 14.84, space: 1424, bandwidth: 86, bitbucket_space: 451, jenkins_space: 125, artifactory_space: 1451, fortify_space: 85, teamcity_space: 220, bitbucket_bandwidth: 12.39, jenkins_bandwidth: 3.42, artifactory_bandwidth: 64.88
[2026-07-30 07:47:21] [INFO] [INFRA_SIMULATOR] s3_storage | Status: Healthy | Metrics: latency: 15.97, space: 1421, bandwidth: 83, bitbucket_space: 450, jenkins_space: 125, artifactory_space: 1450, fortify_space: 85, teamcity_space: 220, bitbucket_bandwidth: 12.58, jenkins_bandwidth: 3.18, artifactory_bandwidth: 63.44
[2026-07-30 07:47:31] [INFO] [INFRA_SIMULATOR] s3_storage | Status: Healthy | Metrics: latency: 15.42, space: 1424, bandwidth: 88, bitbucket_space: 450, jenkins_space: 125, artifactory_space: 1451, fortify_space: 85, teamcity_space: 220, bitbucket_bandwidth: 12.39, jenkins_bandwidth: 3.41, artifactory_bandwidth: 66.58
[2026-07-30 07:47:41] [INFO] [INFRA_SIMULATOR] s3_storage | Status: Healthy | Metrics: latency: 16.12, space: 1422, bandwidth: 86, bitbucket_space: 450, jenkins_space: 125, artifactory_space: 1452, fortify_space: 85, teamcity_space: 220, bitbucket_bandwidth: 12.25, jenkins_bandwidth: 3.16, artifactory_bandwidth: 66.15
[2026-07-30 07:47:51] [INFO] [INFRA_SIMULATOR] s3_storage | Status: Healthy | Metrics: latency: 14.63, space: 1422, bandwidth: 82, bitbucket_space: 450, jenkins_space: 125, artifactory_space: 1450, fortify_space: 85, teamcity_space: 220, bitbucket_bandwidth: 12.59, jenkins_bandwidth: 3.38, artifactory_bandwidth: 65.16
[2026-07-30 07:48:01] [INFO] [INFRA_SIMULATOR] s3_storage | Status: Healthy | Metrics: latency: 15.18, space: 1420, bandwidth: 88, bitbucket_space: 450, jenkins_space: 125, artifactory_space: 1451, fortify_space: 85, teamcity_space: 220, bitbucket_bandwidth: 12.34, jenkins_bandwidth: 3.15, artifactory_bandwidth: 63.54
[2026-07-30 16:58:32] [INFO] [INFRA_SIMULATOR] s3_storage | Status: Healthy | Metrics: latency: 15.71, space: 1424, bandwidth: 84, bitbucket_space: 451, jenkins_space: 125, artifactory_space: 1452, fortify_space: 85, teamcity_space: 220, bitbucket_bandwidth: 12.98, jenkins_bandwidth: 3.15, artifactory_bandwidth: 65.54
[2026-07-30 16:58:42] [INFO] [INFRA_SIMULATOR] s3_storage | Status: Healthy | Metrics: latency: 15.51, space: 1420, bandwidth: 88, bitbucket_space: 451, jenkins_space: 125, artifactory_space: 1451, fortify_space: 85, teamcity_space: 220, bitbucket_bandwidth: 12.23, jenkins_bandwidth: 3.08, artifactory_bandwidth: 64.63
[2026-07-30 16:58:43] [INFO] [LOG_AGENT] [S3-BUCK] Performing multipart backup archiving snapshot sentinel_db_dump.sql (bandwidth: 84.5 MB/s)
[2026-07-30 16:58:52] [INFO] [INFRA_SIMULATOR] s3_storage | Status: Healthy | Metrics: latency: 15.64, space: 1422, bandwidth: 87, bitbucket_space: 450, jenkins_space: 125, artifactory_space: 1451, fortify_space: 85, teamcity_space: 220, bitbucket_bandwidth: 12.51, jenkins_bandwidth: 3.13, artifactory_bandwidth: 66.57
[2026-07-30 16:59:01] [INFO] [INFRA_SIMULATOR] s3_storage | Status: Healthy | Metrics: latency: 15.49, space: 1421, bandwidth: 86, bitbucket_space: 451, jenkins_space: 125, artifactory_space: 1450, fortify_space: 85, teamcity_space: 220, bitbucket_bandwidth: 12.48, jenkins_bandwidth: 2.96, artifactory_bandwidth: 66.12
[2026-07-30 16:59:12] [INFO] [INFRA_SIMULATOR] s3_storage | Status: Healthy | Metrics: latency: 15.89, space: 1420, bandwidth: 81, bitbucket_space: 451, jenkins_space: 125, artifactory_space: 1452, fortify_space: 85, teamcity_space: 220, bitbucket_bandwidth: 12.23, jenkins_bandwidth: 3.23, artifactory_bandwidth: 63.06
[2026-07-30 16:59:22] [INFO] [INFRA_SIMULATOR] s3_storage | Status: Healthy | Metrics: latency: 14.67, space: 1422, bandwidth: 85, bitbucket_space: 450, jenkins_space: 125, artifactory_space: 1451, fortify_space: 85, teamcity_space: 220, bitbucket_bandwidth: 12.86, jenkins_bandwidth: 3.01, artifactory_bandwidth: 64.7
[2026-07-30 16:59:32] [INFO] [INFRA_SIMULATOR] s3_storage | Status: Healthy | Metrics: latency: 14.5, space: 1420, bandwidth: 87, bitbucket_space: 450, jenkins_space: 125, artifactory_space: 1450, fortify_space: 85, teamcity_space: 220, bitbucket_bandwidth: 12.76, jenkins_bandwidth: 3.43, artifactory_bandwidth: 63.71
[2026-07-30 16:59:42] [INFO] [INFRA_SIMULATOR] s3_storage | Status: Healthy | Metrics: latency: 14.98, space: 1423, bandwidth: 88, bitbucket_space: 451, jenkins_space: 125, artifactory_space: 1451, fortify_space: 85, teamcity_space: 220, bitbucket_bandwidth: 12.11, jenkins_bandwidth: 3.07, artifactory_bandwidth: 66.28
[2026-07-30 16:59:52] [INFO] [INFRA_SIMULATOR] s3_storage | Status: Healthy | Metrics: latency: 14.68, space: 1422, bandwidth: 82, bitbucket_space: 451, jenkins_space: 125, artifactory_space: 1450, fortify_space: 85, teamcity_space: 220, bitbucket_bandwidth: 12.51, jenkins_bandwidth: 3.17, artifactory_bandwidth: 65.53
[2026-07-30 17:00:02] [INFO] [INFRA_SIMULATOR] s3_storage | Status: Healthy | Metrics: latency: 15.37, space: 1421, bandwidth: 83, bitbucket_space: 450, jenkins_space: 125, artifactory_space: 1451, fortify_space: 85, teamcity_space: 220, bitbucket_bandwidth: 12.27, jenkins_bandwidth: 3.02, artifactory_bandwidth: 63.24
[2026-07-30 17:00:12] [INFO] [INFRA_SIMULATOR] s3_storage | Status: Healthy | Metrics: latency: 14.85, space: 1423, bandwidth: 88, bitbucket_space: 450, jenkins_space: 125, artifactory_space: 1451, fortify_space: 85, teamcity_space: 220, bitbucket_bandwidth: 12.21, jenkins_bandwidth: 2.98, artifactory_bandwidth: 63.83
[2026-07-30 17:00:22] [INFO] [INFRA_SIMULATOR] s3_storage | Status: Healthy | Metrics: latency: 16.33, space: 1423, bandwidth: 85, bitbucket_space: 450, jenkins_space: 125, artifactory_space: 1450, fortify_space: 85, teamcity_space: 220, bitbucket_bandwidth: 12.27, jenkins_bandwidth: 3.2, artifactory_bandwidth: 64.93
[2026-07-30 17:00:32] [INFO] [INFRA_SIMULATOR] s3_storage | Status: Healthy | Metrics: latency: 15.15, space: 1420, bandwidth: 88, bitbucket_space: 451, jenkins_space: 125, artifactory_space: 1452, fortify_space: 85, teamcity_space: 220, bitbucket_bandwidth: 12.02, jenkins_bandwidth: 3.32, artifactory_bandwidth: 65.23
[2026-07-30 17:00:32] [INFO] [LOG_AGENT] [S3-BUCK] Performing multipart backup archiving snapshot sentinel_db_dump.sql (bandwidth: 84.5 MB/s)
[2026-07-30 17:00:42] [INFO] [INFRA_SIMULATOR] s3_storage | Status: Healthy | Metrics: latency: 14.89, space: 1423, bandwidth: 83, bitbucket_space: 450, jenkins_space: 125, artifactory_space: 1452, fortify_space: 85, teamcity_space: 220, bitbucket_bandwidth: 12.36, jenkins_bandwidth: 3.08, artifactory_bandwidth: 64.79
[2026-07-30 17:00:52] [INFO] [INFRA_SIMULATOR] s3_storage | Status: Healthy | Metrics: latency: 15.93, space: 1421, bandwidth: 85, bitbucket_space: 451, jenkins_space: 125, artifactory_space: 1452, fortify_space: 85, teamcity_space: 220, bitbucket_bandwidth: 12.32, jenkins_bandwidth: 3.08, artifactory_bandwidth: 66.28
[2026-07-30 17:01:02] [INFO] [INFRA_SIMULATOR] s3_storage | Status: Healthy | Metrics: latency: 15.99, space: 1420, bandwidth: 82, bitbucket_space: 450, jenkins_space: 125, artifactory_space: 1452, fortify_space: 85, teamcity_space: 220, bitbucket_bandwidth: 12.26, jenkins_bandwidth: 3.28, artifactory_bandwidth: 63.2
[2026-07-30 17:01:12] [INFO] [INFRA_SIMULATOR] s3_storage | Status: Healthy | Metrics: latency: 14.5, space: 1422, bandwidth: 81, bitbucket_space: 451, jenkins_space: 125, artifactory_space: 1451, fortify_space: 85, teamcity_space: 220, bitbucket_bandwidth: 12.8, jenkins_bandwidth: 3.28, artifactory_bandwidth: 66.74
[2026-07-30 17:01:22] [INFO] [INFRA_SIMULATOR] s3_storage | Status: Healthy | Metrics: latency: 16.15, space: 1423, bandwidth: 88, bitbucket_space: 450, jenkins_space: 125, artifactory_space: 1452, fortify_space: 85, teamcity_space: 220, bitbucket_bandwidth: 12.11, jenkins_bandwidth: 3.43, artifactory_bandwidth: 63.41
[2026-07-30 17:01:32] [INFO] [INFRA_SIMULATOR] s3_storage | Status: Healthy | Metrics: latency: 14.67, space: 1424, bandwidth: 82, bitbucket_space: 451, jenkins_space: 125, artifactory_space: 1452, fortify_space: 85, teamcity_space: 220, bitbucket_bandwidth: 12.65, jenkins_bandwidth: 3.43, artifactory_bandwidth: 65.59
[2026-07-30 17:01:42] [INFO] [INFRA_SIMULATOR] s3_storage | Status: Healthy | Metrics: latency: 16.33, space: 1423, bandwidth: 86, bitbucket_space: 451, jenkins_space: 125, artifactory_space: 1451, fortify_space: 85, teamcity_space: 220, bitbucket_bandwidth: 12.24, jenkins_bandwidth: 3.4, artifactory_bandwidth: 65.16
[2026-07-30 17:01:52] [INFO] [INFRA_SIMULATOR] s3_storage | Status: Healthy | Metrics: latency: 14.95, space: 1423, bandwidth: 84, bitbucket_space: 451, jenkins_space: 125, artifactory_space: 1452, fortify_space: 85, teamcity_space: 220, bitbucket_bandwidth: 12.55, jenkins_bandwidth: 3.23, artifactory_bandwidth: 63.52
[2026-07-30 17:01:52] [INFO] [LOG_AGENT] [S3-BUCK] Performing multipart backup archiving snapshot sentinel_db_dump.sql (bandwidth: 84.5 MB/s)
[2026-07-30 17:02:02] [INFO] [INFRA_SIMULATOR] s3_storage | Status: Healthy | Metrics: latency: 15.32, space: 1421, bandwidth: 83, bitbucket_space: 450, jenkins_space: 125, artifactory_space: 1450, fortify_space: 85, teamcity_space: 220, bitbucket_bandwidth: 12.03, jenkins_bandwidth: 2.98, artifactory_bandwidth: 64.12
[2026-07-30 17:02:12] [INFO] [INFRA_SIMULATOR] s3_storage | Status: Healthy | Metrics: latency: 14.96, space: 1424, bandwidth: 84, bitbucket_space: 450, jenkins_space: 125, artifactory_space: 1451, fortify_space: 85, teamcity_space: 220, bitbucket_bandwidth: 12.82, jenkins_bandwidth: 3.38, artifactory_bandwidth: 63.01
[2026-07-30 17:02:22] [INFO] [INFRA_SIMULATOR] s3_storage | Status: Healthy | Metrics: latency: 15.65, space: 1422, bandwidth: 83, bitbucket_space: 450, jenkins_space: 125, artifactory_space: 1451, fortify_space: 85, teamcity_space: 220, bitbucket_bandwidth: 12.52, jenkins_bandwidth: 3.33, artifactory_bandwidth: 64.5
[2026-07-30 17:02:32] [INFO] [INFRA_SIMULATOR] s3_storage | Status: Healthy | Metrics: latency: 15.16, space: 1424, bandwidth: 82, bitbucket_space: 451, jenkins_space: 125, artifactory_space: 1450, fortify_space: 85, teamcity_space: 220, bitbucket_bandwidth: 12.19, jenkins_bandwidth: 3.16, artifactory_bandwidth: 63.7
[2026-07-30 17:02:42] [INFO] [INFRA_SIMULATOR] s3_storage | Status: Healthy | Metrics: latency: 14.53, space: 1423, bandwidth: 83, bitbucket_space: 450, jenkins_space: 125, artifactory_space: 1451, fortify_space: 85, teamcity_space: 220, bitbucket_bandwidth: 12.04, jenkins_bandwidth: 3.26, artifactory_bandwidth: 64.56
[2026-07-30 17:02:52] [INFO] [INFRA_SIMULATOR] s3_storage | Status: Healthy | Metrics: latency: 16.15, space: 1420, bandwidth: 82, bitbucket_space: 450, jenkins_space: 125, artifactory_space: 1452, fortify_space: 85, teamcity_space: 220, bitbucket_bandwidth: 12.32, jenkins_bandwidth: 3.31, artifactory_bandwidth: 65.59
[2026-07-30 17:03:02] [INFO] [INFRA_SIMULATOR] s3_storage | Status: Healthy | Metrics: latency: 14.47, space: 1420, bandwidth: 84, bitbucket_space: 450, jenkins_space: 125, artifactory_space: 1451, fortify_space: 85, teamcity_space: 220, bitbucket_bandwidth: 12.41, jenkins_bandwidth: 3.34, artifactory_bandwidth: 64.68
[2026-07-30 17:03:12] [INFO] [INFRA_SIMULATOR] s3_storage | Status: Healthy | Metrics: latency: 15.88, space: 1421, bandwidth: 88, bitbucket_space: 450, jenkins_space: 125, artifactory_space: 1451, fortify_space: 85, teamcity_space: 220, bitbucket_bandwidth: 12.77, jenkins_bandwidth: 3.03, artifactory_bandwidth: 65.68
[2026-07-30 17:03:22] [INFO] [INFRA_SIMULATOR] s3_storage | Status: Healthy | Metrics: latency: 15.56, space: 1420, bandwidth: 81, bitbucket_space: 451, jenkins_space: 125, artifactory_space: 1450, fortify_space: 85, teamcity_space: 220, bitbucket_bandwidth: 12.31, jenkins_bandwidth: 3.04, artifactory_bandwidth: 63.53
[2026-07-30 17:03:32] [INFO] [INFRA_SIMULATOR] s3_storage | Status: Healthy | Metrics: latency: 15.22, space: 1423, bandwidth: 87, bitbucket_space: 451, jenkins_space: 125, artifactory_space: 1452, fortify_space: 85, teamcity_space: 220, bitbucket_bandwidth: 12.69, jenkins_bandwidth: 3.45, artifactory_bandwidth: 63.07
[2026-07-30 17:03:42] [INFO] [INFRA_SIMULATOR] s3_storage | Status: Healthy | Metrics: latency: 15.57, space: 1423, bandwidth: 81, bitbucket_space: 450, jenkins_space: 125, artifactory_space: 1451, fortify_space: 85, teamcity_space: 220, bitbucket_bandwidth: 12.37, jenkins_bandwidth: 3.22, artifactory_bandwidth: 64.27
[2026-07-30 17:03:52] [INFO] [INFRA_SIMULATOR] s3_storage | Status: Healthy | Metrics: latency: 14.55, space: 1421, bandwidth: 86, bitbucket_space: 450, jenkins_space: 125, artifactory_space: 1450, fortify_space: 85, teamcity_space: 220, bitbucket_bandwidth: 12.6, jenkins_bandwidth: 3.02, artifactory_bandwidth: 65.49
[2026-07-30 17:04:02] [INFO] [INFRA_SIMULATOR] s3_storage | Status: Healthy | Metrics: latency: 15.61, space: 1423, bandwidth: 81, bitbucket_space: 450, jenkins_space: 125, artifactory_space: 1452, fortify_space: 85, teamcity_space: 220, bitbucket_bandwidth: 12.52, jenkins_bandwidth: 3.25, artifactory_bandwidth: 64.26
[2026-07-30 17:04:12] [INFO] [INFRA_SIMULATOR] s3_storage | Status: Healthy | Metrics: latency: 15.16, space: 1423, bandwidth: 83, bitbucket_space: 450, jenkins_space: 125, artifactory_space: 1451, fortify_space: 85, teamcity_space: 220, bitbucket_bandwidth: 12.88, jenkins_bandwidth: 2.98, artifactory_bandwidth: 65.25
[2026-07-30 17:04:22] [INFO] [INFRA_SIMULATOR] s3_storage | Status: Healthy | Metrics: latency: 15.62, space: 1420, bandwidth: 84, bitbucket_space: 451, jenkins_space: 125, artifactory_space: 1450, fortify_space: 85, teamcity_space: 220, bitbucket_bandwidth: 12.44, jenkins_bandwidth: 3.11, artifactory_bandwidth: 64.14
[2026-07-30 17:04:22] [INFO] [LOG_AGENT] [S3-BUCK] Performing multipart backup archiving snapshot sentinel_db_dump.sql (bandwidth: 84.5 MB/s)
[2026-07-30 17:04:32] [INFO] [INFRA_SIMULATOR] s3_storage | Status: Healthy | Metrics: latency: 15.51, space: 1422, bandwidth: 87, bitbucket_space: 451, jenkins_space: 125, artifactory_space: 1452, fortify_space: 85, teamcity_space: 220, bitbucket_bandwidth: 12.64, jenkins_bandwidth: 3.32, artifactory_bandwidth: 64.07
[2026-07-30 17:04:42] [INFO] [INFRA_SIMULATOR] s3_storage | Status: Healthy | Metrics: latency: 14.97, space: 1421, bandwidth: 81, bitbucket_space: 451, jenkins_space: 125, artifactory_space: 1450, fortify_space: 85, teamcity_space: 220, bitbucket_bandwidth: 12.76, jenkins_bandwidth: 3.08, artifactory_bandwidth: 66.68
[2026-07-30 17:04:52] [INFO] [INFRA_SIMULATOR] s3_storage | Status: Healthy | Metrics: latency: 15.57, space: 1422, bandwidth: 82, bitbucket_space: 450, jenkins_space: 125, artifactory_space: 1450, fortify_space: 85, teamcity_space: 220, bitbucket_bandwidth: 12.17, jenkins_bandwidth: 3.32, artifactory_bandwidth: 65.05
[2026-07-30 17:05:02] [INFO] [INFRA_SIMULATOR] s3_storage | Status: Healthy | Metrics: latency: 14.81, space: 1423, bandwidth: 83, bitbucket_space: 451, jenkins_space: 125, artifactory_space: 1452, fortify_space: 85, teamcity_space: 220, bitbucket_bandwidth: 12.08, jenkins_bandwidth: 3.1, artifactory_bandwidth: 63.33
[2026-07-30 17:05:02] [INFO] [LOG_AGENT] [S3-BUCK] Performing multipart backup archiving snapshot sentinel_db_dump.sql (bandwidth: 84.5 MB/s)
[2026-07-30 17:05:12] [INFO] [INFRA_SIMULATOR] s3_storage | Status: Healthy | Metrics: latency: 16.02, space: 1421, bandwidth: 86, bitbucket_space: 450, jenkins_space: 125, artifactory_space: 1450, fortify_space: 85, teamcity_space: 220, bitbucket_bandwidth: 12.63, jenkins_bandwidth: 2.96, artifactory_bandwidth: 66.58
[2026-07-30 17:05:12] [INFO] [LOG_AGENT] [S3-BUCK] Performing multipart backup archiving snapshot sentinel_db_dump.sql (bandwidth: 84.5 MB/s)
[2026-07-30 17:05:22] [INFO] [INFRA_SIMULATOR] s3_storage | Status: Healthy | Metrics: latency: 14.81, space: 1423, bandwidth: 84, bitbucket_space: 450, jenkins_space: 125, artifactory_space: 1452, fortify_space: 85, teamcity_space: 220, bitbucket_bandwidth: 12.39, jenkins_bandwidth: 3.27, artifactory_bandwidth: 66.44
[2026-07-30 17:05:32] [INFO] [INFRA_SIMULATOR] s3_storage | Status: Healthy | Metrics: latency: 16.2, space: 1424, bandwidth: 83, bitbucket_space: 451, jenkins_space: 125, artifactory_space: 1450, fortify_space: 85, teamcity_space: 220, bitbucket_bandwidth: 12.9, jenkins_bandwidth: 3.35, artifactory_bandwidth: 64.61
[2026-07-30 17:05:42] [INFO] [INFRA_SIMULATOR] s3_storage | Status: Healthy | Metrics: latency: 15.49, space: 1424, bandwidth: 87, bitbucket_space: 450, jenkins_space: 125, artifactory_space: 1451, fortify_space: 85, teamcity_space: 220, bitbucket_bandwidth: 12.3, jenkins_bandwidth: 2.95, artifactory_bandwidth: 62.85
[2026-07-30 17:05:52] [INFO] [INFRA_SIMULATOR] s3_storage | Status: Healthy | Metrics: latency: 15.97, space: 1420, bandwidth: 81, bitbucket_space: 451, jenkins_space: 125, artifactory_space: 1452, fortify_space: 85, teamcity_space: 220, bitbucket_bandwidth: 12.12, jenkins_bandwidth: 3.35, artifactory_bandwidth: 63.91
[2026-07-30 17:06:02] [INFO] [INFRA_SIMULATOR] s3_storage | Status: Healthy | Metrics: latency: 14.74, space: 1422, bandwidth: 81, bitbucket_space: 450, jenkins_space: 125, artifactory_space: 1450, fortify_space: 85, teamcity_space: 220, bitbucket_bandwidth: 12.41, jenkins_bandwidth: 3.13, artifactory_bandwidth: 64.3
[2026-07-30 17:06:12] [INFO] [INFRA_SIMULATOR] s3_storage | Status: Healthy | Metrics: latency: 15.35, space: 1422, bandwidth: 84, bitbucket_space: 450, jenkins_space: 125, artifactory_space: 1450, fortify_space: 85, teamcity_space: 220, bitbucket_bandwidth: 12.79, jenkins_bandwidth: 3.35, artifactory_bandwidth: 63.08
[2026-07-30 17:06:22] [INFO] [INFRA_SIMULATOR] s3_storage | Status: Healthy | Metrics: latency: 15.3, space: 1423, bandwidth: 83, bitbucket_space: 451, jenkins_space: 125, artifactory_space: 1451, fortify_space: 85, teamcity_space: 220, bitbucket_bandwidth: 12.93, jenkins_bandwidth: 3.43, artifactory_bandwidth: 62.86
[2026-07-30 17:06:32] [INFO] [INFRA_SIMULATOR] s3_storage | Status: Healthy | Metrics: latency: 15.66, space: 1420, bandwidth: 81, bitbucket_space: 450, jenkins_space: 125, artifactory_space: 1450, fortify_space: 85, teamcity_space: 220, bitbucket_bandwidth: 12.29, jenkins_bandwidth: 3.18, artifactory_bandwidth: 66.51
[2026-07-30 17:06:32] [INFO] [LOG_AGENT] [S3-BUCK] Performing multipart backup archiving snapshot sentinel_db_dump.sql (bandwidth: 84.5 MB/s)
[2026-07-30 17:06:42] [INFO] [INFRA_SIMULATOR] s3_storage | Status: Healthy | Metrics: latency: 16.39, space: 1422, bandwidth: 82, bitbucket_space: 451, jenkins_space: 125, artifactory_space: 1452, fortify_space: 85, teamcity_space: 220, bitbucket_bandwidth: 12.63, jenkins_bandwidth: 3.04, artifactory_bandwidth: 62.91
[2026-07-30 17:06:52] [INFO] [INFRA_SIMULATOR] s3_storage | Status: Healthy | Metrics: latency: 15.35, space: 1422, bandwidth: 86, bitbucket_space: 450, jenkins_space: 125, artifactory_space: 1450, fortify_space: 85, teamcity_space: 220, bitbucket_bandwidth: 12.08, jenkins_bandwidth: 3.31, artifactory_bandwidth: 66.61
[2026-07-30 17:07:02] [INFO] [INFRA_SIMULATOR] s3_storage | Status: Healthy | Metrics: latency: 14.76, space: 1422, bandwidth: 84, bitbucket_space: 450, jenkins_space: 125, artifactory_space: 1451, fortify_space: 85, teamcity_space: 220, bitbucket_bandwidth: 12.76, jenkins_bandwidth: 3.14, artifactory_bandwidth: 63.2
[2026-07-30 17:07:02] [INFO] [LOG_AGENT] [S3-BUCK] Performing multipart backup archiving snapshot sentinel_db_dump.sql (bandwidth: 84.5 MB/s)
[2026-07-30 17:07:12] [INFO] [INFRA_SIMULATOR] s3_storage | Status: Healthy | Metrics: latency: 15.24, space: 1421, bandwidth: 83, bitbucket_space: 450, jenkins_space: 125, artifactory_space: 1452, fortify_space: 85, teamcity_space: 220, bitbucket_bandwidth: 12.89, jenkins_bandwidth: 3.37, artifactory_bandwidth: 65.94
[2026-07-30 17:07:22] [INFO] [INFRA_SIMULATOR] s3_storage | Status: Healthy | Metrics: latency: 14.86, space: 1422, bandwidth: 85, bitbucket_space: 450, jenkins_space: 125, artifactory_space: 1452, fortify_space: 85, teamcity_space: 220, bitbucket_bandwidth: 12.06, jenkins_bandwidth: 3.29, artifactory_bandwidth: 64.98
[2026-07-30 17:07:22] [INFO] [LOG_AGENT] [S3-BUCK] Performing multipart backup archiving snapshot sentinel_db_dump.sql (bandwidth: 84.5 MB/s)
[2026-07-30 17:07:32] [INFO] [INFRA_SIMULATOR] s3_storage | Status: Healthy | Metrics: latency: 15.15, space: 1423, bandwidth: 81, bitbucket_space: 450, jenkins_space: 125, artifactory_space: 1452, fortify_space: 85, teamcity_space: 220, bitbucket_bandwidth: 12.29, jenkins_bandwidth: 3.1, artifactory_bandwidth: 66.05
[2026-07-30 17:07:42] [INFO] [INFRA_SIMULATOR] s3_storage | Status: Healthy | Metrics: latency: 14.97, space: 1421, bandwidth: 85, bitbucket_space: 450, jenkins_space: 125, artifactory_space: 1451, fortify_space: 85, teamcity_space: 220, bitbucket_bandwidth: 12.58, jenkins_bandwidth: 3.01, artifactory_bandwidth: 64.73
[2026-07-30 17:07:52] [INFO] [INFRA_SIMULATOR] s3_storage | Status: Healthy | Metrics: latency: 15.57, space: 1423, bandwidth: 88, bitbucket_space: 450, jenkins_space: 125, artifactory_space: 1452, fortify_space: 85, teamcity_space: 220, bitbucket_bandwidth: 12.72, jenkins_bandwidth: 3.45, artifactory_bandwidth: 63.55
[2026-07-30 17:08:02] [INFO] [INFRA_SIMULATOR] s3_storage | Status: Healthy | Metrics: latency: 16.26, space: 1421, bandwidth: 86, bitbucket_space: 450, jenkins_space: 125, artifactory_space: 1450, fortify_space: 85, teamcity_space: 220, bitbucket_bandwidth: 12.2, jenkins_bandwidth: 3.22, artifactory_bandwidth: 66.48
[2026-07-30 17:08:12] [INFO] [INFRA_SIMULATOR] s3_storage | Status: Healthy | Metrics: latency: 16.18, space: 1422, bandwidth: 83, bitbucket_space: 450, jenkins_space: 125, artifactory_space: 1451, fortify_space: 85, teamcity_space: 220, bitbucket_bandwidth: 12.53, jenkins_bandwidth: 3.43, artifactory_bandwidth: 64.19
[2026-07-30 17:08:12] [INFO] [LOG_AGENT] [S3-BUCK] Performing multipart backup archiving snapshot sentinel_db_dump.sql (bandwidth: 84.5 MB/s)
[2026-07-30 17:08:22] [INFO] [INFRA_SIMULATOR] s3_storage | Status: Healthy | Metrics: latency: 15.05, space: 1421, bandwidth: 87, bitbucket_space: 450, jenkins_space: 125, artifactory_space: 1451, fortify_space: 85, teamcity_space: 220, bitbucket_bandwidth: 12.38, jenkins_bandwidth: 3.04, artifactory_bandwidth: 65.35
[2026-07-30 17:08:32] [INFO] [INFRA_SIMULATOR] s3_storage | Status: Healthy | Metrics: latency: 15.92, space: 1424, bandwidth: 82, bitbucket_space: 450, jenkins_space: 125, artifactory_space: 1451, fortify_space: 85, teamcity_space: 220, bitbucket_bandwidth: 12.94, jenkins_bandwidth: 3.22, artifactory_bandwidth: 64.31
[2026-07-30 17:08:42] [INFO] [INFRA_SIMULATOR] s3_storage | Status: Healthy | Metrics: latency: 15.28, space: 1420, bandwidth: 84, bitbucket_space: 451, jenkins_space: 125, artifactory_space: 1451, fortify_space: 85, teamcity_space: 220, bitbucket_bandwidth: 12.15, jenkins_bandwidth: 3.31, artifactory_bandwidth: 64.01
[2026-07-30 17:08:42] [INFO] [LOG_AGENT] [S3-BUCK] Performing multipart backup archiving snapshot sentinel_db_dump.sql (bandwidth: 84.5 MB/s)
[2026-07-30 17:08:52] [INFO] [INFRA_SIMULATOR] s3_storage | Status: Healthy | Metrics: latency: 15.86, space: 1420, bandwidth: 82, bitbucket_space: 451, jenkins_space: 125, artifactory_space: 1450, fortify_space: 85, teamcity_space: 220, bitbucket_bandwidth: 12.76, jenkins_bandwidth: 3.13, artifactory_bandwidth: 65.03
[2026-07-30 17:09:02] [INFO] [INFRA_SIMULATOR] s3_storage | Status: Healthy | Metrics: latency: 15.03, space: 1420, bandwidth: 82, bitbucket_space: 450, jenkins_space: 125, artifactory_space: 1451, fortify_space: 85, teamcity_space: 220, bitbucket_bandwidth: 12.65, jenkins_bandwidth: 3.29, artifactory_bandwidth: 63.93
[2026-07-30 17:09:02] [INFO] [LOG_AGENT] [S3-BUCK] Performing multipart backup archiving snapshot sentinel_db_dump.sql (bandwidth: 84.5 MB/s)
[2026-07-30 17:09:12] [INFO] [INFRA_SIMULATOR] s3_storage | Status: Healthy | Metrics: latency: 15.89, space: 1421, bandwidth: 84, bitbucket_space: 450, jenkins_space: 125, artifactory_space: 1450, fortify_space: 85, teamcity_space: 220, bitbucket_bandwidth: 12.97, jenkins_bandwidth: 3.42, artifactory_bandwidth: 63.17
[2026-07-30 17:09:22] [INFO] [INFRA_SIMULATOR] s3_storage | Status: Healthy | Metrics: latency: 15.96, space: 1422, bandwidth: 83, bitbucket_space: 450, jenkins_space: 125, artifactory_space: 1451, fortify_space: 85, teamcity_space: 220, bitbucket_bandwidth: 12.53, jenkins_bandwidth: 3.45, artifactory_bandwidth: 64.67
[2026-07-30 17:09:22] [INFO] [LOG_AGENT] [S3-BUCK] Performing multipart backup archiving snapshot sentinel_db_dump.sql (bandwidth: 84.5 MB/s)
[2026-07-30 17:09:32] [INFO] [INFRA_SIMULATOR] s3_storage | Status: Healthy | Metrics: latency: 15.77, space: 1422, bandwidth: 87, bitbucket_space: 450, jenkins_space: 125, artifactory_space: 1452, fortify_space: 85, teamcity_space: 220, bitbucket_bandwidth: 12.18, jenkins_bandwidth: 3.1, artifactory_bandwidth: 63.45
[2026-07-30 17:09:42] [INFO] [INFRA_SIMULATOR] s3_storage | Status: Healthy | Metrics: latency: 15.41, space: 1424, bandwidth: 81, bitbucket_space: 451, jenkins_space: 125, artifactory_space: 1451, fortify_space: 85, teamcity_space: 220, bitbucket_bandwidth: 12.16, jenkins_bandwidth: 3.31, artifactory_bandwidth: 63.43
[2026-07-30 17:09:42] [INFO] [LOG_AGENT] [S3-BUCK] Performing multipart backup archiving snapshot sentinel_db_dump.sql (bandwidth: 84.5 MB/s)
[2026-07-30 17:09:52] [INFO] [INFRA_SIMULATOR] s3_storage | Status: Healthy | Metrics: latency: 15.63, space: 1420, bandwidth: 82, bitbucket_space: 451, jenkins_space: 125, artifactory_space: 1451, fortify_space: 85, teamcity_space: 220, bitbucket_bandwidth: 12.77, jenkins_bandwidth: 3.01, artifactory_bandwidth: 66.73
[2026-07-30 17:10:02] [INFO] [INFRA_SIMULATOR] s3_storage | Status: Healthy | Metrics: latency: 15.82, space: 1421, bandwidth: 86, bitbucket_space: 450, jenkins_space: 125, artifactory_space: 1452, fortify_space: 85, teamcity_space: 220, bitbucket_bandwidth: 12.87, jenkins_bandwidth: 3.33, artifactory_bandwidth: 65.01
[2026-07-30 17:10:12] [INFO] [INFRA_SIMULATOR] s3_storage | Status: Healthy | Metrics: latency: 14.99, space: 1423, bandwidth: 84, bitbucket_space: 451, jenkins_space: 125, artifactory_space: 1452, fortify_space: 85, teamcity_space: 220, bitbucket_bandwidth: 12.09, jenkins_bandwidth: 3.16, artifactory_bandwidth: 66
[2026-07-30 17:10:22] [INFO] [INFRA_SIMULATOR] s3_storage | Status: Healthy | Metrics: latency: 15.84, space: 1423, bandwidth: 88, bitbucket_space: 450, jenkins_space: 125, artifactory_space: 1451, fortify_space: 85, teamcity_space: 220, bitbucket_bandwidth: 12.75, jenkins_bandwidth: 3.42, artifactory_bandwidth: 63.85
[2026-07-30 17:10:32] [INFO] [INFRA_SIMULATOR] s3_storage | Status: Healthy | Metrics: latency: 15.63, space: 1420, bandwidth: 82, bitbucket_space: 451, jenkins_space: 125, artifactory_space: 1450, fortify_space: 85, teamcity_space: 220, bitbucket_bandwidth: 12.41, jenkins_bandwidth: 3.43, artifactory_bandwidth: 63.3
[2026-07-30 17:10:42] [INFO] [INFRA_SIMULATOR] s3_storage | Status: Healthy | Metrics: latency: 14.46, space: 1423, bandwidth: 82, bitbucket_space: 450, jenkins_space: 125, artifactory_space: 1450, fortify_space: 85, teamcity_space: 220, bitbucket_bandwidth: 12.15, jenkins_bandwidth: 3.29, artifactory_bandwidth: 64.25
[2026-07-30 17:10:52] [INFO] [INFRA_SIMULATOR] s3_storage | Status: Healthy | Metrics: latency: 16.11, space: 1423, bandwidth: 86, bitbucket_space: 451, jenkins_space: 125, artifactory_space: 1452, fortify_space: 85, teamcity_space: 220, bitbucket_bandwidth: 12.78, jenkins_bandwidth: 3.09, artifactory_bandwidth: 65.31
[2026-07-30 17:11:02] [INFO] [INFRA_SIMULATOR] s3_storage | Status: Healthy | Metrics: latency: 14.8, space: 1421, bandwidth: 83, bitbucket_space: 451, jenkins_space: 125, artifactory_space: 1452, fortify_space: 85, teamcity_space: 220, bitbucket_bandwidth: 12.06, jenkins_bandwidth: 3.06, artifactory_bandwidth: 66.53
[2026-07-30 17:11:12] [INFO] [INFRA_SIMULATOR] s3_storage | Status: Healthy | Metrics: latency: 15.93, space: 1424, bandwidth: 83, bitbucket_space: 450, jenkins_space: 125, artifactory_space: 1452, fortify_space: 85, teamcity_space: 220, bitbucket_bandwidth: 12.95, jenkins_bandwidth: 3.05, artifactory_bandwidth: 63.93
[2026-07-30 17:11:12] [INFO] [LOG_AGENT] [S3-BUCK] Performing multipart backup archiving snapshot sentinel_db_dump.sql (bandwidth: 84.5 MB/s)
[2026-07-30 17:11:22] [INFO] [INFRA_SIMULATOR] s3_storage | Status: Healthy | Metrics: latency: 15.12, space: 1421, bandwidth: 88, bitbucket_space: 451, jenkins_space: 125, artifactory_space: 1451, fortify_space: 85, teamcity_space: 220, bitbucket_bandwidth: 12.39, jenkins_bandwidth: 3.44, artifactory_bandwidth: 65.17
[2026-07-30 17:11:32] [INFO] [INFRA_SIMULATOR] s3_storage | Status: Healthy | Metrics: latency: 16.26, space: 1421, bandwidth: 82, bitbucket_space: 451, jenkins_space: 125, artifactory_space: 1452, fortify_space: 85, teamcity_space: 220, bitbucket_bandwidth: 12.84, jenkins_bandwidth: 3.32, artifactory_bandwidth: 64.95
[2026-07-30 17:11:42] [INFO] [INFRA_SIMULATOR] s3_storage | Status: Healthy | Metrics: latency: 15.84, space: 1424, bandwidth: 82, bitbucket_space: 450, jenkins_space: 125, artifactory_space: 1450, fortify_space: 85, teamcity_space: 220, bitbucket_bandwidth: 12.41, jenkins_bandwidth: 2.96, artifactory_bandwidth: 65.48
[2026-07-30 17:11:52] [INFO] [INFRA_SIMULATOR] s3_storage | Status: Healthy | Metrics: latency: 15.29, space: 1423, bandwidth: 88, bitbucket_space: 451, jenkins_space: 125, artifactory_space: 1452, fortify_space: 85, teamcity_space: 220, bitbucket_bandwidth: 12.98, jenkins_bandwidth: 3.2, artifactory_bandwidth: 64.21
[2026-07-30 17:12:02] [INFO] [INFRA_SIMULATOR] s3_storage | Status: Healthy | Metrics: latency: 14.78, space: 1424, bandwidth: 84, bitbucket_space: 451, jenkins_space: 125, artifactory_space: 1450, fortify_space: 85, teamcity_space: 220, bitbucket_bandwidth: 12.36, jenkins_bandwidth: 3.02, artifactory_bandwidth: 63.06
[2026-07-30 17:12:02] [INFO] [LOG_AGENT] [S3-BUCK] Performing multipart backup archiving snapshot sentinel_db_dump.sql (bandwidth: 84.5 MB/s)
[2026-07-30 17:12:12] [INFO] [INFRA_SIMULATOR] s3_storage | Status: Healthy | Metrics: latency: 14.94, space: 1422, bandwidth: 83, bitbucket_space: 450, jenkins_space: 125, artifactory_space: 1452, fortify_space: 85, teamcity_space: 220, bitbucket_bandwidth: 12.51, jenkins_bandwidth: 3.06, artifactory_bandwidth: 63.55
[2026-07-30 17:12:22] [INFO] [INFRA_SIMULATOR] s3_storage | Status: Healthy | Metrics: latency: 16.12, space: 1423, bandwidth: 85, bitbucket_space: 451, jenkins_space: 125, artifactory_space: 1450, fortify_space: 85, teamcity_space: 220, bitbucket_bandwidth: 12.19, jenkins_bandwidth: 3.23, artifactory_bandwidth: 66.14
[2026-07-30 17:12:32] [INFO] [INFRA_SIMULATOR] s3_storage | Status: Healthy | Metrics: latency: 14.44, space: 1420, bandwidth: 83, bitbucket_space: 450, jenkins_space: 125, artifactory_space: 1452, fortify_space: 85, teamcity_space: 220, bitbucket_bandwidth: 12.8, jenkins_bandwidth: 3, artifactory_bandwidth: 64.59
[2026-07-30 17:12:42] [INFO] [INFRA_SIMULATOR] s3_storage | Status: Healthy | Metrics: latency: 15.56, space: 1424, bandwidth: 88, bitbucket_space: 451, jenkins_space: 125, artifactory_space: 1451, fortify_space: 85, teamcity_space: 220, bitbucket_bandwidth: 12.49, jenkins_bandwidth: 3.07, artifactory_bandwidth: 65.64
[2026-07-30 17:12:52] [INFO] [INFRA_SIMULATOR] s3_storage | Status: Healthy | Metrics: latency: 15.21, space: 1422, bandwidth: 86, bitbucket_space: 451, jenkins_space: 125, artifactory_space: 1452, fortify_space: 85, teamcity_space: 220, bitbucket_bandwidth: 12.32, jenkins_bandwidth: 3.41, artifactory_bandwidth: 63.69
[2026-07-30 17:13:02] [INFO] [INFRA_SIMULATOR] s3_storage | Status: Healthy | Metrics: latency: 15.31, space: 1420, bandwidth: 82, bitbucket_space: 450, jenkins_space: 125, artifactory_space: 1452, fortify_space: 85, teamcity_space: 220, bitbucket_bandwidth: 12.15, jenkins_bandwidth: 3.02, artifactory_bandwidth: 65.79
[2026-07-30 17:13:12] [INFO] [INFRA_SIMULATOR] s3_storage | Status: Healthy | Metrics: latency: 15.09, space: 1423, bandwidth: 84, bitbucket_space: 451, jenkins_space: 125, artifactory_space: 1451, fortify_space: 85, teamcity_space: 220, bitbucket_bandwidth: 12.49, jenkins_bandwidth: 3.44, artifactory_bandwidth: 64.92
[2026-07-30 17:13:22] [INFO] [INFRA_SIMULATOR] s3_storage | Status: Healthy | Metrics: latency: 15.93, space: 1422, bandwidth: 84, bitbucket_space: 451, jenkins_space: 125, artifactory_space: 1452, fortify_space: 85, teamcity_space: 220, bitbucket_bandwidth: 12.06, jenkins_bandwidth: 3.09, artifactory_bandwidth: 64.29
[2026-07-30 17:13:32] [INFO] [INFRA_SIMULATOR] s3_storage | Status: Healthy | Metrics: latency: 14.73, space: 1420, bandwidth: 84, bitbucket_space: 451, jenkins_space: 125, artifactory_space: 1452, fortify_space: 85, teamcity_space: 220, bitbucket_bandwidth: 12.05, jenkins_bandwidth: 3.34, artifactory_bandwidth: 65.01
[2026-07-30 17:13:42] [INFO] [INFRA_SIMULATOR] s3_storage | Status: Healthy | Metrics: latency: 16.35, space: 1421, bandwidth: 81, bitbucket_space: 451, jenkins_space: 125, artifactory_space: 1450, fortify_space: 85, teamcity_space: 220, bitbucket_bandwidth: 12.95, jenkins_bandwidth: 3.4, artifactory_bandwidth: 64.79
[2026-07-30 17:13:52] [INFO] [INFRA_SIMULATOR] s3_storage | Status: Healthy | Metrics: latency: 14.66, space: 1422, bandwidth: 86, bitbucket_space: 450, jenkins_space: 125, artifactory_space: 1451, fortify_space: 85, teamcity_space: 220, bitbucket_bandwidth: 12.44, jenkins_bandwidth: 3.45, artifactory_bandwidth: 64.82
[2026-07-30 17:14:02] [INFO] [INFRA_SIMULATOR] s3_storage | Status: Healthy | Metrics: latency: 15.99, space: 1422, bandwidth: 86, bitbucket_space: 450, jenkins_space: 125, artifactory_space: 1451, fortify_space: 85, teamcity_space: 220, bitbucket_bandwidth: 12.45, jenkins_bandwidth: 3.09, artifactory_bandwidth: 64.68
[2026-07-30 17:14:12] [INFO] [INFRA_SIMULATOR] s3_storage | Status: Healthy | Metrics: latency: 16.37, space: 1423, bandwidth: 85, bitbucket_space: 450, jenkins_space: 125, artifactory_space: 1451, fortify_space: 85, teamcity_space: 220, bitbucket_bandwidth: 12.9, jenkins_bandwidth: 2.97, artifactory_bandwidth: 62.92
[2026-07-30 17:14:22] [INFO] [INFRA_SIMULATOR] s3_storage | Status: Healthy | Metrics: latency: 16.19, space: 1423, bandwidth: 87, bitbucket_space: 451, jenkins_space: 125, artifactory_space: 1450, fortify_space: 85, teamcity_space: 220, bitbucket_bandwidth: 12.71, jenkins_bandwidth: 3.43, artifactory_bandwidth: 65.5
[2026-07-30 17:14:22] [INFO] [LOG_AGENT] [S3-BUCK] Performing multipart backup archiving snapshot sentinel_db_dump.sql (bandwidth: 84.5 MB/s)
[2026-07-30 17:14:32] [INFO] [INFRA_SIMULATOR] s3_storage | Status: Healthy | Metrics: latency: 14.96, space: 1424, bandwidth: 85, bitbucket_space: 451, jenkins_space: 125, artifactory_space: 1452, fortify_space: 85, teamcity_space: 220, bitbucket_bandwidth: 12.27, jenkins_bandwidth: 3.11, artifactory_bandwidth: 64.84
[2026-07-30 17:14:42] [INFO] [INFRA_SIMULATOR] s3_storage | Status: Healthy | Metrics: latency: 15.01, space: 1420, bandwidth: 88, bitbucket_space: 450, jenkins_space: 125, artifactory_space: 1451, fortify_space: 85, teamcity_space: 220, bitbucket_bandwidth: 12.67, jenkins_bandwidth: 3.28, artifactory_bandwidth: 63.76
[2026-07-30 17:14:52] [INFO] [INFRA_SIMULATOR] s3_storage | Status: Healthy | Metrics: latency: 14.61, space: 1420, bandwidth: 86, bitbucket_space: 451, jenkins_space: 125, artifactory_space: 1450, fortify_space: 85, teamcity_space: 220, bitbucket_bandwidth: 12.48, jenkins_bandwidth: 3.09, artifactory_bandwidth: 65.23
[2026-07-30 17:14:52] [INFO] [LOG_AGENT] [S3-BUCK] Performing multipart backup archiving snapshot sentinel_db_dump.sql (bandwidth: 84.5 MB/s)
[2026-07-30 17:15:02] [INFO] [INFRA_SIMULATOR] s3_storage | Status: Healthy | Metrics: latency: 14.51, space: 1424, bandwidth: 87, bitbucket_space: 451, jenkins_space: 125, artifactory_space: 1450, fortify_space: 85, teamcity_space: 220, bitbucket_bandwidth: 12.04, jenkins_bandwidth: 3.23, artifactory_bandwidth: 65.81
[2026-07-30 17:15:02] [INFO] [LOG_AGENT] [S3-BUCK] Performing multipart backup archiving snapshot sentinel_db_dump.sql (bandwidth: 84.5 MB/s)
[2026-07-30 17:15:02] [INFO] [LOG_AGENT] [S3-BUCK] Performing multipart backup archiving snapshot sentinel_db_dump.sql (bandwidth: 84.5 MB/s)
[2026-07-30 17:15:12] [INFO] [INFRA_SIMULATOR] s3_storage | Status: Healthy | Metrics: latency: 16.14, space: 1423, bandwidth: 86, bitbucket_space: 451, jenkins_space: 125, artifactory_space: 1451, fortify_space: 85, teamcity_space: 220, bitbucket_bandwidth: 12.1, jenkins_bandwidth: 3.42, artifactory_bandwidth: 63.62
[2026-07-30 17:15:22] [INFO] [INFRA_SIMULATOR] s3_storage | Status: Healthy | Metrics: latency: 15.94, space: 1420, bandwidth: 85, bitbucket_space: 450, jenkins_space: 125, artifactory_space: 1450, fortify_space: 85, teamcity_space: 220, bitbucket_bandwidth: 12.81, jenkins_bandwidth: 3.4, artifactory_bandwidth: 63.56
[2026-07-30 17:15:32] [INFO] [INFRA_SIMULATOR] s3_storage | Status: Healthy | Metrics: latency: 14.94, space: 1423, bandwidth: 87, bitbucket_space: 451, jenkins_space: 125, artifactory_space: 1451, fortify_space: 85, teamcity_space: 220, bitbucket_bandwidth: 12.68, jenkins_bandwidth: 3.42, artifactory_bandwidth: 66.68
[2026-07-30 17:15:42] [INFO] [INFRA_SIMULATOR] s3_storage | Status: Healthy | Metrics: latency: 14.75, space: 1423, bandwidth: 87, bitbucket_space: 450, jenkins_space: 125, artifactory_space: 1451, fortify_space: 85, teamcity_space: 220, bitbucket_bandwidth: 12.92, jenkins_bandwidth: 3.03, artifactory_bandwidth: 66.23
[2026-07-30 17:15:52] [INFO] [INFRA_SIMULATOR] s3_storage | Status: Healthy | Metrics: latency: 15.87, space: 1422, bandwidth: 83, bitbucket_space: 450, jenkins_space: 125, artifactory_space: 1451, fortify_space: 85, teamcity_space: 220, bitbucket_bandwidth: 12.1, jenkins_bandwidth: 2.97, artifactory_bandwidth: 64.93
[2026-07-30 17:16:02] [INFO] [INFRA_SIMULATOR] s3_storage | Status: Healthy | Metrics: latency: 15.62, space: 1424, bandwidth: 88, bitbucket_space: 451, jenkins_space: 125, artifactory_space: 1451, fortify_space: 85, teamcity_space: 220, bitbucket_bandwidth: 12.2, jenkins_bandwidth: 3.08, artifactory_bandwidth: 65.76
[2026-07-30 17:16:12] [INFO] [INFRA_SIMULATOR] s3_storage | Status: Healthy | Metrics: latency: 15.88, space: 1421, bandwidth: 85, bitbucket_space: 450, jenkins_space: 125, artifactory_space: 1451, fortify_space: 85, teamcity_space: 220, bitbucket_bandwidth: 12.77, jenkins_bandwidth: 3.22, artifactory_bandwidth: 65.1
[2026-07-30 17:16:22] [INFO] [INFRA_SIMULATOR] s3_storage | Status: Healthy | Metrics: latency: 15.77, space: 1422, bandwidth: 86, bitbucket_space: 450, jenkins_space: 125, artifactory_space: 1452, fortify_space: 85, teamcity_space: 220, bitbucket_bandwidth: 12.85, jenkins_bandwidth: 3.27, artifactory_bandwidth: 64.23
[2026-07-30 17:16:22] [INFO] [LOG_AGENT] [S3-BUCK] Performing multipart backup archiving snapshot sentinel_db_dump.sql (bandwidth: 84.5 MB/s)
[2026-07-30 17:16:32] [INFO] [INFRA_SIMULATOR] s3_storage | Status: Healthy | Metrics: latency: 15.95, space: 1421, bandwidth: 88, bitbucket_space: 450, jenkins_space: 125, artifactory_space: 1452, fortify_space: 85, teamcity_space: 220, bitbucket_bandwidth: 12.1, jenkins_bandwidth: 3.38, artifactory_bandwidth: 66.34
[2026-07-30 17:16:42] [INFO] [INFRA_SIMULATOR] s3_storage | Status: Healthy | Metrics: latency: 15.88, space: 1421, bandwidth: 87, bitbucket_space: 450, jenkins_space: 125, artifactory_space: 1450, fortify_space: 85, teamcity_space: 220, bitbucket_bandwidth: 12.18, jenkins_bandwidth: 2.96, artifactory_bandwidth: 63.83
[2026-07-30 17:16:52] [INFO] [INFRA_SIMULATOR] s3_storage | Status: Healthy | Metrics: latency: 15.09, space: 1421, bandwidth: 81, bitbucket_space: 450, jenkins_space: 125, artifactory_space: 1450, fortify_space: 85, teamcity_space: 220, bitbucket_bandwidth: 12.14, jenkins_bandwidth: 3.1, artifactory_bandwidth: 66.29
[2026-07-30 17:17:02] [INFO] [INFRA_SIMULATOR] s3_storage | Status: Healthy | Metrics: latency: 16.25, space: 1423, bandwidth: 82, bitbucket_space: 451, jenkins_space: 125, artifactory_space: 1451, fortify_space: 85, teamcity_space: 220, bitbucket_bandwidth: 12.21, jenkins_bandwidth: 3.2, artifactory_bandwidth: 64.51
[2026-07-30 17:17:02] [INFO] [LOG_AGENT] [S3-BUCK] Performing multipart backup archiving snapshot sentinel_db_dump.sql (bandwidth: 84.5 MB/s)
[2026-07-30 17:17:12] [INFO] [INFRA_SIMULATOR] s3_storage | Status: Healthy | Metrics: latency: 16.01, space: 1424, bandwidth: 85, bitbucket_space: 450, jenkins_space: 125, artifactory_space: 1452, fortify_space: 85, teamcity_space: 220, bitbucket_bandwidth: 12.25, jenkins_bandwidth: 3.01, artifactory_bandwidth: 65.19
[2026-07-30 17:17:12] [INFO] [LOG_AGENT] [S3-BUCK] Performing multipart backup archiving snapshot sentinel_db_dump.sql (bandwidth: 84.5 MB/s)
[2026-07-30 17:17:22] [INFO] [INFRA_SIMULATOR] s3_storage | Status: Healthy | Metrics: latency: 15.39, space: 1421, bandwidth: 81, bitbucket_space: 450, jenkins_space: 125, artifactory_space: 1452, fortify_space: 85, teamcity_space: 220, bitbucket_bandwidth: 12.17, jenkins_bandwidth: 3.25, artifactory_bandwidth: 65.62
[2026-07-30 17:17:32] [INFO] [INFRA_SIMULATOR] s3_storage | Status: Healthy | Metrics: latency: 15.11, space: 1421, bandwidth: 85, bitbucket_space: 451, jenkins_space: 125, artifactory_space: 1450, fortify_space: 85, teamcity_space: 220, bitbucket_bandwidth: 12.98, jenkins_bandwidth: 3.1, artifactory_bandwidth: 63.25
[2026-07-30 17:17:42] [INFO] [INFRA_SIMULATOR] s3_storage | Status: Healthy | Metrics: latency: 14.41, space: 1421, bandwidth: 88, bitbucket_space: 450, jenkins_space: 125, artifactory_space: 1450, fortify_space: 85, teamcity_space: 220, bitbucket_bandwidth: 12.09, jenkins_bandwidth: 3.02, artifactory_bandwidth: 64.83
[2026-07-30 17:17:52] [INFO] [INFRA_SIMULATOR] s3_storage | Status: Healthy | Metrics: latency: 14.59, space: 1424, bandwidth: 85, bitbucket_space: 450, jenkins_space: 125, artifactory_space: 1452, fortify_space: 85, teamcity_space: 220, bitbucket_bandwidth: 12.53, jenkins_bandwidth: 3.03, artifactory_bandwidth: 66.24
[2026-07-30 17:18:02] [INFO] [INFRA_SIMULATOR] s3_storage | Status: Healthy | Metrics: latency: 15.35, space: 1423, bandwidth: 84, bitbucket_space: 451, jenkins_space: 125, artifactory_space: 1452, fortify_space: 85, teamcity_space: 220, bitbucket_bandwidth: 12, jenkins_bandwidth: 2.99, artifactory_bandwidth: 66.76
[2026-07-30 17:18:12] [INFO] [INFRA_SIMULATOR] s3_storage | Status: Healthy | Metrics: latency: 14.59, space: 1422, bandwidth: 88, bitbucket_space: 451, jenkins_space: 125, artifactory_space: 1451, fortify_space: 85, teamcity_space: 220, bitbucket_bandwidth: 12.81, jenkins_bandwidth: 3.24, artifactory_bandwidth: 64.14
[2026-07-30 17:18:12] [INFO] [LOG_AGENT] [S3-BUCK] Performing multipart backup archiving snapshot sentinel_db_dump.sql (bandwidth: 84.5 MB/s)
[2026-07-30 17:18:22] [INFO] [INFRA_SIMULATOR] s3_storage | Status: Healthy | Metrics: latency: 15.35, space: 1421, bandwidth: 84, bitbucket_space: 450, jenkins_space: 125, artifactory_space: 1451, fortify_space: 85, teamcity_space: 220, bitbucket_bandwidth: 12.86, jenkins_bandwidth: 3.2, artifactory_bandwidth: 62.97
[2026-07-30 17:18:22] [INFO] [LOG_AGENT] [S3-BUCK] Performing multipart backup archiving snapshot sentinel_db_dump.sql (bandwidth: 84.5 MB/s)
[2026-07-30 17:18:32] [INFO] [INFRA_SIMULATOR] s3_storage | Status: Healthy | Metrics: latency: 14.82, space: 1422, bandwidth: 83, bitbucket_space: 451, jenkins_space: 125, artifactory_space: 1450, fortify_space: 85, teamcity_space: 220, bitbucket_bandwidth: 12.09, jenkins_bandwidth: 3.19, artifactory_bandwidth: 64.15
[2026-07-30 17:18:32] [INFO] [LOG_AGENT] [S3-BUCK] Performing multipart backup archiving snapshot sentinel_db_dump.sql (bandwidth: 84.5 MB/s)
[2026-07-30 17:18:42] [INFO] [INFRA_SIMULATOR] s3_storage | Status: Healthy | Metrics: latency: 15.43, space: 1421, bandwidth: 86, bitbucket_space: 451, jenkins_space: 125, artifactory_space: 1450, fortify_space: 85, teamcity_space: 220, bitbucket_bandwidth: 12.51, jenkins_bandwidth: 2.98, artifactory_bandwidth: 64.39
[2026-07-30 17:18:52] [INFO] [INFRA_SIMULATOR] s3_storage | Status: Healthy | Metrics: latency: 15.38, space: 1424, bandwidth: 81, bitbucket_space: 450, jenkins_space: 125, artifactory_space: 1452, fortify_space: 85, teamcity_space: 220, bitbucket_bandwidth: 12.32, jenkins_bandwidth: 2.96, artifactory_bandwidth: 63.17
[2026-07-30 17:19:02] [INFO] [INFRA_SIMULATOR] s3_storage | Status: Healthy | Metrics: latency: 16.18, space: 1421, bandwidth: 87, bitbucket_space: 450, jenkins_space: 125, artifactory_space: 1452, fortify_space: 85, teamcity_space: 220, bitbucket_bandwidth: 12.65, jenkins_bandwidth: 3.29, artifactory_bandwidth: 63.47
[2026-07-30 17:19:02] [INFO] [LOG_AGENT] [S3-BUCK] Performing multipart backup archiving snapshot sentinel_db_dump.sql (bandwidth: 84.5 MB/s)
[2026-07-30 17:19:12] [INFO] [INFRA_SIMULATOR] s3_storage | Status: Healthy | Metrics: latency: 16.11, space: 1420, bandwidth: 86, bitbucket_space: 451, jenkins_space: 125, artifactory_space: 1452, fortify_space: 85, teamcity_space: 220, bitbucket_bandwidth: 12.87, jenkins_bandwidth: 3.01, artifactory_bandwidth: 63.15
[2026-07-30 17:19:22] [INFO] [INFRA_SIMULATOR] s3_storage | Status: Healthy | Metrics: latency: 14.69, space: 1420, bandwidth: 85, bitbucket_space: 450, jenkins_space: 125, artifactory_space: 1452, fortify_space: 85, teamcity_space: 220, bitbucket_bandwidth: 12.57, jenkins_bandwidth: 3.14, artifactory_bandwidth: 66.21
[2026-07-30 17:19:32] [INFO] [INFRA_SIMULATOR] s3_storage | Status: Healthy | Metrics: latency: 15.49, space: 1422, bandwidth: 81, bitbucket_space: 450, jenkins_space: 125, artifactory_space: 1451, fortify_space: 85, teamcity_space: 220, bitbucket_bandwidth: 12.16, jenkins_bandwidth: 3.03, artifactory_bandwidth: 66.32
[2026-07-30 17:19:42] [INFO] [INFRA_SIMULATOR] s3_storage | Status: Healthy | Metrics: latency: 15.73, space: 1420, bandwidth: 85, bitbucket_space: 451, jenkins_space: 125, artifactory_space: 1452, fortify_space: 85, teamcity_space: 220, bitbucket_bandwidth: 12.01, jenkins_bandwidth: 3.11, artifactory_bandwidth: 62.8
[2026-07-30 17:19:52] [INFO] [INFRA_SIMULATOR] s3_storage | Status: Healthy | Metrics: latency: 15.1, space: 1424, bandwidth: 86, bitbucket_space: 450, jenkins_space: 125, artifactory_space: 1451, fortify_space: 85, teamcity_space: 220, bitbucket_bandwidth: 12.19, jenkins_bandwidth: 3.13, artifactory_bandwidth: 66.03
[2026-07-30 17:20:02] [INFO] [INFRA_SIMULATOR] s3_storage | Status: Healthy | Metrics: latency: 15.56, space: 1421, bandwidth: 84, bitbucket_space: 450, jenkins_space: 125, artifactory_space: 1451, fortify_space: 85, teamcity_space: 220, bitbucket_bandwidth: 12.66, jenkins_bandwidth: 3.06, artifactory_bandwidth: 65.92
[2026-07-30 17:20:12] [INFO] [INFRA_SIMULATOR] s3_storage | Status: Healthy | Metrics: latency: 14.66, space: 1422, bandwidth: 87, bitbucket_space: 450, jenkins_space: 125, artifactory_space: 1451, fortify_space: 85, teamcity_space: 220, bitbucket_bandwidth: 12.25, jenkins_bandwidth: 3.36, artifactory_bandwidth: 62.94
[2026-07-30 17:20:22] [INFO] [INFRA_SIMULATOR] s3_storage | Status: Healthy | Metrics: latency: 15.44, space: 1422, bandwidth: 82, bitbucket_space: 450, jenkins_space: 125, artifactory_space: 1451, fortify_space: 85, teamcity_space: 220, bitbucket_bandwidth: 12.82, jenkins_bandwidth: 3.44, artifactory_bandwidth: 66.32
[2026-07-30 17:20:33] [INFO] [INFRA_SIMULATOR] s3_storage | Status: Healthy | Metrics: latency: 15.08, space: 1421, bandwidth: 81, bitbucket_space: 451, jenkins_space: 125, artifactory_space: 1452, fortify_space: 85, teamcity_space: 220, bitbucket_bandwidth: 12.5, jenkins_bandwidth: 3.41, artifactory_bandwidth: 65.66
[2026-07-30 17:20:33] [INFO] [LOG_AGENT] [S3-BUCK] Performing multipart backup archiving snapshot sentinel_db_dump.sql (bandwidth: 84.5 MB/s)
[2026-07-30 17:20:42] [INFO] [INFRA_SIMULATOR] s3_storage | Status: Healthy | Metrics: latency: 16.27, space: 1422, bandwidth: 83, bitbucket_space: 450, jenkins_space: 125, artifactory_space: 1452, fortify_space: 85, teamcity_space: 220, bitbucket_bandwidth: 12.79, jenkins_bandwidth: 3.21, artifactory_bandwidth: 65.67
[2026-07-30 17:20:52] [INFO] [INFRA_SIMULATOR] s3_storage | Status: Healthy | Metrics: latency: 15.44, space: 1421, bandwidth: 84, bitbucket_space: 450, jenkins_space: 125, artifactory_space: 1451, fortify_space: 85, teamcity_space: 220, bitbucket_bandwidth: 12.56, jenkins_bandwidth: 2.98, artifactory_bandwidth: 63.9
[2026-07-30 17:21:02] [INFO] [INFRA_SIMULATOR] s3_storage | Status: Healthy | Metrics: latency: 14.66, space: 1420, bandwidth: 85, bitbucket_space: 451, jenkins_space: 125, artifactory_space: 1452, fortify_space: 85, teamcity_space: 220, bitbucket_bandwidth: 12.38, jenkins_bandwidth: 3.28, artifactory_bandwidth: 66.52
[2026-07-30 17:21:13] [INFO] [INFRA_SIMULATOR] s3_storage | Status: Healthy | Metrics: latency: 15.63, space: 1424, bandwidth: 82, bitbucket_space: 451, jenkins_space: 125, artifactory_space: 1451, fortify_space: 85, teamcity_space: 220, bitbucket_bandwidth: 12.44, jenkins_bandwidth: 3.01, artifactory_bandwidth: 63.82
[2026-07-30 17:21:13] [INFO] [LOG_AGENT] [S3-BUCK] Performing multipart backup archiving snapshot sentinel_db_dump.sql (bandwidth: 84.5 MB/s)
[2026-07-30 17:21:23] [INFO] [INFRA_SIMULATOR] s3_storage | Status: Healthy | Metrics: latency: 16.27, space: 1421, bandwidth: 88, bitbucket_space: 450, jenkins_space: 125, artifactory_space: 1452, fortify_space: 85, teamcity_space: 220, bitbucket_bandwidth: 12.19, jenkins_bandwidth: 3.23, artifactory_bandwidth: 66.52
[2026-07-30 17:21:33] [INFO] [INFRA_SIMULATOR] s3_storage | Status: Healthy | Metrics: latency: 14.44, space: 1424, bandwidth: 86, bitbucket_space: 450, jenkins_space: 125, artifactory_space: 1451, fortify_space: 85, teamcity_space: 220, bitbucket_bandwidth: 12.49, jenkins_bandwidth: 3.02, artifactory_bandwidth: 64.57
[2026-07-30 17:21:43] [INFO] [INFRA_SIMULATOR] s3_storage | Status: Healthy | Metrics: latency: 15.12, space: 1423, bandwidth: 85, bitbucket_space: 450, jenkins_space: 125, artifactory_space: 1450, fortify_space: 85, teamcity_space: 220, bitbucket_bandwidth: 12.27, jenkins_bandwidth: 3.32, artifactory_bandwidth: 64.73
[2026-07-30 17:21:53] [INFO] [INFRA_SIMULATOR] s3_storage | Status: Healthy | Metrics: latency: 14.61, space: 1422, bandwidth: 82, bitbucket_space: 450, jenkins_space: 125, artifactory_space: 1451, fortify_space: 85, teamcity_space: 220, bitbucket_bandwidth: 12.23, jenkins_bandwidth: 3.1, artifactory_bandwidth: 63.85
[2026-07-30 17:21:53] [INFO] [LOG_AGENT] [S3-BUCK] Performing multipart backup archiving snapshot sentinel_db_dump.sql (bandwidth: 84.5 MB/s)
[2026-07-30 17:22:03] [INFO] [INFRA_SIMULATOR] s3_storage | Status: Healthy | Metrics: latency: 15.49, space: 1421, bandwidth: 84, bitbucket_space: 450, jenkins_space: 125, artifactory_space: 1452, fortify_space: 85, teamcity_space: 220, bitbucket_bandwidth: 12.34, jenkins_bandwidth: 3.15, artifactory_bandwidth: 63.97
[2026-07-30 17:22:03] [INFO] [LOG_AGENT] [S3-BUCK] Performing multipart backup archiving snapshot sentinel_db_dump.sql (bandwidth: 84.5 MB/s)
[2026-07-30 17:22:13] [INFO] [INFRA_SIMULATOR] s3_storage | Status: Healthy | Metrics: latency: 15.91, space: 1420, bandwidth: 88, bitbucket_space: 450, jenkins_space: 125, artifactory_space: 1450, fortify_space: 85, teamcity_space: 220, bitbucket_bandwidth: 12.25, jenkins_bandwidth: 3.44, artifactory_bandwidth: 66.4
[2026-07-30 17:22:23] [INFO] [INFRA_SIMULATOR] s3_storage | Status: Healthy | Metrics: latency: 14.57, space: 1421, bandwidth: 85, bitbucket_space: 450, jenkins_space: 125, artifactory_space: 1451, fortify_space: 85, teamcity_space: 220, bitbucket_bandwidth: 12.28, jenkins_bandwidth: 3.22, artifactory_bandwidth: 63.9
[2026-07-30 17:22:33] [INFO] [INFRA_SIMULATOR] s3_storage | Status: Healthy | Metrics: latency: 15.56, space: 1424, bandwidth: 88, bitbucket_space: 450, jenkins_space: 125, artifactory_space: 1450, fortify_space: 85, teamcity_space: 220, bitbucket_bandwidth: 12.08, jenkins_bandwidth: 3.31, artifactory_bandwidth: 64.31
[2026-07-30 17:22:43] [INFO] [INFRA_SIMULATOR] s3_storage | Status: Healthy | Metrics: latency: 14.8, space: 1422, bandwidth: 81, bitbucket_space: 450, jenkins_space: 125, artifactory_space: 1450, fortify_space: 85, teamcity_space: 220, bitbucket_bandwidth: 12.99, jenkins_bandwidth: 3.44, artifactory_bandwidth: 65.93
[2026-07-30 17:22:53] [INFO] [INFRA_SIMULATOR] s3_storage | Status: Healthy | Metrics: latency: 15.18, space: 1421, bandwidth: 88, bitbucket_space: 451, jenkins_space: 125, artifactory_space: 1450, fortify_space: 85, teamcity_space: 220, bitbucket_bandwidth: 12.54, jenkins_bandwidth: 3.36, artifactory_bandwidth: 65.83
[2026-07-30 17:24:32] [INFO] [INFRA_SIMULATOR] s3_storage | Status: Healthy | Metrics: latency: 14.77, space: 1422, bandwidth: 87, bitbucket_space: 450, jenkins_space: 125, artifactory_space: 1452, fortify_space: 85, teamcity_space: 220, bitbucket_bandwidth: 12.77, jenkins_bandwidth: 3.15, artifactory_bandwidth: 64.31
[2026-07-30 17:24:43] [INFO] [INFRA_SIMULATOR] s3_storage | Status: Healthy | Metrics: latency: 15.32, space: 1420, bandwidth: 83, bitbucket_space: 450, jenkins_space: 125, artifactory_space: 1450, fortify_space: 85, teamcity_space: 220, bitbucket_bandwidth: 12.94, jenkins_bandwidth: 3.18, artifactory_bandwidth: 63.44
[2026-07-30 17:24:53] [INFO] [INFRA_SIMULATOR] s3_storage | Status: Healthy | Metrics: latency: 15.89, space: 1420, bandwidth: 88, bitbucket_space: 450, jenkins_space: 125, artifactory_space: 1451, fortify_space: 85, teamcity_space: 220, bitbucket_bandwidth: 12.54, jenkins_bandwidth: 3.12, artifactory_bandwidth: 66.15
[2026-07-30 17:24:54] [INFO] [LOG_AGENT] [S3-BUCK] Performing multipart backup archiving snapshot sentinel_db_dump.sql (bandwidth: 84.5 MB/s)
[2026-07-30 17:25:03] [INFO] [INFRA_SIMULATOR] s3_storage | Status: Healthy | Metrics: latency: 15.27, space: 1420, bandwidth: 82, bitbucket_space: 450, jenkins_space: 125, artifactory_space: 1450, fortify_space: 85, teamcity_space: 220, bitbucket_bandwidth: 12.45, jenkins_bandwidth: 3.43, artifactory_bandwidth: 63.02
[2026-07-30 17:25:13] [INFO] [INFRA_SIMULATOR] s3_storage | Status: Healthy | Metrics: latency: 14.82, space: 1424, bandwidth: 81, bitbucket_space: 450, jenkins_space: 125, artifactory_space: 1451, fortify_space: 85, teamcity_space: 220, bitbucket_bandwidth: 12.01, jenkins_bandwidth: 3.17, artifactory_bandwidth: 65.48
[2026-07-30 17:25:22] [INFO] [INFRA_SIMULATOR] s3_storage | Status: Healthy | Metrics: latency: 15.64, space: 1423, bandwidth: 86, bitbucket_space: 450, jenkins_space: 125, artifactory_space: 1451, fortify_space: 85, teamcity_space: 220, bitbucket_bandwidth: 12.82, jenkins_bandwidth: 3.31, artifactory_bandwidth: 64.57
[2026-07-30 17:25:32] [INFO] [INFRA_SIMULATOR] s3_storage | Status: Healthy | Metrics: latency: 14.96, space: 1423, bandwidth: 85, bitbucket_space: 450, jenkins_space: 125, artifactory_space: 1451, fortify_space: 85, teamcity_space: 220, bitbucket_bandwidth: 12.3, jenkins_bandwidth: 3.29, artifactory_bandwidth: 66.18
[2026-07-30 17:25:32] [INFO] [LOG_AGENT] [S3-BUCK] Performing multipart backup archiving snapshot sentinel_db_dump.sql (bandwidth: 84.5 MB/s)
[2026-07-30 17:25:42] [INFO] [INFRA_SIMULATOR] s3_storage | Status: Healthy | Metrics: latency: 15.19, space: 1423, bandwidth: 81, bitbucket_space: 451, jenkins_space: 125, artifactory_space: 1450, fortify_space: 85, teamcity_space: 220, bitbucket_bandwidth: 12.38, jenkins_bandwidth: 3.15, artifactory_bandwidth: 66.33
[2026-07-30 17:25:43] [INFO] [LOG_AGENT] [S3-BUCK] Performing multipart backup archiving snapshot sentinel_db_dump.sql (bandwidth: 84.5 MB/s)
[2026-07-30 17:25:52] [INFO] [INFRA_SIMULATOR] s3_storage | Status: Healthy | Metrics: latency: 15.33, space: 1422, bandwidth: 85, bitbucket_space: 451, jenkins_space: 125, artifactory_space: 1451, fortify_space: 85, teamcity_space: 220, bitbucket_bandwidth: 12.85, jenkins_bandwidth: 3.33, artifactory_bandwidth: 63
[2026-07-30 17:26:02] [INFO] [INFRA_SIMULATOR] s3_storage | Status: Healthy | Metrics: latency: 15.81, space: 1423, bandwidth: 85, bitbucket_space: 450, jenkins_space: 125, artifactory_space: 1451, fortify_space: 85, teamcity_space: 220, bitbucket_bandwidth: 12.33, jenkins_bandwidth: 3.01, artifactory_bandwidth: 63.97
[2026-07-30 17:26:02] [INFO] [LOG_AGENT] [S3-BUCK] Performing multipart backup archiving snapshot sentinel_db_dump.sql (bandwidth: 84.5 MB/s)
[2026-07-30 17:26:12] [INFO] [INFRA_SIMULATOR] s3_storage | Status: Healthy | Metrics: latency: 16.05, space: 1421, bandwidth: 88, bitbucket_space: 450, jenkins_space: 125, artifactory_space: 1452, fortify_space: 85, teamcity_space: 220, bitbucket_bandwidth: 12.62, jenkins_bandwidth: 3.13, artifactory_bandwidth: 63.11
[2026-07-30 17:26:22] [INFO] [INFRA_SIMULATOR] s3_storage | Status: Healthy | Metrics: latency: 15.37, space: 1420, bandwidth: 86, bitbucket_space: 450, jenkins_space: 125, artifactory_space: 1452, fortify_space: 85, teamcity_space: 220, bitbucket_bandwidth: 12.47, jenkins_bandwidth: 3.05, artifactory_bandwidth: 64.6
[2026-07-30 17:26:32] [INFO] [INFRA_SIMULATOR] s3_storage | Status: Healthy | Metrics: latency: 16.06, space: 1423, bandwidth: 81, bitbucket_space: 451, jenkins_space: 125, artifactory_space: 1452, fortify_space: 85, teamcity_space: 220, bitbucket_bandwidth: 12.18, jenkins_bandwidth: 3.06, artifactory_bandwidth: 65.41
[2026-07-30 17:26:32] [INFO] [LOG_AGENT] [S3-BUCK] Performing multipart backup archiving snapshot sentinel_db_dump.sql (bandwidth: 84.5 MB/s)
[2026-07-30 17:26:42] [INFO] [INFRA_SIMULATOR] s3_storage | Status: Healthy | Metrics: latency: 15.92, space: 1422, bandwidth: 85, bitbucket_space: 451, jenkins_space: 125, artifactory_space: 1452, fortify_space: 85, teamcity_space: 220, bitbucket_bandwidth: 12.01, jenkins_bandwidth: 3.24, artifactory_bandwidth: 64.37
[2026-07-30 17:26:52] [INFO] [INFRA_SIMULATOR] s3_storage | Status: Healthy | Metrics: latency: 15, space: 1422, bandwidth: 86, bitbucket_space: 451, jenkins_space: 125, artifactory_space: 1450, fortify_space: 85, teamcity_space: 220, bitbucket_bandwidth: 12, jenkins_bandwidth: 3.22, artifactory_bandwidth: 64.35
[2026-07-30 17:27:02] [INFO] [INFRA_SIMULATOR] s3_storage | Status: Healthy | Metrics: latency: 14.88, space: 1421, bandwidth: 84, bitbucket_space: 451, jenkins_space: 125, artifactory_space: 1452, fortify_space: 85, teamcity_space: 220, bitbucket_bandwidth: 12.1, jenkins_bandwidth: 3.3, artifactory_bandwidth: 64.01
[2026-07-30 17:27:12] [INFO] [INFRA_SIMULATOR] s3_storage | Status: Healthy | Metrics: latency: 16.18, space: 1423, bandwidth: 88, bitbucket_space: 450, jenkins_space: 125, artifactory_space: 1450, fortify_space: 85, teamcity_space: 220, bitbucket_bandwidth: 12.47, jenkins_bandwidth: 3.23, artifactory_bandwidth: 65.93
[2026-07-30 17:27:22] [INFO] [INFRA_SIMULATOR] s3_storage | Status: Healthy | Metrics: latency: 15.09, space: 1423, bandwidth: 88, bitbucket_space: 450, jenkins_space: 125, artifactory_space: 1451, fortify_space: 85, teamcity_space: 220, bitbucket_bandwidth: 12.55, jenkins_bandwidth: 3.38, artifactory_bandwidth: 63.02
[2026-07-30 17:27:33] [INFO] [INFRA_SIMULATOR] s3_storage | Status: Healthy | Metrics: latency: 15.32, space: 1420, bandwidth: 85, bitbucket_space: 450, jenkins_space: 125, artifactory_space: 1451, fortify_space: 85, teamcity_space: 220, bitbucket_bandwidth: 12.75, jenkins_bandwidth: 3.4, artifactory_bandwidth: 62.91
[2026-07-30 17:27:33] [INFO] [LOG_AGENT] [S3-BUCK] Performing multipart backup archiving snapshot sentinel_db_dump.sql (bandwidth: 84.5 MB/s)
[2026-07-30 17:27:43] [INFO] [INFRA_SIMULATOR] s3_storage | Status: Healthy | Metrics: latency: 15.56, space: 1420, bandwidth: 84, bitbucket_space: 450, jenkins_space: 125, artifactory_space: 1451, fortify_space: 85, teamcity_space: 220, bitbucket_bandwidth: 12.57, jenkins_bandwidth: 3.11, artifactory_bandwidth: 63.86
[2026-07-30 17:27:43] [INFO] [LOG_AGENT] [S3-BUCK] Performing multipart backup archiving snapshot sentinel_db_dump.sql (bandwidth: 84.5 MB/s)
[2026-07-30 17:27:52] [INFO] [INFRA_SIMULATOR] s3_storage | Status: Healthy | Metrics: latency: 15.26, space: 1423, bandwidth: 81, bitbucket_space: 450, jenkins_space: 125, artifactory_space: 1452, fortify_space: 85, teamcity_space: 220, bitbucket_bandwidth: 12.9, jenkins_bandwidth: 3.28, artifactory_bandwidth: 65.02
[2026-07-30 17:28:03] [INFO] [INFRA_SIMULATOR] s3_storage | Status: Healthy | Metrics: latency: 14.85, space: 1423, bandwidth: 82, bitbucket_space: 450, jenkins_space: 125, artifactory_space: 1451, fortify_space: 85, teamcity_space: 220, bitbucket_bandwidth: 12.44, jenkins_bandwidth: 3.07, artifactory_bandwidth: 63.61
[2026-07-30 17:28:13] [INFO] [INFRA_SIMULATOR] s3_storage | Status: Healthy | Metrics: latency: 14.99, space: 1421, bandwidth: 82, bitbucket_space: 451, jenkins_space: 125, artifactory_space: 1452, fortify_space: 85, teamcity_space: 220, bitbucket_bandwidth: 12.85, jenkins_bandwidth: 3.39, artifactory_bandwidth: 64.99
[2026-07-30 17:28:23] [INFO] [INFRA_SIMULATOR] s3_storage | Status: Healthy | Metrics: latency: 15.56, space: 1420, bandwidth: 81, bitbucket_space: 450, jenkins_space: 125, artifactory_space: 1452, fortify_space: 85, teamcity_space: 220, bitbucket_bandwidth: 12.36, jenkins_bandwidth: 3.14, artifactory_bandwidth: 62.95
[2026-07-30 17:28:33] [INFO] [INFRA_SIMULATOR] s3_storage | Status: Healthy | Metrics: latency: 14.88, space: 1421, bandwidth: 82, bitbucket_space: 451, jenkins_space: 125, artifactory_space: 1452, fortify_space: 85, teamcity_space: 220, bitbucket_bandwidth: 12.42, jenkins_bandwidth: 3.34, artifactory_bandwidth: 64.88
[2026-07-30 17:28:43] [INFO] [INFRA_SIMULATOR] s3_storage | Status: Healthy | Metrics: latency: 15.53, space: 1420, bandwidth: 83, bitbucket_space: 450, jenkins_space: 125, artifactory_space: 1451, fortify_space: 85, teamcity_space: 220, bitbucket_bandwidth: 12.91, jenkins_bandwidth: 3.31, artifactory_bandwidth: 62.85
[2026-07-30 17:28:53] [INFO] [INFRA_SIMULATOR] s3_storage | Status: Healthy | Metrics: latency: 14.48, space: 1422, bandwidth: 82, bitbucket_space: 451, jenkins_space: 125, artifactory_space: 1451, fortify_space: 85, teamcity_space: 220, bitbucket_bandwidth: 12.45, jenkins_bandwidth: 3.33, artifactory_bandwidth: 63.38
[2026-07-30 17:29:03] [INFO] [INFRA_SIMULATOR] s3_storage | Status: Healthy | Metrics: latency: 15.44, space: 1424, bandwidth: 88, bitbucket_space: 451, jenkins_space: 125, artifactory_space: 1452, fortify_space: 85, teamcity_space: 220, bitbucket_bandwidth: 12.24, jenkins_bandwidth: 3.22, artifactory_bandwidth: 64.08
[2026-07-30 17:29:13] [INFO] [INFRA_SIMULATOR] s3_storage | Status: Healthy | Metrics: latency: 15.13, space: 1421, bandwidth: 84, bitbucket_space: 450, jenkins_space: 125, artifactory_space: 1452, fortify_space: 85, teamcity_space: 220, bitbucket_bandwidth: 12.46, jenkins_bandwidth: 2.96, artifactory_bandwidth: 64.84
[2026-07-30 17:29:23] [INFO] [INFRA_SIMULATOR] s3_storage | Status: Healthy | Metrics: latency: 15.1, space: 1421, bandwidth: 88, bitbucket_space: 450, jenkins_space: 125, artifactory_space: 1450, fortify_space: 85, teamcity_space: 220, bitbucket_bandwidth: 12.09, jenkins_bandwidth: 2.99, artifactory_bandwidth: 64.56
[2026-07-30 17:29:23] [INFO] [LOG_AGENT] [S3-BUCK] Performing multipart backup archiving snapshot sentinel_db_dump.sql (bandwidth: 84.5 MB/s)
[2026-07-30 17:29:23] [INFO] [LOG_AGENT] [S3-BUCK] Performing multipart backup archiving snapshot sentinel_db_dump.sql (bandwidth: 84.5 MB/s)
[2026-07-30 17:29:33] [INFO] [INFRA_SIMULATOR] s3_storage | Status: Healthy | Metrics: latency: 15.1, space: 1423, bandwidth: 82, bitbucket_space: 451, jenkins_space: 125, artifactory_space: 1451, fortify_space: 85, teamcity_space: 220, bitbucket_bandwidth: 12.15, jenkins_bandwidth: 3.43, artifactory_bandwidth: 64.04
[2026-07-30 17:29:43] [INFO] [INFRA_SIMULATOR] s3_storage | Status: Healthy | Metrics: latency: 16.25, space: 1420, bandwidth: 82, bitbucket_space: 450, jenkins_space: 125, artifactory_space: 1451, fortify_space: 85, teamcity_space: 220, bitbucket_bandwidth: 12.36, jenkins_bandwidth: 3.34, artifactory_bandwidth: 63.81
[2026-07-30 17:29:43] [INFO] [LOG_AGENT] [S3-BUCK] Performing multipart backup archiving snapshot sentinel_db_dump.sql (bandwidth: 84.5 MB/s)
[2026-07-30 17:29:53] [INFO] [INFRA_SIMULATOR] s3_storage | Status: Healthy | Metrics: latency: 16.35, space: 1421, bandwidth: 86, bitbucket_space: 450, jenkins_space: 125, artifactory_space: 1450, fortify_space: 85, teamcity_space: 220, bitbucket_bandwidth: 12.11, jenkins_bandwidth: 3.03, artifactory_bandwidth: 63.76
[2026-07-30 17:29:53] [INFO] [LOG_AGENT] [S3-BUCK] Performing multipart backup archiving snapshot sentinel_db_dump.sql (bandwidth: 84.5 MB/s)
[2026-07-30 17:30:03] [INFO] [INFRA_SIMULATOR] s3_storage | Status: Healthy | Metrics: latency: 16.21, space: 1420, bandwidth: 87, bitbucket_space: 451, jenkins_space: 125, artifactory_space: 1451, fortify_space: 85, teamcity_space: 220, bitbucket_bandwidth: 12.06, jenkins_bandwidth: 3.2, artifactory_bandwidth: 64.42
[2026-07-30 17:30:13] [INFO] [INFRA_SIMULATOR] s3_storage | Status: Healthy | Metrics: latency: 15.38, space: 1420, bandwidth: 88, bitbucket_space: 451, jenkins_space: 125, artifactory_space: 1451, fortify_space: 85, teamcity_space: 220, bitbucket_bandwidth: 12.52, jenkins_bandwidth: 3.3, artifactory_bandwidth: 65.56
[2026-07-30 17:30:23] [INFO] [INFRA_SIMULATOR] s3_storage | Status: Healthy | Metrics: latency: 15.48, space: 1422, bandwidth: 87, bitbucket_space: 450, jenkins_space: 125, artifactory_space: 1451, fortify_space: 85, teamcity_space: 220, bitbucket_bandwidth: 12.8, jenkins_bandwidth: 3.33, artifactory_bandwidth: 65.51
[2026-07-30 17:30:23] [INFO] [LOG_AGENT] [S3-BUCK] Performing multipart backup archiving snapshot sentinel_db_dump.sql (bandwidth: 84.5 MB/s)
[2026-07-30 17:30:33] [INFO] [INFRA_SIMULATOR] s3_storage | Status: Healthy | Metrics: latency: 15.78, space: 1421, bandwidth: 85, bitbucket_space: 451, jenkins_space: 125, artifactory_space: 1452, fortify_space: 85, teamcity_space: 220, bitbucket_bandwidth: 12.83, jenkins_bandwidth: 3.35, artifactory_bandwidth: 66.08
[2026-07-30 17:30:43] [INFO] [INFRA_SIMULATOR] s3_storage | Status: Healthy | Metrics: latency: 15.49, space: 1424, bandwidth: 81, bitbucket_space: 451, jenkins_space: 125, artifactory_space: 1452, fortify_space: 85, teamcity_space: 220, bitbucket_bandwidth: 12.73, jenkins_bandwidth: 3.33, artifactory_bandwidth: 62.9
[2026-07-30 17:30:53] [INFO] [INFRA_SIMULATOR] s3_storage | Status: Healthy | Metrics: latency: 15.65, space: 1423, bandwidth: 83, bitbucket_space: 451, jenkins_space: 125, artifactory_space: 1451, fortify_space: 85, teamcity_space: 220, bitbucket_bandwidth: 12.84, jenkins_bandwidth: 3, artifactory_bandwidth: 65.7
[2026-07-30 17:31:03] [INFO] [INFRA_SIMULATOR] s3_storage | Status: Healthy | Metrics: latency: 16, space: 1424, bandwidth: 82, bitbucket_space: 450, jenkins_space: 125, artifactory_space: 1451, fortify_space: 85, teamcity_space: 220, bitbucket_bandwidth: 12.88, jenkins_bandwidth: 3.35, artifactory_bandwidth: 64.01
[2026-07-30 17:31:03] [INFO] [LOG_AGENT] [S3-BUCK] Performing multipart backup archiving snapshot sentinel_db_dump.sql (bandwidth: 84.5 MB/s)
[2026-07-30 17:31:13] [INFO] [INFRA_SIMULATOR] s3_storage | Status: Healthy | Metrics: latency: 14.47, space: 1422, bandwidth: 81, bitbucket_space: 450, jenkins_space: 125, artifactory_space: 1451, fortify_space: 85, teamcity_space: 220, bitbucket_bandwidth: 12.21, jenkins_bandwidth: 3.4, artifactory_bandwidth: 63.12
[2026-07-30 17:31:23] [INFO] [INFRA_SIMULATOR] s3_storage | Status: Healthy | Metrics: latency: 14.57, space: 1423, bandwidth: 83, bitbucket_space: 451, jenkins_space: 125, artifactory_space: 1450, fortify_space: 85, teamcity_space: 220, bitbucket_bandwidth: 12.58, jenkins_bandwidth: 3.2, artifactory_bandwidth: 63.64
[2026-07-30 17:31:23] [INFO] [LOG_AGENT] [S3-BUCK] Performing multipart backup archiving snapshot sentinel_db_dump.sql (bandwidth: 84.5 MB/s)
[2026-07-30 17:31:33] [INFO] [INFRA_SIMULATOR] s3_storage | Status: Healthy | Metrics: latency: 16.37, space: 1420, bandwidth: 86, bitbucket_space: 451, jenkins_space: 125, artifactory_space: 1450, fortify_space: 85, teamcity_space: 220, bitbucket_bandwidth: 12.77, jenkins_bandwidth: 3.3, artifactory_bandwidth: 65.76
[2026-07-30 17:31:43] [INFO] [INFRA_SIMULATOR] s3_storage | Status: Healthy | Metrics: latency: 15.91, space: 1423, bandwidth: 81, bitbucket_space: 450, jenkins_space: 125, artifactory_space: 1452, fortify_space: 85, teamcity_space: 220, bitbucket_bandwidth: 12.24, jenkins_bandwidth: 3.43, artifactory_bandwidth: 66.68
[2026-07-30 17:31:53] [INFO] [INFRA_SIMULATOR] s3_storage | Status: Healthy | Metrics: latency: 14.66, space: 1423, bandwidth: 85, bitbucket_space: 450, jenkins_space: 125, artifactory_space: 1451, fortify_space: 85, teamcity_space: 220, bitbucket_bandwidth: 12.3, jenkins_bandwidth: 3.36, artifactory_bandwidth: 65.46
[2026-07-30 17:32:03] [INFO] [INFRA_SIMULATOR] s3_storage | Status: Healthy | Metrics: latency: 14.88, space: 1423, bandwidth: 81, bitbucket_space: 451, jenkins_space: 125, artifactory_space: 1451, fortify_space: 85, teamcity_space: 220, bitbucket_bandwidth: 12.06, jenkins_bandwidth: 3.05, artifactory_bandwidth: 63.12
[2026-07-30 17:32:13] [INFO] [INFRA_SIMULATOR] s3_storage | Status: Healthy | Metrics: latency: 15.72, space: 1420, bandwidth: 85, bitbucket_space: 450, jenkins_space: 125, artifactory_space: 1450, fortify_space: 85, teamcity_space: 220, bitbucket_bandwidth: 12.93, jenkins_bandwidth: 3.44, artifactory_bandwidth: 64.23
[2026-07-30 17:32:23] [INFO] [INFRA_SIMULATOR] s3_storage | Status: Healthy | Metrics: latency: 15.41, space: 1424, bandwidth: 81, bitbucket_space: 450, jenkins_space: 125, artifactory_space: 1452, fortify_space: 85, teamcity_space: 220, bitbucket_bandwidth: 12.08, jenkins_bandwidth: 2.98, artifactory_bandwidth: 66.08
[2026-07-30 17:32:33] [INFO] [INFRA_SIMULATOR] s3_storage | Status: Healthy | Metrics: latency: 15.96, space: 1423, bandwidth: 83, bitbucket_space: 450, jenkins_space: 125, artifactory_space: 1450, fortify_space: 85, teamcity_space: 220, bitbucket_bandwidth: 12.84, jenkins_bandwidth: 3.37, artifactory_bandwidth: 63.9
[2026-07-30 17:32:43] [INFO] [INFRA_SIMULATOR] s3_storage | Status: Healthy | Metrics: latency: 14.96, space: 1422, bandwidth: 81, bitbucket_space: 451, jenkins_space: 125, artifactory_space: 1451, fortify_space: 85, teamcity_space: 220, bitbucket_bandwidth: 12.7, jenkins_bandwidth: 3.2, artifactory_bandwidth: 64.46
[2026-07-30 17:32:43] [INFO] [LOG_AGENT] [S3-BUCK] Performing multipart backup archiving snapshot sentinel_db_dump.sql (bandwidth: 84.5 MB/s)
[2026-07-30 17:32:53] [INFO] [INFRA_SIMULATOR] s3_storage | Status: Healthy | Metrics: latency: 15.44, space: 1424, bandwidth: 82, bitbucket_space: 451, jenkins_space: 125, artifactory_space: 1450, fortify_space: 85, teamcity_space: 220, bitbucket_bandwidth: 12.25, jenkins_bandwidth: 3.11, artifactory_bandwidth: 63.04
[2026-07-30 17:33:03] [INFO] [INFRA_SIMULATOR] s3_storage | Status: Healthy | Metrics: latency: 14.73, space: 1420, bandwidth: 87, bitbucket_space: 451, jenkins_space: 125, artifactory_space: 1451, fortify_space: 85, teamcity_space: 220, bitbucket_bandwidth: 12.28, jenkins_bandwidth: 3.22, artifactory_bandwidth: 64.09
[2026-07-30 17:33:13] [INFO] [INFRA_SIMULATOR] s3_storage | Status: Healthy | Metrics: latency: 14.81, space: 1423, bandwidth: 84, bitbucket_space: 451, jenkins_space: 125, artifactory_space: 1452, fortify_space: 85, teamcity_space: 220, bitbucket_bandwidth: 12.87, jenkins_bandwidth: 3.22, artifactory_bandwidth: 63.22
[2026-07-30 17:33:23] [INFO] [INFRA_SIMULATOR] s3_storage | Status: Healthy | Metrics: latency: 16.21, space: 1424, bandwidth: 87, bitbucket_space: 450, jenkins_space: 125, artifactory_space: 1451, fortify_space: 85, teamcity_space: 220, bitbucket_bandwidth: 13, jenkins_bandwidth: 3.37, artifactory_bandwidth: 66.06
[2026-07-30 17:33:33] [INFO] [INFRA_SIMULATOR] s3_storage | Status: Healthy | Metrics: latency: 15.89, space: 1420, bandwidth: 85, bitbucket_space: 451, jenkins_space: 125, artifactory_space: 1450, fortify_space: 85, teamcity_space: 220, bitbucket_bandwidth: 12.84, jenkins_bandwidth: 3.34, artifactory_bandwidth: 65.6
[2026-07-30 17:33:43] [INFO] [INFRA_SIMULATOR] s3_storage | Status: Healthy | Metrics: latency: 14.47, space: 1423, bandwidth: 87, bitbucket_space: 451, jenkins_space: 125, artifactory_space: 1450, fortify_space: 85, teamcity_space: 220, bitbucket_bandwidth: 12.82, jenkins_bandwidth: 3.34, artifactory_bandwidth: 65.76
[2026-07-30 17:33:53] [INFO] [INFRA_SIMULATOR] s3_storage | Status: Healthy | Metrics: latency: 16.35, space: 1423, bandwidth: 82, bitbucket_space: 451, jenkins_space: 125, artifactory_space: 1450, fortify_space: 85, teamcity_space: 220, bitbucket_bandwidth: 12.51, jenkins_bandwidth: 3.12, artifactory_bandwidth: 65.25
[2026-07-30 17:34:03] [INFO] [INFRA_SIMULATOR] s3_storage | Status: Healthy | Metrics: latency: 16.01, space: 1421, bandwidth: 81, bitbucket_space: 451, jenkins_space: 125, artifactory_space: 1451, fortify_space: 85, teamcity_space: 220, bitbucket_bandwidth: 12.46, jenkins_bandwidth: 3.31, artifactory_bandwidth: 64.76
[2026-07-30 17:34:13] [INFO] [INFRA_SIMULATOR] s3_storage | Status: Healthy | Metrics: latency: 15.34, space: 1421, bandwidth: 88, bitbucket_space: 451, jenkins_space: 125, artifactory_space: 1452, fortify_space: 85, teamcity_space: 220, bitbucket_bandwidth: 12.56, jenkins_bandwidth: 3.35, artifactory_bandwidth: 65.53
[2026-07-30 17:34:23] [INFO] [INFRA_SIMULATOR] s3_storage | Status: Healthy | Metrics: latency: 14.86, space: 1420, bandwidth: 88, bitbucket_space: 450, jenkins_space: 125, artifactory_space: 1452, fortify_space: 85, teamcity_space: 220, bitbucket_bandwidth: 12.57, jenkins_bandwidth: 3.24, artifactory_bandwidth: 63.59
[2026-07-30 17:34:33] [INFO] [INFRA_SIMULATOR] s3_storage | Status: Healthy | Metrics: latency: 15.78, space: 1423, bandwidth: 84, bitbucket_space: 450, jenkins_space: 125, artifactory_space: 1452, fortify_space: 85, teamcity_space: 220, bitbucket_bandwidth: 12.55, jenkins_bandwidth: 3.42, artifactory_bandwidth: 64.41
[2026-07-30 17:34:43] [INFO] [INFRA_SIMULATOR] s3_storage | Status: Healthy | Metrics: latency: 15.49, space: 1421, bandwidth: 85, bitbucket_space: 450, jenkins_space: 125, artifactory_space: 1452, fortify_space: 85, teamcity_space: 220, bitbucket_bandwidth: 12.32, jenkins_bandwidth: 3.31, artifactory_bandwidth: 62.9
[2026-07-30 17:34:53] [INFO] [INFRA_SIMULATOR] s3_storage | Status: Healthy | Metrics: latency: 16.19, space: 1422, bandwidth: 85, bitbucket_space: 451, jenkins_space: 125, artifactory_space: 1450, fortify_space: 85, teamcity_space: 220, bitbucket_bandwidth: 12.62, jenkins_bandwidth: 3.25, artifactory_bandwidth: 63.99
[2026-07-30 17:35:03] [INFO] [INFRA_SIMULATOR] s3_storage | Status: Healthy | Metrics: latency: 16.34, space: 1420, bandwidth: 88, bitbucket_space: 450, jenkins_space: 125, artifactory_space: 1450, fortify_space: 85, teamcity_space: 220, bitbucket_bandwidth: 12.74, jenkins_bandwidth: 3.25, artifactory_bandwidth: 63.91
[2026-07-30 17:35:03] [INFO] [LOG_AGENT] [S3-BUCK] Performing multipart backup archiving snapshot sentinel_db_dump.sql (bandwidth: 84.5 MB/s)
[2026-07-30 17:35:13] [INFO] [INFRA_SIMULATOR] s3_storage | Status: Healthy | Metrics: latency: 15.06, space: 1420, bandwidth: 86, bitbucket_space: 450, jenkins_space: 125, artifactory_space: 1450, fortify_space: 85, teamcity_space: 220, bitbucket_bandwidth: 12.46, jenkins_bandwidth: 3.16, artifactory_bandwidth: 66.55
[2026-07-30 17:35:23] [INFO] [INFRA_SIMULATOR] s3_storage | Status: Healthy | Metrics: latency: 14.94, space: 1424, bandwidth: 81, bitbucket_space: 450, jenkins_space: 125, artifactory_space: 1452, fortify_space: 85, teamcity_space: 220, bitbucket_bandwidth: 12.8, jenkins_bandwidth: 3.33, artifactory_bandwidth: 64.77
[2026-07-30 17:35:33] [INFO] [INFRA_SIMULATOR] s3_storage | Status: Healthy | Metrics: latency: 16.34, space: 1421, bandwidth: 87, bitbucket_space: 451, jenkins_space: 125, artifactory_space: 1450, fortify_space: 85, teamcity_space: 220, bitbucket_bandwidth: 12.83, jenkins_bandwidth: 3.27, artifactory_bandwidth: 65.48
[2026-07-30 17:35:43] [INFO] [INFRA_SIMULATOR] s3_storage | Status: Healthy | Metrics: latency: 15.57, space: 1423, bandwidth: 83, bitbucket_space: 450, jenkins_space: 125, artifactory_space: 1452, fortify_space: 85, teamcity_space: 220, bitbucket_bandwidth: 12.58, jenkins_bandwidth: 3.29, artifactory_bandwidth: 64.12
[2026-07-30 17:35:53] [INFO] [INFRA_SIMULATOR] s3_storage | Status: Healthy | Metrics: latency: 15.42, space: 1422, bandwidth: 87, bitbucket_space: 451, jenkins_space: 125, artifactory_space: 1451, fortify_space: 85, teamcity_space: 220, bitbucket_bandwidth: 12.56, jenkins_bandwidth: 3.33, artifactory_bandwidth: 63.55
[2026-07-30 17:36:03] [INFO] [INFRA_SIMULATOR] s3_storage | Status: Healthy | Metrics: latency: 14.5, space: 1421, bandwidth: 81, bitbucket_space: 450, jenkins_space: 125, artifactory_space: 1451, fortify_space: 85, teamcity_space: 220, bitbucket_bandwidth: 12.33, jenkins_bandwidth: 3.34, artifactory_bandwidth: 63.76
[2026-07-30 17:36:13] [INFO] [INFRA_SIMULATOR] s3_storage | Status: Healthy | Metrics: latency: 16.27, space: 1424, bandwidth: 86, bitbucket_space: 451, jenkins_space: 125, artifactory_space: 1452, fortify_space: 85, teamcity_space: 220, bitbucket_bandwidth: 12.6, jenkins_bandwidth: 3.19, artifactory_bandwidth: 65.93
[2026-07-30 17:36:23] [INFO] [INFRA_SIMULATOR] s3_storage | Status: Healthy | Metrics: latency: 15.71, space: 1420, bandwidth: 88, bitbucket_space: 451, jenkins_space: 125, artifactory_space: 1451, fortify_space: 85, teamcity_space: 220, bitbucket_bandwidth: 12.67, jenkins_bandwidth: 3.38, artifactory_bandwidth: 64.3
[2026-07-30 17:36:33] [INFO] [INFRA_SIMULATOR] s3_storage | Status: Healthy | Metrics: latency: 15.56, space: 1420, bandwidth: 82, bitbucket_space: 451, jenkins_space: 125, artifactory_space: 1450, fortify_space: 85, teamcity_space: 220, bitbucket_bandwidth: 12.09, jenkins_bandwidth: 3.02, artifactory_bandwidth: 64.47
[2026-07-30 17:36:43] [INFO] [INFRA_SIMULATOR] s3_storage | Status: Healthy | Metrics: latency: 15.94, space: 1421, bandwidth: 88, bitbucket_space: 450, jenkins_space: 125, artifactory_space: 1450, fortify_space: 85, teamcity_space: 220, bitbucket_bandwidth: 12.24, jenkins_bandwidth: 3.29, artifactory_bandwidth: 64.13
[2026-07-30 17:36:53] [INFO] [INFRA_SIMULATOR] s3_storage | Status: Healthy | Metrics: latency: 15.9, space: 1420, bandwidth: 81, bitbucket_space: 450, jenkins_space: 125, artifactory_space: 1452, fortify_space: 85, teamcity_space: 220, bitbucket_bandwidth: 12.24, jenkins_bandwidth: 3.19, artifactory_bandwidth: 65.79
[2026-07-30 17:37:03] [INFO] [INFRA_SIMULATOR] s3_storage | Status: Healthy | Metrics: latency: 15.17, space: 1422, bandwidth: 83, bitbucket_space: 451, jenkins_space: 125, artifactory_space: 1450, fortify_space: 85, teamcity_space: 220, bitbucket_bandwidth: 12.7, jenkins_bandwidth: 3.01, artifactory_bandwidth: 63.6
[2026-07-30 17:37:03] [INFO] [LOG_AGENT] [S3-BUCK] Performing multipart backup archiving snapshot sentinel_db_dump.sql (bandwidth: 84.5 MB/s)
[2026-07-30 17:37:13] [INFO] [INFRA_SIMULATOR] s3_storage | Status: Healthy | Metrics: latency: 16.07, space: 1424, bandwidth: 82, bitbucket_space: 450, jenkins_space: 125, artifactory_space: 1451, fortify_space: 85, teamcity_space: 220, bitbucket_bandwidth: 12.93, jenkins_bandwidth: 3.09, artifactory_bandwidth: 63.92
[2026-07-30 17:37:13] [INFO] [LOG_AGENT] [S3-BUCK] Performing multipart backup archiving snapshot sentinel_db_dump.sql (bandwidth: 84.5 MB/s)
[2026-07-30 17:37:23] [INFO] [INFRA_SIMULATOR] s3_storage | Status: Healthy | Metrics: latency: 15.18, space: 1420, bandwidth: 82, bitbucket_space: 450, jenkins_space: 125, artifactory_space: 1452, fortify_space: 85, teamcity_space: 220, bitbucket_bandwidth: 12.71, jenkins_bandwidth: 3.12, artifactory_bandwidth: 66.43
[2026-07-30 17:37:33] [INFO] [INFRA_SIMULATOR] s3_storage | Status: Healthy | Metrics: latency: 15.89, space: 1423, bandwidth: 81, bitbucket_space: 451, jenkins_space: 125, artifactory_space: 1452, fortify_space: 85, teamcity_space: 220, bitbucket_bandwidth: 12.44, jenkins_bandwidth: 3.38, artifactory_bandwidth: 62.89
[2026-07-30 17:37:33] [INFO] [LOG_AGENT] [S3-BUCK] Performing multipart backup archiving snapshot sentinel_db_dump.sql (bandwidth: 84.5 MB/s)
[2026-07-30 17:37:43] [INFO] [INFRA_SIMULATOR] s3_storage | Status: Healthy | Metrics: latency: 16.06, space: 1424, bandwidth: 87, bitbucket_space: 450, jenkins_space: 125, artifactory_space: 1452, fortify_space: 85, teamcity_space: 220, bitbucket_bandwidth: 12.31, jenkins_bandwidth: 3.09, artifactory_bandwidth: 65.54
[2026-07-30 17:37:53] [INFO] [INFRA_SIMULATOR] s3_storage | Status: Healthy | Metrics: latency: 15.54, space: 1420, bandwidth: 85, bitbucket_space: 451, jenkins_space: 125, artifactory_space: 1452, fortify_space: 85, teamcity_space: 220, bitbucket_bandwidth: 12.18, jenkins_bandwidth: 3.12, artifactory_bandwidth: 63.1
[2026-07-30 17:38:03] [INFO] [INFRA_SIMULATOR] s3_storage | Status: Healthy | Metrics: latency: 14.95, space: 1421, bandwidth: 87, bitbucket_space: 451, jenkins_space: 125, artifactory_space: 1452, fortify_space: 85, teamcity_space: 220, bitbucket_bandwidth: 12.69, jenkins_bandwidth: 3.27, artifactory_bandwidth: 66.57
[2026-07-30 17:38:13] [INFO] [INFRA_SIMULATOR] s3_storage | Status: Healthy | Metrics: latency: 16.11, space: 1420, bandwidth: 82, bitbucket_space: 451, jenkins_space: 125, artifactory_space: 1451, fortify_space: 85, teamcity_space: 220, bitbucket_bandwidth: 12.05, jenkins_bandwidth: 3.06, artifactory_bandwidth: 66.06
[2026-07-30 17:38:23] [INFO] [INFRA_SIMULATOR] s3_storage | Status: Healthy | Metrics: latency: 14.9, space: 1422, bandwidth: 87, bitbucket_space: 450, jenkins_space: 125, artifactory_space: 1452, fortify_space: 85, teamcity_space: 220, bitbucket_bandwidth: 12.17, jenkins_bandwidth: 3.3, artifactory_bandwidth: 65.99
[2026-07-30 17:38:33] [INFO] [INFRA_SIMULATOR] s3_storage | Status: Healthy | Metrics: latency: 16.09, space: 1422, bandwidth: 88, bitbucket_space: 450, jenkins_space: 125, artifactory_space: 1451, fortify_space: 85, teamcity_space: 220, bitbucket_bandwidth: 12.48, jenkins_bandwidth: 3.34, artifactory_bandwidth: 65.24
[2026-07-30 17:38:43] [INFO] [INFRA_SIMULATOR] s3_storage | Status: Healthy | Metrics: latency: 15.55, space: 1424, bandwidth: 85, bitbucket_space: 451, jenkins_space: 125, artifactory_space: 1450, fortify_space: 85, teamcity_space: 220, bitbucket_bandwidth: 12.58, jenkins_bandwidth: 3.04, artifactory_bandwidth: 65.17
[2026-07-30 17:38:43] [INFO] [LOG_AGENT] [S3-BUCK] Performing multipart backup archiving snapshot sentinel_db_dump.sql (bandwidth: 84.5 MB/s)
[2026-07-30 17:38:53] [INFO] [INFRA_SIMULATOR] s3_storage | Status: Healthy | Metrics: latency: 15.98, space: 1422, bandwidth: 82, bitbucket_space: 451, jenkins_space: 125, artifactory_space: 1452, fortify_space: 85, teamcity_space: 220, bitbucket_bandwidth: 12.38, jenkins_bandwidth: 3.28, artifactory_bandwidth: 64.01
[2026-07-30 17:38:53] [INFO] [LOG_AGENT] [S3-BUCK] Performing multipart backup archiving snapshot sentinel_db_dump.sql (bandwidth: 84.5 MB/s)
[2026-07-30 17:39:03] [INFO] [INFRA_SIMULATOR] s3_storage | Status: Healthy | Metrics: latency: 15.46, space: 1420, bandwidth: 87, bitbucket_space: 450, jenkins_space: 125, artifactory_space: 1450, fortify_space: 85, teamcity_space: 220, bitbucket_bandwidth: 12.69, jenkins_bandwidth: 3.02, artifactory_bandwidth: 63.41
[2026-07-30 17:39:13] [INFO] [INFRA_SIMULATOR] s3_storage | Status: Healthy | Metrics: latency: 15.62, space: 1424, bandwidth: 84, bitbucket_space: 451, jenkins_space: 125, artifactory_space: 1451, fortify_space: 85, teamcity_space: 220, bitbucket_bandwidth: 12.39, jenkins_bandwidth: 3.4, artifactory_bandwidth: 66.41
[2026-07-30 17:39:13] [INFO] [LOG_AGENT] [S3-BUCK] Performing multipart backup archiving snapshot sentinel_db_dump.sql (bandwidth: 84.5 MB/s)
[2026-07-30 17:39:23] [INFO] [INFRA_SIMULATOR] s3_storage | Status: Healthy | Metrics: latency: 14.75, space: 1421, bandwidth: 85, bitbucket_space: 450, jenkins_space: 125, artifactory_space: 1450, fortify_space: 85, teamcity_space: 220, bitbucket_bandwidth: 12.14, jenkins_bandwidth: 3.16, artifactory_bandwidth: 65.89
[2026-07-30 17:39:33] [INFO] [INFRA_SIMULATOR] s3_storage | Status: Healthy | Metrics: latency: 15.36, space: 1422, bandwidth: 88, bitbucket_space: 451, jenkins_space: 125, artifactory_space: 1451, fortify_space: 85, teamcity_space: 220, bitbucket_bandwidth: 12.16, jenkins_bandwidth: 3.03, artifactory_bandwidth: 63.74
[2026-07-30 17:39:33] [INFO] [LOG_AGENT] [S3-BUCK] Performing multipart backup archiving snapshot sentinel_db_dump.sql (bandwidth: 84.5 MB/s)
[2026-07-30 17:39:43] [INFO] [INFRA_SIMULATOR] s3_storage | Status: Healthy | Metrics: latency: 15.04, space: 1423, bandwidth: 87, bitbucket_space: 451, jenkins_space: 125, artifactory_space: 1451, fortify_space: 85, teamcity_space: 220, bitbucket_bandwidth: 12.68, jenkins_bandwidth: 3.43, artifactory_bandwidth: 64.74
[2026-07-30 17:39:53] [INFO] [INFRA_SIMULATOR] s3_storage | Status: Healthy | Metrics: latency: 15.92, space: 1422, bandwidth: 83, bitbucket_space: 450, jenkins_space: 125, artifactory_space: 1452, fortify_space: 85, teamcity_space: 220, bitbucket_bandwidth: 12.94, jenkins_bandwidth: 3.35, artifactory_bandwidth: 64.46
[2026-07-30 17:40:03] [INFO] [INFRA_SIMULATOR] s3_storage | Status: Healthy | Metrics: latency: 14.95, space: 1422, bandwidth: 88, bitbucket_space: 451, jenkins_space: 125, artifactory_space: 1452, fortify_space: 85, teamcity_space: 220, bitbucket_bandwidth: 12.6, jenkins_bandwidth: 3.03, artifactory_bandwidth: 65.61
[2026-07-30 17:40:13] [INFO] [INFRA_SIMULATOR] s3_storage | Status: Healthy | Metrics: latency: 15.43, space: 1421, bandwidth: 88, bitbucket_space: 450, jenkins_space: 125, artifactory_space: 1450, fortify_space: 85, teamcity_space: 220, bitbucket_bandwidth: 12.31, jenkins_bandwidth: 3.1, artifactory_bandwidth: 64.88
[2026-07-30 17:40:23] [INFO] [INFRA_SIMULATOR] s3_storage | Status: Healthy | Metrics: latency: 14.61, space: 1423, bandwidth: 81, bitbucket_space: 451, jenkins_space: 125, artifactory_space: 1451, fortify_space: 85, teamcity_space: 220, bitbucket_bandwidth: 12.13, jenkins_bandwidth: 3.09, artifactory_bandwidth: 64.11
[2026-07-30 17:40:33] [INFO] [INFRA_SIMULATOR] s3_storage | Status: Healthy | Metrics: latency: 14.61, space: 1423, bandwidth: 85, bitbucket_space: 450, jenkins_space: 125, artifactory_space: 1452, fortify_space: 85, teamcity_space: 220, bitbucket_bandwidth: 12.28, jenkins_bandwidth: 3.08, artifactory_bandwidth: 64.13
[2026-07-30 17:40:43] [INFO] [INFRA_SIMULATOR] s3_storage | Status: Healthy | Metrics: latency: 15.19, space: 1420, bandwidth: 81, bitbucket_space: 451, jenkins_space: 125, artifactory_space: 1450, fortify_space: 85, teamcity_space: 220, bitbucket_bandwidth: 12.89, jenkins_bandwidth: 3.11, artifactory_bandwidth: 65.77
[2026-07-30 17:40:43] [INFO] [LOG_AGENT] [S3-BUCK] Performing multipart backup archiving snapshot sentinel_db_dump.sql (bandwidth: 84.5 MB/s)
[2026-07-30 17:40:53] [INFO] [INFRA_SIMULATOR] s3_storage | Status: Healthy | Metrics: latency: 15.02, space: 1423, bandwidth: 87, bitbucket_space: 450, jenkins_space: 125, artifactory_space: 1451, fortify_space: 85, teamcity_space: 220, bitbucket_bandwidth: 12.89, jenkins_bandwidth: 2.99, artifactory_bandwidth: 65.89
[2026-07-30 17:41:03] [INFO] [INFRA_SIMULATOR] s3_storage | Status: Healthy | Metrics: latency: 15.53, space: 1422, bandwidth: 84, bitbucket_space: 451, jenkins_space: 125, artifactory_space: 1452, fortify_space: 85, teamcity_space: 220, bitbucket_bandwidth: 12.59, jenkins_bandwidth: 3.07, artifactory_bandwidth: 63.5
[2026-07-30 17:41:13] [INFO] [INFRA_SIMULATOR] s3_storage | Status: Healthy | Metrics: latency: 14.98, space: 1423, bandwidth: 86, bitbucket_space: 450, jenkins_space: 125, artifactory_space: 1452, fortify_space: 85, teamcity_space: 220, bitbucket_bandwidth: 12.06, jenkins_bandwidth: 3.13, artifactory_bandwidth: 66.74
[2026-07-30 17:41:13] [INFO] [LOG_AGENT] [S3-BUCK] Performing multipart backup archiving snapshot sentinel_db_dump.sql (bandwidth: 84.5 MB/s)
[2026-07-30 17:41:23] [INFO] [INFRA_SIMULATOR] s3_storage | Status: Healthy | Metrics: latency: 14.58, space: 1424, bandwidth: 83, bitbucket_space: 450, jenkins_space: 125, artifactory_space: 1452, fortify_space: 85, teamcity_space: 220, bitbucket_bandwidth: 12.69, jenkins_bandwidth: 3.44, artifactory_bandwidth: 65.62
[2026-07-30 17:41:33] [INFO] [INFRA_SIMULATOR] s3_storage | Status: Healthy | Metrics: latency: 14.87, space: 1423, bandwidth: 87, bitbucket_space: 451, jenkins_space: 125, artifactory_space: 1452, fortify_space: 85, teamcity_space: 220, bitbucket_bandwidth: 12.68, jenkins_bandwidth: 3, artifactory_bandwidth: 65.66
[2026-07-30 17:41:43] [INFO] [INFRA_SIMULATOR] s3_storage | Status: Healthy | Metrics: latency: 14.78, space: 1422, bandwidth: 86, bitbucket_space: 451, jenkins_space: 125, artifactory_space: 1452, fortify_space: 85, teamcity_space: 220, bitbucket_bandwidth: 12.27, jenkins_bandwidth: 3.38, artifactory_bandwidth: 65.41
[2026-07-30 17:41:53] [INFO] [INFRA_SIMULATOR] s3_storage | Status: Healthy | Metrics: latency: 15.83, space: 1420, bandwidth: 88, bitbucket_space: 450, jenkins_space: 125, artifactory_space: 1451, fortify_space: 85, teamcity_space: 220, bitbucket_bandwidth: 12.86, jenkins_bandwidth: 3.14, artifactory_bandwidth: 66.54
[2026-07-30 17:42:03] [INFO] [INFRA_SIMULATOR] s3_storage | Status: Healthy | Metrics: latency: 14.82, space: 1424, bandwidth: 88, bitbucket_space: 451, jenkins_space: 125, artifactory_space: 1452, fortify_space: 85, teamcity_space: 220, bitbucket_bandwidth: 12.72, jenkins_bandwidth: 3.16, artifactory_bandwidth: 66.76
[2026-07-30 17:42:13] [INFO] [INFRA_SIMULATOR] s3_storage | Status: Healthy | Metrics: latency: 14.66, space: 1422, bandwidth: 87, bitbucket_space: 451, jenkins_space: 125, artifactory_space: 1451, fortify_space: 85, teamcity_space: 220, bitbucket_bandwidth: 12.98, jenkins_bandwidth: 3.04, artifactory_bandwidth: 66.72
[2026-07-30 17:42:13] [INFO] [LOG_AGENT] [S3-BUCK] Performing multipart backup archiving snapshot sentinel_db_dump.sql (bandwidth: 84.5 MB/s)
[2026-07-30 17:42:13] [INFO] [LOG_AGENT] [S3-BUCK] Performing multipart backup archiving snapshot sentinel_db_dump.sql (bandwidth: 84.5 MB/s)
[2026-07-30 17:42:23] [INFO] [INFRA_SIMULATOR] s3_storage | Status: Healthy | Metrics: latency: 15.4, space: 1423, bandwidth: 85, bitbucket_space: 451, jenkins_space: 125, artifactory_space: 1450, fortify_space: 85, teamcity_space: 220, bitbucket_bandwidth: 12.3, jenkins_bandwidth: 3.28, artifactory_bandwidth: 65.98
[2026-07-30 17:42:33] [INFO] [INFRA_SIMULATOR] s3_storage | Status: Healthy | Metrics: latency: 16.36, space: 1423, bandwidth: 84, bitbucket_space: 450, jenkins_space: 125, artifactory_space: 1451, fortify_space: 85, teamcity_space: 220, bitbucket_bandwidth: 12.43, jenkins_bandwidth: 3.31, artifactory_bandwidth: 66.47
[2026-07-30 17:42:43] [INFO] [INFRA_SIMULATOR] s3_storage | Status: Healthy | Metrics: latency: 14.81, space: 1420, bandwidth: 82, bitbucket_space: 451, jenkins_space: 125, artifactory_space: 1450, fortify_space: 85, teamcity_space: 220, bitbucket_bandwidth: 12.85, jenkins_bandwidth: 3.22, artifactory_bandwidth: 64.45
[2026-07-30 17:42:43] [INFO] [LOG_AGENT] [S3-BUCK] Performing multipart backup archiving snapshot sentinel_db_dump.sql (bandwidth: 84.5 MB/s)
[2026-07-30 17:42:53] [INFO] [INFRA_SIMULATOR] s3_storage | Status: Healthy | Metrics: latency: 15.79, space: 1421, bandwidth: 88, bitbucket_space: 450, jenkins_space: 125, artifactory_space: 1452, fortify_space: 85, teamcity_space: 220, bitbucket_bandwidth: 12.69, jenkins_bandwidth: 3.1, artifactory_bandwidth: 63.84
[2026-07-30 17:43:03] [INFO] [INFRA_SIMULATOR] s3_storage | Status: Healthy | Metrics: latency: 15.9, space: 1422, bandwidth: 81, bitbucket_space: 450, jenkins_space: 125, artifactory_space: 1450, fortify_space: 85, teamcity_space: 220, bitbucket_bandwidth: 12.98, jenkins_bandwidth: 3.22, artifactory_bandwidth: 66.5
[2026-07-30 17:43:13] [INFO] [INFRA_SIMULATOR] s3_storage | Status: Healthy | Metrics: latency: 15.65, space: 1424, bandwidth: 82, bitbucket_space: 450, jenkins_space: 125, artifactory_space: 1451, fortify_space: 85, teamcity_space: 220, bitbucket_bandwidth: 12.96, jenkins_bandwidth: 3.33, artifactory_bandwidth: 64.4
[2026-07-30 17:43:23] [INFO] [INFRA_SIMULATOR] s3_storage | Status: Healthy | Metrics: latency: 14.8, space: 1421, bandwidth: 82, bitbucket_space: 451, jenkins_space: 125, artifactory_space: 1452, fortify_space: 85, teamcity_space: 220, bitbucket_bandwidth: 12.67, jenkins_bandwidth: 3.09, artifactory_bandwidth: 65.83
[2026-07-30 17:43:23] [INFO] [LOG_AGENT] [S3-BUCK] Performing multipart backup archiving snapshot sentinel_db_dump.sql (bandwidth: 84.5 MB/s)
[2026-07-30 17:43:33] [INFO] [INFRA_SIMULATOR] s3_storage | Status: Healthy | Metrics: latency: 15.46, space: 1420, bandwidth: 88, bitbucket_space: 451, jenkins_space: 125, artifactory_space: 1450, fortify_space: 85, teamcity_space: 220, bitbucket_bandwidth: 12.83, jenkins_bandwidth: 3.24, artifactory_bandwidth: 63.26
[2026-07-30 17:43:43] [INFO] [INFRA_SIMULATOR] s3_storage | Status: Healthy | Metrics: latency: 15.99, space: 1424, bandwidth: 84, bitbucket_space: 450, jenkins_space: 125, artifactory_space: 1450, fortify_space: 85, teamcity_space: 220, bitbucket_bandwidth: 12.42, jenkins_bandwidth: 3.24, artifactory_bandwidth: 63.68
[2026-07-30 17:43:53] [INFO] [INFRA_SIMULATOR] s3_storage | Status: Healthy | Metrics: latency: 16.14, space: 1422, bandwidth: 81, bitbucket_space: 451, jenkins_space: 125, artifactory_space: 1452, fortify_space: 85, teamcity_space: 220, bitbucket_bandwidth: 12.9, jenkins_bandwidth: 3.33, artifactory_bandwidth: 66.52
[2026-07-30 17:44:03] [INFO] [INFRA_SIMULATOR] s3_storage | Status: Healthy | Metrics: latency: 15.33, space: 1422, bandwidth: 82, bitbucket_space: 450, jenkins_space: 125, artifactory_space: 1451, fortify_space: 85, teamcity_space: 220, bitbucket_bandwidth: 12.73, jenkins_bandwidth: 3.34, artifactory_bandwidth: 65.77
[2026-07-30 17:44:13] [INFO] [INFRA_SIMULATOR] s3_storage | Status: Healthy | Metrics: latency: 14.96, space: 1420, bandwidth: 83, bitbucket_space: 450, jenkins_space: 125, artifactory_space: 1451, fortify_space: 85, teamcity_space: 220, bitbucket_bandwidth: 12.61, jenkins_bandwidth: 3.17, artifactory_bandwidth: 65.56
[2026-07-30 17:44:23] [INFO] [INFRA_SIMULATOR] s3_storage | Status: Healthy | Metrics: latency: 14.85, space: 1422, bandwidth: 87, bitbucket_space: 450, jenkins_space: 125, artifactory_space: 1451, fortify_space: 85, teamcity_space: 220, bitbucket_bandwidth: 12.3, jenkins_bandwidth: 3.18, artifactory_bandwidth: 65.01
[2026-07-30 17:44:33] [INFO] [INFRA_SIMULATOR] s3_storage | Status: Healthy | Metrics: latency: 14.83, space: 1423, bandwidth: 86, bitbucket_space: 450, jenkins_space: 125, artifactory_space: 1452, fortify_space: 85, teamcity_space: 220, bitbucket_bandwidth: 12.71, jenkins_bandwidth: 3.34, artifactory_bandwidth: 65.72
[2026-07-30 17:44:33] [INFO] [LOG_AGENT] [S3-BUCK] Performing multipart backup archiving snapshot sentinel_db_dump.sql (bandwidth: 84.5 MB/s)
[2026-07-30 17:44:43] [INFO] [INFRA_SIMULATOR] s3_storage | Status: Healthy | Metrics: latency: 15.13, space: 1424, bandwidth: 84, bitbucket_space: 450, jenkins_space: 125, artifactory_space: 1450, fortify_space: 85, teamcity_space: 220, bitbucket_bandwidth: 12.77, jenkins_bandwidth: 3.03, artifactory_bandwidth: 62.84
[2026-07-30 17:44:53] [INFO] [INFRA_SIMULATOR] s3_storage | Status: Healthy | Metrics: latency: 15.39, space: 1422, bandwidth: 85, bitbucket_space: 450, jenkins_space: 125, artifactory_space: 1451, fortify_space: 85, teamcity_space: 220, bitbucket_bandwidth: 12.16, jenkins_bandwidth: 3.36, artifactory_bandwidth: 64.82
[2026-07-30 17:45:03] [INFO] [INFRA_SIMULATOR] s3_storage | Status: Healthy | Metrics: latency: 15.04, space: 1422, bandwidth: 86, bitbucket_space: 451, jenkins_space: 125, artifactory_space: 1450, fortify_space: 85, teamcity_space: 220, bitbucket_bandwidth: 12.53, jenkins_bandwidth: 3.3, artifactory_bandwidth: 66.56
[2026-07-30 17:45:13] [INFO] [INFRA_SIMULATOR] s3_storage | Status: Healthy | Metrics: latency: 15.98, space: 1423, bandwidth: 82, bitbucket_space: 450, jenkins_space: 125, artifactory_space: 1452, fortify_space: 85, teamcity_space: 220, bitbucket_bandwidth: 12.25, jenkins_bandwidth: 3.32, artifactory_bandwidth: 66.11
[2026-07-30 17:45:23] [INFO] [INFRA_SIMULATOR] s3_storage | Status: Healthy | Metrics: latency: 14.5, space: 1421, bandwidth: 88, bitbucket_space: 451, jenkins_space: 125, artifactory_space: 1451, fortify_space: 85, teamcity_space: 220, bitbucket_bandwidth: 12.08, jenkins_bandwidth: 3.17, artifactory_bandwidth: 65.93
[2026-07-30 17:45:33] [INFO] [INFRA_SIMULATOR] s3_storage | Status: Healthy | Metrics: latency: 16.02, space: 1424, bandwidth: 81, bitbucket_space: 451, jenkins_space: 125, artifactory_space: 1450, fortify_space: 85, teamcity_space: 220, bitbucket_bandwidth: 12.38, jenkins_bandwidth: 2.96, artifactory_bandwidth: 64.96
[2026-07-30 17:45:43] [INFO] [INFRA_SIMULATOR] s3_storage | Status: Healthy | Metrics: latency: 15.65, space: 1421, bandwidth: 84, bitbucket_space: 451, jenkins_space: 125, artifactory_space: 1451, fortify_space: 85, teamcity_space: 220, bitbucket_bandwidth: 12.74, jenkins_bandwidth: 3.35, artifactory_bandwidth: 65.76
[2026-07-30 17:45:53] [INFO] [INFRA_SIMULATOR] s3_storage | Status: Healthy | Metrics: latency: 15.82, space: 1422, bandwidth: 85, bitbucket_space: 451, jenkins_space: 125, artifactory_space: 1451, fortify_space: 85, teamcity_space: 220, bitbucket_bandwidth: 12.16, jenkins_bandwidth: 3.16, artifactory_bandwidth: 63.82
[2026-07-30 17:46:03] [INFO] [INFRA_SIMULATOR] s3_storage | Status: Healthy | Metrics: latency: 16.14, space: 1420, bandwidth: 86, bitbucket_space: 451, jenkins_space: 125, artifactory_space: 1452, fortify_space: 85, teamcity_space: 220, bitbucket_bandwidth: 12.41, jenkins_bandwidth: 3.31, artifactory_bandwidth: 64.99
[2026-07-30 17:46:13] [INFO] [INFRA_SIMULATOR] s3_storage | Status: Healthy | Metrics: latency: 14.51, space: 1420, bandwidth: 84, bitbucket_space: 451, jenkins_space: 125, artifactory_space: 1450, fortify_space: 85, teamcity_space: 220, bitbucket_bandwidth: 12.13, jenkins_bandwidth: 3.43, artifactory_bandwidth: 65.01
[2026-07-30 17:46:13] [INFO] [LOG_AGENT] [S3-BUCK] Performing multipart backup archiving snapshot sentinel_db_dump.sql (bandwidth: 84.5 MB/s)
[2026-07-30 17:46:23] [INFO] [INFRA_SIMULATOR] s3_storage | Status: Healthy | Metrics: latency: 14.97, space: 1420, bandwidth: 81, bitbucket_space: 450, jenkins_space: 125, artifactory_space: 1450, fortify_space: 85, teamcity_space: 220, bitbucket_bandwidth: 12.04, jenkins_bandwidth: 3.16, artifactory_bandwidth: 65.07
[2026-07-30 17:46:33] [INFO] [INFRA_SIMULATOR] s3_storage | Status: Healthy | Metrics: latency: 15.04, space: 1424, bandwidth: 81, bitbucket_space: 450, jenkins_space: 125, artifactory_space: 1451, fortify_space: 85, teamcity_space: 220, bitbucket_bandwidth: 12.1, jenkins_bandwidth: 3.07, artifactory_bandwidth: 66.24
[2026-07-30 17:46:43] [INFO] [INFRA_SIMULATOR] s3_storage | Status: Healthy | Metrics: latency: 15.15, space: 1424, bandwidth: 81, bitbucket_space: 450, jenkins_space: 125, artifactory_space: 1450, fortify_space: 85, teamcity_space: 220, bitbucket_bandwidth: 12.02, jenkins_bandwidth: 3.15, artifactory_bandwidth: 64.87
[2026-07-30 17:46:53] [INFO] [INFRA_SIMULATOR] s3_storage | Status: Healthy | Metrics: latency: 14.58, space: 1422, bandwidth: 85, bitbucket_space: 450, jenkins_space: 125, artifactory_space: 1452, fortify_space: 85, teamcity_space: 220, bitbucket_bandwidth: 13, jenkins_bandwidth: 3.45, artifactory_bandwidth: 64.74
[2026-07-30 17:46:53] [INFO] [LOG_AGENT] [S3-BUCK] Performing multipart backup archiving snapshot sentinel_db_dump.sql (bandwidth: 84.5 MB/s)
[2026-07-30 17:47:03] [INFO] [INFRA_SIMULATOR] s3_storage | Status: Healthy | Metrics: latency: 15.65, space: 1423, bandwidth: 81, bitbucket_space: 451, jenkins_space: 125, artifactory_space: 1452, fortify_space: 85, teamcity_space: 220, bitbucket_bandwidth: 12.18, jenkins_bandwidth: 3.35, artifactory_bandwidth: 63.54
[2026-07-30 17:47:13] [INFO] [INFRA_SIMULATOR] s3_storage | Status: Healthy | Metrics: latency: 15.61, space: 1421, bandwidth: 86, bitbucket_space: 451, jenkins_space: 125, artifactory_space: 1452, fortify_space: 85, teamcity_space: 220, bitbucket_bandwidth: 12.05, jenkins_bandwidth: 3.07, artifactory_bandwidth: 66.41
[2026-07-30 17:47:23] [INFO] [INFRA_SIMULATOR] s3_storage | Status: Healthy | Metrics: latency: 14.65, space: 1423, bandwidth: 83, bitbucket_space: 450, jenkins_space: 125, artifactory_space: 1451, fortify_space: 85, teamcity_space: 220, bitbucket_bandwidth: 12.17, jenkins_bandwidth: 2.97, artifactory_bandwidth: 64.4
[2026-07-30 17:47:24] [INFO] [LOG_AGENT] [S3-BUCK] Performing multipart backup archiving snapshot sentinel_db_dump.sql (bandwidth: 84.5 MB/s)
[2026-07-30 17:47:33] [INFO] [INFRA_SIMULATOR] s3_storage | Status: Healthy | Metrics: latency: 15.9, space: 1420, bandwidth: 87, bitbucket_space: 450, jenkins_space: 125, artifactory_space: 1452, fortify_space: 85, teamcity_space: 220, bitbucket_bandwidth: 12.93, jenkins_bandwidth: 3.01, artifactory_bandwidth: 66.27
[2026-07-30 17:47:43] [INFO] [INFRA_SIMULATOR] s3_storage | Status: Healthy | Metrics: latency: 14.63, space: 1423, bandwidth: 85, bitbucket_space: 450, jenkins_space: 125, artifactory_space: 1450, fortify_space: 85, teamcity_space: 220, bitbucket_bandwidth: 12.23, jenkins_bandwidth: 3.33, artifactory_bandwidth: 63.41
[2026-07-30 17:47:43] [INFO] [LOG_AGENT] [S3-BUCK] Performing multipart backup archiving snapshot sentinel_db_dump.sql (bandwidth: 84.5 MB/s)
[2026-07-30 17:47:53] [INFO] [INFRA_SIMULATOR] s3_storage | Status: Healthy | Metrics: latency: 16.28, space: 1420, bandwidth: 83, bitbucket_space: 451, jenkins_space: 125, artifactory_space: 1451, fortify_space: 85, teamcity_space: 220, bitbucket_bandwidth: 12.51, jenkins_bandwidth: 3.08, artifactory_bandwidth: 66.12
[2026-07-30 17:48:03] [INFO] [INFRA_SIMULATOR] s3_storage | Status: Healthy | Metrics: latency: 16.1, space: 1420, bandwidth: 81, bitbucket_space: 451, jenkins_space: 125, artifactory_space: 1452, fortify_space: 85, teamcity_space: 220, bitbucket_bandwidth: 12.15, jenkins_bandwidth: 3.16, artifactory_bandwidth: 62.83
[2026-07-30 17:48:13] [INFO] [INFRA_SIMULATOR] s3_storage | Status: Healthy | Metrics: latency: 14.7, space: 1421, bandwidth: 82, bitbucket_space: 451, jenkins_space: 125, artifactory_space: 1450, fortify_space: 85, teamcity_space: 220, bitbucket_bandwidth: 12.14, jenkins_bandwidth: 3.16, artifactory_bandwidth: 64.51
[2026-07-30 17:48:23] [INFO] [INFRA_SIMULATOR] s3_storage | Status: Healthy | Metrics: latency: 14.5, space: 1422, bandwidth: 85, bitbucket_space: 451, jenkins_space: 125, artifactory_space: 1452, fortify_space: 85, teamcity_space: 220, bitbucket_bandwidth: 12.17, jenkins_bandwidth: 3.28, artifactory_bandwidth: 66.77
[2026-07-30 17:48:33] [INFO] [INFRA_SIMULATOR] s3_storage | Status: Healthy | Metrics: latency: 14.89, space: 1420, bandwidth: 86, bitbucket_space: 450, jenkins_space: 125, artifactory_space: 1451, fortify_space: 85, teamcity_space: 220, bitbucket_bandwidth: 12.8, jenkins_bandwidth: 3.36, artifactory_bandwidth: 63.16
[2026-07-30 17:48:43] [INFO] [INFRA_SIMULATOR] s3_storage | Status: Healthy | Metrics: latency: 15.62, space: 1423, bandwidth: 87, bitbucket_space: 450, jenkins_space: 125, artifactory_space: 1450, fortify_space: 85, teamcity_space: 220, bitbucket_bandwidth: 12.52, jenkins_bandwidth: 3.17, artifactory_bandwidth: 63.47
[2026-07-30 17:48:44] [INFO] [LOG_AGENT] [S3-BUCK] Performing multipart backup archiving snapshot sentinel_db_dump.sql (bandwidth: 84.5 MB/s)
[2026-07-30 17:48:53] [INFO] [INFRA_SIMULATOR] s3_storage | Status: Healthy | Metrics: latency: 15.22, space: 1422, bandwidth: 84, bitbucket_space: 450, jenkins_space: 125, artifactory_space: 1451, fortify_space: 85, teamcity_space: 220, bitbucket_bandwidth: 12.53, jenkins_bandwidth: 3.24, artifactory_bandwidth: 62.99
[2026-07-30 17:48:53] [INFO] [LOG_AGENT] [S3-BUCK] Performing multipart backup archiving snapshot sentinel_db_dump.sql (bandwidth: 84.5 MB/s)
[2026-07-30 17:49:04] [INFO] [INFRA_SIMULATOR] s3_storage | Status: Healthy | Metrics: latency: 15.92, space: 1420, bandwidth: 82, bitbucket_space: 450, jenkins_space: 125, artifactory_space: 1452, fortify_space: 85, teamcity_space: 220, bitbucket_bandwidth: 12.78, jenkins_bandwidth: 2.95, artifactory_bandwidth: 63
[2026-07-30 17:49:14] [INFO] [INFRA_SIMULATOR] s3_storage | Status: Healthy | Metrics: latency: 14.96, space: 1424, bandwidth: 88, bitbucket_space: 451, jenkins_space: 125, artifactory_space: 1451, fortify_space: 85, teamcity_space: 220, bitbucket_bandwidth: 12.43, jenkins_bandwidth: 3, artifactory_bandwidth: 64.46
[2026-07-30 17:49:24] [INFO] [INFRA_SIMULATOR] s3_storage | Status: Healthy | Metrics: latency: 15.05, space: 1423, bandwidth: 87, bitbucket_space: 450, jenkins_space: 125, artifactory_space: 1450, fortify_space: 85, teamcity_space: 220, bitbucket_bandwidth: 12.28, jenkins_bandwidth: 3.37, artifactory_bandwidth: 62.96
[2026-07-30 17:49:33] [INFO] [INFRA_SIMULATOR] s3_storage | Status: Healthy | Metrics: latency: 15.71, space: 1421, bandwidth: 83, bitbucket_space: 451, jenkins_space: 125, artifactory_space: 1451, fortify_space: 85, teamcity_space: 220, bitbucket_bandwidth: 12.58, jenkins_bandwidth: 3.29, artifactory_bandwidth: 66.05
[2026-07-30 17:49:43] [INFO] [INFRA_SIMULATOR] s3_storage | Status: Healthy | Metrics: latency: 15.26, space: 1422, bandwidth: 86, bitbucket_space: 450, jenkins_space: 125, artifactory_space: 1451, fortify_space: 85, teamcity_space: 220, bitbucket_bandwidth: 12.66, jenkins_bandwidth: 3.19, artifactory_bandwidth: 64.11
[2026-07-30 17:49:53] [INFO] [INFRA_SIMULATOR] s3_storage | Status: Healthy | Metrics: latency: 14.57, space: 1422, bandwidth: 84, bitbucket_space: 451, jenkins_space: 125, artifactory_space: 1451, fortify_space: 85, teamcity_space: 220, bitbucket_bandwidth: 12.34, jenkins_bandwidth: 3.17, artifactory_bandwidth: 63.2
[2026-07-30 17:49:54] [INFO] [LOG_AGENT] [S3-BUCK] Performing multipart backup archiving snapshot sentinel_db_dump.sql (bandwidth: 84.5 MB/s)
[2026-07-30 17:50:03] [INFO] [INFRA_SIMULATOR] s3_storage | Status: Healthy | Metrics: latency: 14.7, space: 1422, bandwidth: 86, bitbucket_space: 451, jenkins_space: 125, artifactory_space: 1450, fortify_space: 85, teamcity_space: 220, bitbucket_bandwidth: 12.83, jenkins_bandwidth: 3.14, artifactory_bandwidth: 64.67
[2026-07-30 17:50:04] [INFO] [LOG_AGENT] [S3-BUCK] Performing multipart backup archiving snapshot sentinel_db_dump.sql (bandwidth: 84.5 MB/s)
[2026-07-30 17:50:13] [INFO] [INFRA_SIMULATOR] s3_storage | Status: Healthy | Metrics: latency: 15.5, space: 1420, bandwidth: 81, bitbucket_space: 450, jenkins_space: 125, artifactory_space: 1450, fortify_space: 85, teamcity_space: 220, bitbucket_bandwidth: 12.51, jenkins_bandwidth: 3.1, artifactory_bandwidth: 64.88
[2026-07-30 17:50:23] [INFO] [INFRA_SIMULATOR] s3_storage | Status: Healthy | Metrics: latency: 14.47, space: 1422, bandwidth: 81, bitbucket_space: 451, jenkins_space: 125, artifactory_space: 1452, fortify_space: 85, teamcity_space: 220, bitbucket_bandwidth: 12.03, jenkins_bandwidth: 3.16, artifactory_bandwidth: 65.79
[2026-07-30 17:50:34] [INFO] [INFRA_SIMULATOR] s3_storage | Status: Healthy | Metrics: latency: 15.82, space: 1423, bandwidth: 85, bitbucket_space: 451, jenkins_space: 125, artifactory_space: 1451, fortify_space: 85, teamcity_space: 220, bitbucket_bandwidth: 12.81, jenkins_bandwidth: 2.97, artifactory_bandwidth: 66.24
[2026-07-30 17:50:43] [INFO] [INFRA_SIMULATOR] s3_storage | Status: Healthy | Metrics: latency: 16.13, space: 1420, bandwidth: 87, bitbucket_space: 451, jenkins_space: 125, artifactory_space: 1452, fortify_space: 85, teamcity_space: 220, bitbucket_bandwidth: 12.51, jenkins_bandwidth: 3.44, artifactory_bandwidth: 65.45
[2026-07-30 17:50:44] [INFO] [LOG_AGENT] [S3-BUCK] Performing multipart backup archiving snapshot sentinel_db_dump.sql (bandwidth: 84.5 MB/s)
[2026-07-30 17:50:54] [INFO] [INFRA_SIMULATOR] s3_storage | Status: Healthy | Metrics: latency: 16.34, space: 1422, bandwidth: 82, bitbucket_space: 450, jenkins_space: 125, artifactory_space: 1452, fortify_space: 85, teamcity_space: 220, bitbucket_bandwidth: 12.15, jenkins_bandwidth: 3.37, artifactory_bandwidth: 64.87
[2026-07-30 17:51:03] [INFO] [INFRA_SIMULATOR] s3_storage | Status: Healthy | Metrics: latency: 15.29, space: 1424, bandwidth: 82, bitbucket_space: 451, jenkins_space: 125, artifactory_space: 1452, fortify_space: 85, teamcity_space: 220, bitbucket_bandwidth: 12.35, jenkins_bandwidth: 3.22, artifactory_bandwidth: 63.23
[2026-07-30 17:51:14] [INFO] [INFRA_SIMULATOR] s3_storage | Status: Healthy | Metrics: latency: 15.72, space: 1421, bandwidth: 82, bitbucket_space: 451, jenkins_space: 125, artifactory_space: 1452, fortify_space: 85, teamcity_space: 220, bitbucket_bandwidth: 12.6, jenkins_bandwidth: 3.07, artifactory_bandwidth: 63.59
[2026-07-30 17:51:24] [INFO] [INFRA_SIMULATOR] s3_storage | Status: Healthy | Metrics: latency: 14.8, space: 1423, bandwidth: 86, bitbucket_space: 451, jenkins_space: 125, artifactory_space: 1451, fortify_space: 85, teamcity_space: 220, bitbucket_bandwidth: 12.64, jenkins_bandwidth: 3.27, artifactory_bandwidth: 66.1
[2026-07-30 17:51:34] [INFO] [INFRA_SIMULATOR] s3_storage | Status: Healthy | Metrics: latency: 14.66, space: 1421, bandwidth: 82, bitbucket_space: 450, jenkins_space: 125, artifactory_space: 1450, fortify_space: 85, teamcity_space: 220, bitbucket_bandwidth: 12.07, jenkins_bandwidth: 3.02, artifactory_bandwidth: 64.15
[2026-07-30 17:51:44] [INFO] [INFRA_SIMULATOR] s3_storage | Status: Healthy | Metrics: latency: 15.14, space: 1423, bandwidth: 86, bitbucket_space: 450, jenkins_space: 125, artifactory_space: 1451, fortify_space: 85, teamcity_space: 220, bitbucket_bandwidth: 12.42, jenkins_bandwidth: 3.29, artifactory_bandwidth: 66.22
[2026-07-30 17:51:54] [INFO] [INFRA_SIMULATOR] s3_storage | Status: Healthy | Metrics: latency: 15.1, space: 1422, bandwidth: 87, bitbucket_space: 451, jenkins_space: 125, artifactory_space: 1452, fortify_space: 85, teamcity_space: 220, bitbucket_bandwidth: 12.41, jenkins_bandwidth: 3.09, artifactory_bandwidth: 65.38
[2026-07-30 17:52:04] [INFO] [INFRA_SIMULATOR] s3_storage | Status: Healthy | Metrics: latency: 15.44, space: 1421, bandwidth: 82, bitbucket_space: 451, jenkins_space: 125, artifactory_space: 1450, fortify_space: 85, teamcity_space: 220, bitbucket_bandwidth: 12.74, jenkins_bandwidth: 3, artifactory_bandwidth: 63.67
[2026-07-30 17:52:14] [INFO] [INFRA_SIMULATOR] s3_storage | Status: Healthy | Metrics: latency: 14.5, space: 1424, bandwidth: 84, bitbucket_space: 450, jenkins_space: 125, artifactory_space: 1450, fortify_space: 85, teamcity_space: 220, bitbucket_bandwidth: 12.37, jenkins_bandwidth: 3.11, artifactory_bandwidth: 66.33
[2026-07-30 17:52:24] [INFO] [INFRA_SIMULATOR] s3_storage | Status: Healthy | Metrics: latency: 15.51, space: 1420, bandwidth: 86, bitbucket_space: 451, jenkins_space: 125, artifactory_space: 1452, fortify_space: 85, teamcity_space: 220, bitbucket_bandwidth: 12, jenkins_bandwidth: 3.24, artifactory_bandwidth: 64.84
[2026-07-30 17:52:34] [INFO] [INFRA_SIMULATOR] s3_storage | Status: Healthy | Metrics: latency: 14.59, space: 1420, bandwidth: 87, bitbucket_space: 450, jenkins_space: 125, artifactory_space: 1450, fortify_space: 85, teamcity_space: 220, bitbucket_bandwidth: 12.35, jenkins_bandwidth: 3.16, artifactory_bandwidth: 65.69
[2026-07-30 17:52:44] [INFO] [INFRA_SIMULATOR] s3_storage | Status: Healthy | Metrics: latency: 15.39, space: 1421, bandwidth: 83, bitbucket_space: 451, jenkins_space: 125, artifactory_space: 1450, fortify_space: 85, teamcity_space: 220, bitbucket_bandwidth: 12.01, jenkins_bandwidth: 3.31, artifactory_bandwidth: 63.38
[2026-07-30 17:52:54] [INFO] [INFRA_SIMULATOR] s3_storage | Status: Healthy | Metrics: latency: 14.85, space: 1421, bandwidth: 85, bitbucket_space: 450, jenkins_space: 125, artifactory_space: 1450, fortify_space: 85, teamcity_space: 220, bitbucket_bandwidth: 12.04, jenkins_bandwidth: 3.2, artifactory_bandwidth: 65.82
[2026-07-30 17:53:04] [INFO] [INFRA_SIMULATOR] s3_storage | Status: Healthy | Metrics: latency: 15.87, space: 1420, bandwidth: 86, bitbucket_space: 451, jenkins_space: 125, artifactory_space: 1452, fortify_space: 85, teamcity_space: 220, bitbucket_bandwidth: 12.52, jenkins_bandwidth: 3.11, artifactory_bandwidth: 63.95
[2026-07-30 17:53:14] [INFO] [INFRA_SIMULATOR] s3_storage | Status: Healthy | Metrics: latency: 16.36, space: 1420, bandwidth: 82, bitbucket_space: 450, jenkins_space: 125, artifactory_space: 1452, fortify_space: 85, teamcity_space: 220, bitbucket_bandwidth: 12.18, jenkins_bandwidth: 3.02, artifactory_bandwidth: 64.53
[2026-07-30 17:53:24] [INFO] [INFRA_SIMULATOR] s3_storage | Status: Healthy | Metrics: latency: 15.69, space: 1423, bandwidth: 88, bitbucket_space: 451, jenkins_space: 125, artifactory_space: 1451, fortify_space: 85, teamcity_space: 220, bitbucket_bandwidth: 12.4, jenkins_bandwidth: 3.29, artifactory_bandwidth: 65.6
[2026-07-30 17:53:34] [INFO] [INFRA_SIMULATOR] s3_storage | Status: Healthy | Metrics: latency: 15.8, space: 1422, bandwidth: 86, bitbucket_space: 450, jenkins_space: 125, artifactory_space: 1452, fortify_space: 85, teamcity_space: 220, bitbucket_bandwidth: 12.84, jenkins_bandwidth: 3.26, artifactory_bandwidth: 63.14
[2026-07-30 17:53:44] [INFO] [INFRA_SIMULATOR] s3_storage | Status: Healthy | Metrics: latency: 14.81, space: 1422, bandwidth: 85, bitbucket_space: 451, jenkins_space: 125, artifactory_space: 1452, fortify_space: 85, teamcity_space: 220, bitbucket_bandwidth: 12.53, jenkins_bandwidth: 3.33, artifactory_bandwidth: 64.52
[2026-07-30 17:53:54] [INFO] [INFRA_SIMULATOR] s3_storage | Status: Healthy | Metrics: latency: 14.83, space: 1424, bandwidth: 86, bitbucket_space: 450, jenkins_space: 125, artifactory_space: 1450, fortify_space: 85, teamcity_space: 220, bitbucket_bandwidth: 12.02, jenkins_bandwidth: 3.29, artifactory_bandwidth: 64.48
[2026-07-30 17:53:54] [INFO] [LOG_AGENT] [S3-BUCK] Performing multipart backup archiving snapshot sentinel_db_dump.sql (bandwidth: 84.5 MB/s)
[2026-07-30 17:54:04] [INFO] [INFRA_SIMULATOR] s3_storage | Status: Healthy | Metrics: latency: 16.19, space: 1424, bandwidth: 86, bitbucket_space: 450, jenkins_space: 125, artifactory_space: 1450, fortify_space: 85, teamcity_space: 220, bitbucket_bandwidth: 12.94, jenkins_bandwidth: 3.29, artifactory_bandwidth: 63.73
[2026-07-30 17:54:14] [INFO] [INFRA_SIMULATOR] s3_storage | Status: Healthy | Metrics: latency: 14.77, space: 1422, bandwidth: 81, bitbucket_space: 451, jenkins_space: 125, artifactory_space: 1451, fortify_space: 85, teamcity_space: 220, bitbucket_bandwidth: 12.32, jenkins_bandwidth: 3.24, artifactory_bandwidth: 63.34
[2026-07-30 17:54:24] [INFO] [INFRA_SIMULATOR] s3_storage | Status: Healthy | Metrics: latency: 15.75, space: 1420, bandwidth: 84, bitbucket_space: 451, jenkins_space: 125, artifactory_space: 1452, fortify_space: 85, teamcity_space: 220, bitbucket_bandwidth: 12.13, jenkins_bandwidth: 3.35, artifactory_bandwidth: 66.53
[2026-07-30 17:54:34] [INFO] [INFRA_SIMULATOR] s3_storage | Status: Healthy | Metrics: latency: 15.07, space: 1422, bandwidth: 86, bitbucket_space: 451, jenkins_space: 125, artifactory_space: 1450, fortify_space: 85, teamcity_space: 220, bitbucket_bandwidth: 12.21, jenkins_bandwidth: 3.36, artifactory_bandwidth: 64.11
[2026-07-30 17:54:44] [INFO] [INFRA_SIMULATOR] s3_storage | Status: Healthy | Metrics: latency: 14.51, space: 1422, bandwidth: 83, bitbucket_space: 451, jenkins_space: 125, artifactory_space: 1450, fortify_space: 85, teamcity_space: 220, bitbucket_bandwidth: 12.79, jenkins_bandwidth: 3.03, artifactory_bandwidth: 65.9
[2026-07-30 17:54:54] [INFO] [INFRA_SIMULATOR] s3_storage | Status: Healthy | Metrics: latency: 15.43, space: 1422, bandwidth: 85, bitbucket_space: 450, jenkins_space: 125, artifactory_space: 1450, fortify_space: 85, teamcity_space: 220, bitbucket_bandwidth: 12.83, jenkins_bandwidth: 3.34, artifactory_bandwidth: 66.72
[2026-07-30 17:55:04] [INFO] [INFRA_SIMULATOR] s3_storage | Status: Healthy | Metrics: latency: 14.52, space: 1422, bandwidth: 82, bitbucket_space: 450, jenkins_space: 125, artifactory_space: 1451, fortify_space: 85, teamcity_space: 220, bitbucket_bandwidth: 12.9, jenkins_bandwidth: 3.32, artifactory_bandwidth: 65.66
[2026-07-30 17:55:04] [INFO] [LOG_AGENT] [S3-BUCK] Performing multipart backup archiving snapshot sentinel_db_dump.sql (bandwidth: 84.5 MB/s)
[2026-07-30 17:55:14] [INFO] [INFRA_SIMULATOR] s3_storage | Status: Healthy | Metrics: latency: 14.77, space: 1420, bandwidth: 86, bitbucket_space: 450, jenkins_space: 125, artifactory_space: 1452, fortify_space: 85, teamcity_space: 220, bitbucket_bandwidth: 12.88, jenkins_bandwidth: 3.3, artifactory_bandwidth: 65.8
[2026-07-30 17:55:14] [INFO] [LOG_AGENT] [S3-BUCK] Performing multipart backup archiving snapshot sentinel_db_dump.sql (bandwidth: 84.5 MB/s)
[2026-07-30 17:55:24] [INFO] [INFRA_SIMULATOR] s3_storage | Status: Healthy | Metrics: latency: 14.64, space: 1421, bandwidth: 88, bitbucket_space: 450, jenkins_space: 125, artifactory_space: 1452, fortify_space: 85, teamcity_space: 220, bitbucket_bandwidth: 12.58, jenkins_bandwidth: 3.17, artifactory_bandwidth: 65.78
[2026-07-30 17:55:24] [INFO] [LOG_AGENT] [S3-BUCK] Performing multipart backup archiving snapshot sentinel_db_dump.sql (bandwidth: 84.5 MB/s)
[2026-07-30 17:55:34] [INFO] [INFRA_SIMULATOR] s3_storage | Status: Healthy | Metrics: latency: 15.83, space: 1422, bandwidth: 88, bitbucket_space: 450, jenkins_space: 125, artifactory_space: 1450, fortify_space: 85, teamcity_space: 220, bitbucket_bandwidth: 12.75, jenkins_bandwidth: 3.25, artifactory_bandwidth: 65.05
[2026-07-30 17:55:34] [INFO] [LOG_AGENT] [S3-BUCK] Performing multipart backup archiving snapshot sentinel_db_dump.sql (bandwidth: 84.5 MB/s)
[2026-07-30 17:55:44] [INFO] [INFRA_SIMULATOR] s3_storage | Status: Healthy | Metrics: latency: 15.22, space: 1421, bandwidth: 81, bitbucket_space: 450, jenkins_space: 125, artifactory_space: 1452, fortify_space: 85, teamcity_space: 220, bitbucket_bandwidth: 12.06, jenkins_bandwidth: 3.34, artifactory_bandwidth: 63.07
[2026-07-30 17:55:54] [INFO] [INFRA_SIMULATOR] s3_storage | Status: Healthy | Metrics: latency: 15.16, space: 1421, bandwidth: 86, bitbucket_space: 450, jenkins_space: 125, artifactory_space: 1451, fortify_space: 85, teamcity_space: 220, bitbucket_bandwidth: 12.02, jenkins_bandwidth: 3.39, artifactory_bandwidth: 65.83
[2026-07-30 17:56:04] [INFO] [INFRA_SIMULATOR] s3_storage | Status: Healthy | Metrics: latency: 15.17, space: 1423, bandwidth: 84, bitbucket_space: 451, jenkins_space: 125, artifactory_space: 1452, fortify_space: 85, teamcity_space: 220, bitbucket_bandwidth: 12.27, jenkins_bandwidth: 3.4, artifactory_bandwidth: 66.7
[2026-07-30 17:56:14] [INFO] [INFRA_SIMULATOR] s3_storage | Status: Healthy | Metrics: latency: 15.18, space: 1421, bandwidth: 84, bitbucket_space: 450, jenkins_space: 125, artifactory_space: 1450, fortify_space: 85, teamcity_space: 220, bitbucket_bandwidth: 12.4, jenkins_bandwidth: 3.21, artifactory_bandwidth: 66.02
[2026-07-30 17:56:24] [INFO] [INFRA_SIMULATOR] s3_storage | Status: Healthy | Metrics: latency: 15.23, space: 1424, bandwidth: 86, bitbucket_space: 450, jenkins_space: 125, artifactory_space: 1451, fortify_space: 85, teamcity_space: 220, bitbucket_bandwidth: 12.3, jenkins_bandwidth: 3.14, artifactory_bandwidth: 62.92
[2026-07-30 17:56:34] [INFO] [INFRA_SIMULATOR] s3_storage | Status: Healthy | Metrics: latency: 16.11, space: 1420, bandwidth: 83, bitbucket_space: 450, jenkins_space: 125, artifactory_space: 1451, fortify_space: 85, teamcity_space: 220, bitbucket_bandwidth: 12.6, jenkins_bandwidth: 3.39, artifactory_bandwidth: 64.11
[2026-07-30 17:56:44] [INFO] [INFRA_SIMULATOR] s3_storage | Status: Healthy | Metrics: latency: 15.02, space: 1424, bandwidth: 85, bitbucket_space: 451, jenkins_space: 125, artifactory_space: 1452, fortify_space: 85, teamcity_space: 220, bitbucket_bandwidth: 12.93, jenkins_bandwidth: 3.06, artifactory_bandwidth: 63.18
[2026-07-30 17:56:44] [INFO] [LOG_AGENT] [S3-BUCK] Performing multipart backup archiving snapshot sentinel_db_dump.sql (bandwidth: 84.5 MB/s)
[2026-07-30 17:56:54] [INFO] [INFRA_SIMULATOR] s3_storage | Status: Healthy | Metrics: latency: 15.52, space: 1423, bandwidth: 88, bitbucket_space: 450, jenkins_space: 125, artifactory_space: 1452, fortify_space: 85, teamcity_space: 220, bitbucket_bandwidth: 12.98, jenkins_bandwidth: 3.23, artifactory_bandwidth: 64.35
[2026-07-30 17:57:04] [INFO] [INFRA_SIMULATOR] s3_storage | Status: Healthy | Metrics: latency: 15.95, space: 1423, bandwidth: 85, bitbucket_space: 451, jenkins_space: 125, artifactory_space: 1452, fortify_space: 85, teamcity_space: 220, bitbucket_bandwidth: 12.13, jenkins_bandwidth: 3.23, artifactory_bandwidth: 64.35
[2026-07-30 17:57:04] [INFO] [LOG_AGENT] [S3-BUCK] Performing multipart backup archiving snapshot sentinel_db_dump.sql (bandwidth: 84.5 MB/s)
[2026-07-30 17:57:04] [INFO] [LOG_AGENT] [S3-BUCK] Performing multipart backup archiving snapshot sentinel_db_dump.sql (bandwidth: 84.5 MB/s)
[2026-07-30 17:57:14] [INFO] [INFRA_SIMULATOR] s3_storage | Status: Healthy | Metrics: latency: 14.54, space: 1422, bandwidth: 85, bitbucket_space: 450, jenkins_space: 125, artifactory_space: 1450, fortify_space: 85, teamcity_space: 220, bitbucket_bandwidth: 12.38, jenkins_bandwidth: 3.38, artifactory_bandwidth: 63.58
[2026-07-30 17:57:24] [INFO] [INFRA_SIMULATOR] s3_storage | Status: Healthy | Metrics: latency: 15.11, space: 1420, bandwidth: 84, bitbucket_space: 450, jenkins_space: 125, artifactory_space: 1452, fortify_space: 85, teamcity_space: 220, bitbucket_bandwidth: 12.09, jenkins_bandwidth: 3.44, artifactory_bandwidth: 65.97
[2026-07-30 17:57:34] [INFO] [INFRA_SIMULATOR] s3_storage | Status: Healthy | Metrics: latency: 15.14, space: 1421, bandwidth: 82, bitbucket_space: 450, jenkins_space: 125, artifactory_space: 1450, fortify_space: 85, teamcity_space: 220, bitbucket_bandwidth: 12.93, jenkins_bandwidth: 3.29, artifactory_bandwidth: 65.91
[2026-07-30 17:57:44] [INFO] [INFRA_SIMULATOR] s3_storage | Status: Healthy | Metrics: latency: 15.1, space: 1420, bandwidth: 84, bitbucket_space: 451, jenkins_space: 125, artifactory_space: 1450, fortify_space: 85, teamcity_space: 220, bitbucket_bandwidth: 12.8, jenkins_bandwidth: 3.03, artifactory_bandwidth: 65.69
[2026-07-30 17:57:54] [INFO] [INFRA_SIMULATOR] s3_storage | Status: Healthy | Metrics: latency: 15.1, space: 1423, bandwidth: 82, bitbucket_space: 451, jenkins_space: 125, artifactory_space: 1451, fortify_space: 85, teamcity_space: 220, bitbucket_bandwidth: 12.84, jenkins_bandwidth: 3.38, artifactory_bandwidth: 63.63
[2026-07-30 17:58:04] [INFO] [INFRA_SIMULATOR] s3_storage | Status: Healthy | Metrics: latency: 15.32, space: 1423, bandwidth: 86, bitbucket_space: 450, jenkins_space: 125, artifactory_space: 1452, fortify_space: 85, teamcity_space: 220, bitbucket_bandwidth: 12.12, jenkins_bandwidth: 3.19, artifactory_bandwidth: 65.95
[2026-07-30 17:58:04] [INFO] [LOG_AGENT] [S3-BUCK] Performing multipart backup archiving snapshot sentinel_db_dump.sql (bandwidth: 84.5 MB/s)
[2026-07-30 17:58:14] [INFO] [INFRA_SIMULATOR] s3_storage | Status: Healthy | Metrics: latency: 15.38, space: 1421, bandwidth: 82, bitbucket_space: 450, jenkins_space: 125, artifactory_space: 1450, fortify_space: 85, teamcity_space: 220, bitbucket_bandwidth: 12.08, jenkins_bandwidth: 3.02, artifactory_bandwidth: 65.12
[2026-07-30 17:58:24] [INFO] [INFRA_SIMULATOR] s3_storage | Status: Healthy | Metrics: latency: 15.09, space: 1424, bandwidth: 86, bitbucket_space: 450, jenkins_space: 125, artifactory_space: 1452, fortify_space: 85, teamcity_space: 220, bitbucket_bandwidth: 12.29, jenkins_bandwidth: 3.16, artifactory_bandwidth: 64.66
[2026-07-30 17:58:34] [INFO] [INFRA_SIMULATOR] s3_storage | Status: Healthy | Metrics: latency: 15.01, space: 1423, bandwidth: 84, bitbucket_space: 451, jenkins_space: 125, artifactory_space: 1452, fortify_space: 85, teamcity_space: 220, bitbucket_bandwidth: 12.4, jenkins_bandwidth: 3.45, artifactory_bandwidth: 66.26
[2026-07-30 17:58:44] [INFO] [INFRA_SIMULATOR] s3_storage | Status: Healthy | Metrics: latency: 15.05, space: 1420, bandwidth: 84, bitbucket_space: 450, jenkins_space: 125, artifactory_space: 1450, fortify_space: 85, teamcity_space: 220, bitbucket_bandwidth: 12.95, jenkins_bandwidth: 3.19, artifactory_bandwidth: 65.47
[2026-07-30 17:58:54] [INFO] [INFRA_SIMULATOR] s3_storage | Status: Healthy | Metrics: latency: 15, space: 1421, bandwidth: 84, bitbucket_space: 451, jenkins_space: 125, artifactory_space: 1450, fortify_space: 85, teamcity_space: 220, bitbucket_bandwidth: 12.52, jenkins_bandwidth: 3.39, artifactory_bandwidth: 63.84
[2026-07-30 17:58:54] [INFO] [LOG_AGENT] [S3-BUCK] Performing multipart backup archiving snapshot sentinel_db_dump.sql (bandwidth: 84.5 MB/s)
[2026-07-30 17:59:04] [INFO] [INFRA_SIMULATOR] s3_storage | Status: Healthy | Metrics: latency: 16.3, space: 1424, bandwidth: 82, bitbucket_space: 451, jenkins_space: 125, artifactory_space: 1451, fortify_space: 85, teamcity_space: 220, bitbucket_bandwidth: 12.57, jenkins_bandwidth: 3.21, artifactory_bandwidth: 66.26
[2026-07-30 17:59:14] [INFO] [INFRA_SIMULATOR] s3_storage | Status: Healthy | Metrics: latency: 15.94, space: 1420, bandwidth: 84, bitbucket_space: 450, jenkins_space: 125, artifactory_space: 1450, fortify_space: 85, teamcity_space: 220, bitbucket_bandwidth: 12.31, jenkins_bandwidth: 3.09, artifactory_bandwidth: 66.61
[2026-07-30 17:59:24] [INFO] [INFRA_SIMULATOR] s3_storage | Status: Healthy | Metrics: latency: 15.03, space: 1423, bandwidth: 83, bitbucket_space: 450, jenkins_space: 125, artifactory_space: 1451, fortify_space: 85, teamcity_space: 220, bitbucket_bandwidth: 12.59, jenkins_bandwidth: 3.06, artifactory_bandwidth: 62.83
[2026-07-30 17:59:34] [INFO] [INFRA_SIMULATOR] s3_storage | Status: Healthy | Metrics: latency: 15.81, space: 1422, bandwidth: 87, bitbucket_space: 451, jenkins_space: 125, artifactory_space: 1451, fortify_space: 85, teamcity_space: 220, bitbucket_bandwidth: 12.89, jenkins_bandwidth: 3.18, artifactory_bandwidth: 65.86
[2026-07-30 17:59:34] [INFO] [LOG_AGENT] [S3-BUCK] Performing multipart backup archiving snapshot sentinel_db_dump.sql (bandwidth: 84.5 MB/s)
[2026-07-30 17:59:44] [INFO] [INFRA_SIMULATOR] s3_storage | Status: Healthy | Metrics: latency: 15.51, space: 1423, bandwidth: 82, bitbucket_space: 451, jenkins_space: 125, artifactory_space: 1450, fortify_space: 85, teamcity_space: 220, bitbucket_bandwidth: 12.67, jenkins_bandwidth: 3.15, artifactory_bandwidth: 63.61
[2026-07-30 17:59:54] [INFO] [INFRA_SIMULATOR] s3_storage | Status: Healthy | Metrics: latency: 15.17, space: 1421, bandwidth: 88, bitbucket_space: 450, jenkins_space: 125, artifactory_space: 1451, fortify_space: 85, teamcity_space: 220, bitbucket_bandwidth: 12.17, jenkins_bandwidth: 3.18, artifactory_bandwidth: 63.59
[2026-07-30 18:00:04] [INFO] [INFRA_SIMULATOR] s3_storage | Status: Healthy | Metrics: latency: 15.94, space: 1421, bandwidth: 84, bitbucket_space: 451, jenkins_space: 125, artifactory_space: 1450, fortify_space: 85, teamcity_space: 220, bitbucket_bandwidth: 12.38, jenkins_bandwidth: 3.03, artifactory_bandwidth: 65.5
[2026-07-30 18:00:04] [INFO] [LOG_AGENT] [S3-BUCK] Performing multipart backup archiving snapshot sentinel_db_dump.sql (bandwidth: 84.5 MB/s)
[2026-07-30 18:00:14] [INFO] [INFRA_SIMULATOR] s3_storage | Status: Healthy | Metrics: latency: 15.33, space: 1420, bandwidth: 81, bitbucket_space: 450, jenkins_space: 125, artifactory_space: 1450, fortify_space: 85, teamcity_space: 220, bitbucket_bandwidth: 12.63, jenkins_bandwidth: 3, artifactory_bandwidth: 64.53
[2026-07-30 18:00:24] [INFO] [INFRA_SIMULATOR] s3_storage | Status: Healthy | Metrics: latency: 14.98, space: 1423, bandwidth: 85, bitbucket_space: 451, jenkins_space: 125, artifactory_space: 1450, fortify_space: 85, teamcity_space: 220, bitbucket_bandwidth: 12.63, jenkins_bandwidth: 3.26, artifactory_bandwidth: 66.26
[2026-07-30 18:00:24] [INFO] [LOG_AGENT] [S3-BUCK] Performing multipart backup archiving snapshot sentinel_db_dump.sql (bandwidth: 84.5 MB/s)
[2026-07-30 18:00:34] [INFO] [INFRA_SIMULATOR] s3_storage | Status: Healthy | Metrics: latency: 16.17, space: 1420, bandwidth: 82, bitbucket_space: 450, jenkins_space: 125, artifactory_space: 1452, fortify_space: 85, teamcity_space: 220, bitbucket_bandwidth: 12.27, jenkins_bandwidth: 3.33, artifactory_bandwidth: 65.08
[2026-07-30 18:00:44] [INFO] [INFRA_SIMULATOR] s3_storage | Status: Healthy | Metrics: latency: 14.42, space: 1423, bandwidth: 82, bitbucket_space: 450, jenkins_space: 125, artifactory_space: 1452, fortify_space: 85, teamcity_space: 220, bitbucket_bandwidth: 12.35, jenkins_bandwidth: 3.13, artifactory_bandwidth: 62.94
[2026-07-30 18:00:54] [INFO] [INFRA_SIMULATOR] s3_storage | Status: Healthy | Metrics: latency: 15.8, space: 1420, bandwidth: 88, bitbucket_space: 450, jenkins_space: 125, artifactory_space: 1452, fortify_space: 85, teamcity_space: 220, bitbucket_bandwidth: 12.18, jenkins_bandwidth: 3.12, artifactory_bandwidth: 63.44
[2026-07-30 18:01:04] [INFO] [INFRA_SIMULATOR] s3_storage | Status: Healthy | Metrics: latency: 15.59, space: 1424, bandwidth: 81, bitbucket_space: 451, jenkins_space: 125, artifactory_space: 1451, fortify_space: 85, teamcity_space: 220, bitbucket_bandwidth: 12.41, jenkins_bandwidth: 3.04, artifactory_bandwidth: 65.5
[2026-07-30 18:01:14] [INFO] [INFRA_SIMULATOR] s3_storage | Status: Healthy | Metrics: latency: 15.72, space: 1423, bandwidth: 88, bitbucket_space: 450, jenkins_space: 125, artifactory_space: 1452, fortify_space: 85, teamcity_space: 220, bitbucket_bandwidth: 12.08, jenkins_bandwidth: 3.23, artifactory_bandwidth: 64.91
[2026-07-30 18:01:24] [INFO] [INFRA_SIMULATOR] s3_storage | Status: Healthy | Metrics: latency: 15.38, space: 1420, bandwidth: 83, bitbucket_space: 451, jenkins_space: 125, artifactory_space: 1450, fortify_space: 85, teamcity_space: 220, bitbucket_bandwidth: 12.25, jenkins_bandwidth: 3.42, artifactory_bandwidth: 66.26
[2026-07-30 18:01:34] [INFO] [INFRA_SIMULATOR] s3_storage | Status: Healthy | Metrics: latency: 14.54, space: 1420, bandwidth: 86, bitbucket_space: 451, jenkins_space: 125, artifactory_space: 1451, fortify_space: 85, teamcity_space: 220, bitbucket_bandwidth: 12.75, jenkins_bandwidth: 2.96, artifactory_bandwidth: 65.09
[2026-07-30 18:01:44] [INFO] [INFRA_SIMULATOR] s3_storage | Status: Healthy | Metrics: latency: 14.47, space: 1423, bandwidth: 87, bitbucket_space: 450, jenkins_space: 125, artifactory_space: 1451, fortify_space: 85, teamcity_space: 220, bitbucket_bandwidth: 12.52, jenkins_bandwidth: 3.05, artifactory_bandwidth: 63.85
[2026-07-30 18:01:54] [INFO] [INFRA_SIMULATOR] s3_storage | Status: Healthy | Metrics: latency: 15.55, space: 1421, bandwidth: 86, bitbucket_space: 451, jenkins_space: 125, artifactory_space: 1451, fortify_space: 85, teamcity_space: 220, bitbucket_bandwidth: 12.03, jenkins_bandwidth: 3.08, artifactory_bandwidth: 62.84
[2026-07-30 18:01:54] [INFO] [LOG_AGENT] [S3-BUCK] Performing multipart backup archiving snapshot sentinel_db_dump.sql (bandwidth: 84.5 MB/s)
[2026-07-30 18:02:04] [INFO] [INFRA_SIMULATOR] s3_storage | Status: Healthy | Metrics: latency: 15.09, space: 1424, bandwidth: 85, bitbucket_space: 451, jenkins_space: 125, artifactory_space: 1451, fortify_space: 85, teamcity_space: 220, bitbucket_bandwidth: 12.05, jenkins_bandwidth: 3.39, artifactory_bandwidth: 63.09
[2026-07-30 18:02:04] [INFO] [LOG_AGENT] [S3-BUCK] Performing multipart backup archiving snapshot sentinel_db_dump.sql (bandwidth: 84.5 MB/s)
[2026-07-30 18:02:14] [INFO] [INFRA_SIMULATOR] s3_storage | Status: Healthy | Metrics: latency: 16.33, space: 1420, bandwidth: 83, bitbucket_space: 451, jenkins_space: 125, artifactory_space: 1452, fortify_space: 85, teamcity_space: 220, bitbucket_bandwidth: 12.55, jenkins_bandwidth: 3.36, artifactory_bandwidth: 66.59
[2026-07-30 18:02:24] [INFO] [INFRA_SIMULATOR] s3_storage | Status: Healthy | Metrics: latency: 15.78, space: 1420, bandwidth: 85, bitbucket_space: 450, jenkins_space: 125, artifactory_space: 1451, fortify_space: 85, teamcity_space: 220, bitbucket_bandwidth: 12.91, jenkins_bandwidth: 3.44, artifactory_bandwidth: 66.01
[2026-07-30 18:02:34] [INFO] [INFRA_SIMULATOR] s3_storage | Status: Healthy | Metrics: latency: 15.82, space: 1421, bandwidth: 84, bitbucket_space: 450, jenkins_space: 125, artifactory_space: 1451, fortify_space: 85, teamcity_space: 220, bitbucket_bandwidth: 12.06, jenkins_bandwidth: 3.39, artifactory_bandwidth: 64.62
[2026-07-30 18:02:44] [INFO] [INFRA_SIMULATOR] s3_storage | Status: Healthy | Metrics: latency: 14.52, space: 1423, bandwidth: 86, bitbucket_space: 451, jenkins_space: 125, artifactory_space: 1452, fortify_space: 85, teamcity_space: 220, bitbucket_bandwidth: 12.04, jenkins_bandwidth: 3.2, artifactory_bandwidth: 66.49
[2026-07-30 18:02:54] [INFO] [INFRA_SIMULATOR] s3_storage | Status: Healthy | Metrics: latency: 15.72, space: 1420, bandwidth: 87, bitbucket_space: 451, jenkins_space: 125, artifactory_space: 1451, fortify_space: 85, teamcity_space: 220, bitbucket_bandwidth: 12.41, jenkins_bandwidth: 2.98, artifactory_bandwidth: 65.59
[2026-07-30 18:03:04] [INFO] [INFRA_SIMULATOR] s3_storage | Status: Healthy | Metrics: latency: 15.67, space: 1420, bandwidth: 84, bitbucket_space: 451, jenkins_space: 125, artifactory_space: 1450, fortify_space: 85, teamcity_space: 220, bitbucket_bandwidth: 12.97, jenkins_bandwidth: 3.04, artifactory_bandwidth: 66.8
[2026-07-30 18:03:14] [INFO] [INFRA_SIMULATOR] s3_storage | Status: Healthy | Metrics: latency: 15.54, space: 1421, bandwidth: 87, bitbucket_space: 451, jenkins_space: 125, artifactory_space: 1451, fortify_space: 85, teamcity_space: 220, bitbucket_bandwidth: 12.45, jenkins_bandwidth: 2.99, artifactory_bandwidth: 62.88
[2026-07-30 18:03:24] [INFO] [INFRA_SIMULATOR] s3_storage | Status: Healthy | Metrics: latency: 14.66, space: 1424, bandwidth: 86, bitbucket_space: 451, jenkins_space: 125, artifactory_space: 1451, fortify_space: 85, teamcity_space: 220, bitbucket_bandwidth: 12.51, jenkins_bandwidth: 3.18, artifactory_bandwidth: 65.87
[2026-07-30 18:03:34] [INFO] [INFRA_SIMULATOR] s3_storage | Status: Healthy | Metrics: latency: 14.97, space: 1420, bandwidth: 85, bitbucket_space: 451, jenkins_space: 125, artifactory_space: 1452, fortify_space: 85, teamcity_space: 220, bitbucket_bandwidth: 12.83, jenkins_bandwidth: 2.96, artifactory_bandwidth: 66.47
[2026-07-30 18:03:44] [INFO] [INFRA_SIMULATOR] s3_storage | Status: Healthy | Metrics: latency: 16.12, space: 1421, bandwidth: 82, bitbucket_space: 451, jenkins_space: 125, artifactory_space: 1452, fortify_space: 85, teamcity_space: 220, bitbucket_bandwidth: 12.86, jenkins_bandwidth: 3.35, artifactory_bandwidth: 65.19
[2026-07-30 18:03:54] [INFO] [INFRA_SIMULATOR] s3_storage | Status: Healthy | Metrics: latency: 15.01, space: 1421, bandwidth: 83, bitbucket_space: 450, jenkins_space: 125, artifactory_space: 1452, fortify_space: 85, teamcity_space: 220, bitbucket_bandwidth: 12.78, jenkins_bandwidth: 3.03, artifactory_bandwidth: 65.62
[2026-07-30 18:03:54] [INFO] [LOG_AGENT] [S3-BUCK] Performing multipart backup archiving snapshot sentinel_db_dump.sql (bandwidth: 84.5 MB/s)
[2026-07-30 18:04:04] [INFO] [INFRA_SIMULATOR] s3_storage | Status: Healthy | Metrics: latency: 14.68, space: 1424, bandwidth: 85, bitbucket_space: 450, jenkins_space: 125, artifactory_space: 1452, fortify_space: 85, teamcity_space: 220, bitbucket_bandwidth: 12.43, jenkins_bandwidth: 3.02, artifactory_bandwidth: 64.02
[2026-07-30 18:04:04] [INFO] [LOG_AGENT] [S3-BUCK] Performing multipart backup archiving snapshot sentinel_db_dump.sql (bandwidth: 84.5 MB/s)
[2026-07-30 18:04:14] [INFO] [INFRA_SIMULATOR] s3_storage | Status: Healthy | Metrics: latency: 14.49, space: 1421, bandwidth: 82, bitbucket_space: 450, jenkins_space: 125, artifactory_space: 1451, fortify_space: 85, teamcity_space: 220, bitbucket_bandwidth: 12.7, jenkins_bandwidth: 3.01, artifactory_bandwidth: 64.92
[2026-07-30 18:04:24] [INFO] [INFRA_SIMULATOR] s3_storage | Status: Healthy | Metrics: latency: 15.47, space: 1421, bandwidth: 82, bitbucket_space: 451, jenkins_space: 125, artifactory_space: 1452, fortify_space: 85, teamcity_space: 220, bitbucket_bandwidth: 12.05, jenkins_bandwidth: 3.08, artifactory_bandwidth: 63.49
[2026-07-30 18:04:34] [INFO] [INFRA_SIMULATOR] s3_storage | Status: Healthy | Metrics: latency: 15.05, space: 1420, bandwidth: 86, bitbucket_space: 450, jenkins_space: 125, artifactory_space: 1450, fortify_space: 85, teamcity_space: 220, bitbucket_bandwidth: 12.99, jenkins_bandwidth: 3.33, artifactory_bandwidth: 65.61
[2026-07-30 18:04:44] [INFO] [INFRA_SIMULATOR] s3_storage | Status: Healthy | Metrics: latency: 15.29, space: 1421, bandwidth: 85, bitbucket_space: 451, jenkins_space: 125, artifactory_space: 1452, fortify_space: 85, teamcity_space: 220, bitbucket_bandwidth: 12.77, jenkins_bandwidth: 3.06, artifactory_bandwidth: 63.09
[2026-07-30 18:04:54] [INFO] [INFRA_SIMULATOR] s3_storage | Status: Healthy | Metrics: latency: 15.14, space: 1420, bandwidth: 83, bitbucket_space: 451, jenkins_space: 125, artifactory_space: 1450, fortify_space: 85, teamcity_space: 220, bitbucket_bandwidth: 12.77, jenkins_bandwidth: 3.1, artifactory_bandwidth: 66.38
[2026-07-30 18:05:04] [INFO] [INFRA_SIMULATOR] s3_storage | Status: Healthy | Metrics: latency: 15.31, space: 1424, bandwidth: 88, bitbucket_space: 450, jenkins_space: 125, artifactory_space: 1451, fortify_space: 85, teamcity_space: 220, bitbucket_bandwidth: 12.13, jenkins_bandwidth: 3.29, artifactory_bandwidth: 65.14
[2026-07-30 18:05:14] [INFO] [INFRA_SIMULATOR] s3_storage | Status: Healthy | Metrics: latency: 15.9, space: 1420, bandwidth: 84, bitbucket_space: 450, jenkins_space: 125, artifactory_space: 1451, fortify_space: 85, teamcity_space: 220, bitbucket_bandwidth: 12.62, jenkins_bandwidth: 3.25, artifactory_bandwidth: 64.68
[2026-07-30 18:05:14] [INFO] [LOG_AGENT] [S3-BUCK] Performing multipart backup archiving snapshot sentinel_db_dump.sql (bandwidth: 84.5 MB/s)
[2026-07-30 18:05:24] [INFO] [INFRA_SIMULATOR] s3_storage | Status: Healthy | Metrics: latency: 16.03, space: 1420, bandwidth: 86, bitbucket_space: 451, jenkins_space: 125, artifactory_space: 1452, fortify_space: 85, teamcity_space: 220, bitbucket_bandwidth: 12.24, jenkins_bandwidth: 3.42, artifactory_bandwidth: 65.55
[2026-07-30 18:05:34] [INFO] [INFRA_SIMULATOR] s3_storage | Status: Healthy | Metrics: latency: 15.62, space: 1424, bandwidth: 83, bitbucket_space: 450, jenkins_space: 125, artifactory_space: 1452, fortify_space: 85, teamcity_space: 220, bitbucket_bandwidth: 12.39, jenkins_bandwidth: 3.22, artifactory_bandwidth: 64.03
[2026-07-30 18:05:44] [INFO] [INFRA_SIMULATOR] s3_storage | Status: Healthy | Metrics: latency: 14.41, space: 1421, bandwidth: 86, bitbucket_space: 451, jenkins_space: 125, artifactory_space: 1452, fortify_space: 85, teamcity_space: 220, bitbucket_bandwidth: 12.26, jenkins_bandwidth: 3.12, artifactory_bandwidth: 66.38
[2026-07-30 18:05:54] [INFO] [INFRA_SIMULATOR] s3_storage | Status: Healthy | Metrics: latency: 15.98, space: 1422, bandwidth: 81, bitbucket_space: 450, jenkins_space: 125, artifactory_space: 1452, fortify_space: 85, teamcity_space: 220, bitbucket_bandwidth: 12.06, jenkins_bandwidth: 3.38, artifactory_bandwidth: 65.79
[2026-07-30 18:06:04] [INFO] [INFRA_SIMULATOR] s3_storage | Status: Healthy | Metrics: latency: 15.41, space: 1422, bandwidth: 87, bitbucket_space: 450, jenkins_space: 125, artifactory_space: 1451, fortify_space: 85, teamcity_space: 220, bitbucket_bandwidth: 12.63, jenkins_bandwidth: 3.06, artifactory_bandwidth: 62.83
[2026-07-30 18:06:14] [INFO] [INFRA_SIMULATOR] s3_storage | Status: Healthy | Metrics: latency: 15.09, space: 1420, bandwidth: 81, bitbucket_space: 451, jenkins_space: 125, artifactory_space: 1450, fortify_space: 85, teamcity_space: 220, bitbucket_bandwidth: 12.51, jenkins_bandwidth: 3.15, artifactory_bandwidth: 62.81
[2026-07-30 18:06:14] [INFO] [LOG_AGENT] [S3-BUCK] Performing multipart backup archiving snapshot sentinel_db_dump.sql (bandwidth: 84.5 MB/s)
[2026-07-30 18:06:24] [INFO] [INFRA_SIMULATOR] s3_storage | Status: Healthy | Metrics: latency: 15.53, space: 1424, bandwidth: 82, bitbucket_space: 450, jenkins_space: 125, artifactory_space: 1452, fortify_space: 85, teamcity_space: 220, bitbucket_bandwidth: 12.53, jenkins_bandwidth: 3.24, artifactory_bandwidth: 66.38
[2026-07-30 18:06:34] [INFO] [INFRA_SIMULATOR] s3_storage | Status: Healthy | Metrics: latency: 15.35, space: 1422, bandwidth: 87, bitbucket_space: 450, jenkins_space: 125, artifactory_space: 1451, fortify_space: 85, teamcity_space: 220, bitbucket_bandwidth: 12.39, jenkins_bandwidth: 3.36, artifactory_bandwidth: 62.95
[2026-07-30 18:06:44] [INFO] [INFRA_SIMULATOR] s3_storage | Status: Healthy | Metrics: latency: 14.88, space: 1424, bandwidth: 81, bitbucket_space: 450, jenkins_space: 125, artifactory_space: 1451, fortify_space: 85, teamcity_space: 220, bitbucket_bandwidth: 12.1, jenkins_bandwidth: 3.32, artifactory_bandwidth: 65.83
[2026-07-30 18:06:54] [INFO] [INFRA_SIMULATOR] s3_storage | Status: Healthy | Metrics: latency: 15.4, space: 1420, bandwidth: 82, bitbucket_space: 451, jenkins_space: 125, artifactory_space: 1452, fortify_space: 85, teamcity_space: 220, bitbucket_bandwidth: 13, jenkins_bandwidth: 3.09, artifactory_bandwidth: 66.54
[2026-07-30 18:06:54] [INFO] [LOG_AGENT] [S3-BUCK] Performing multipart backup archiving snapshot sentinel_db_dump.sql (bandwidth: 84.5 MB/s)
[2026-07-30 18:07:04] [INFO] [INFRA_SIMULATOR] s3_storage | Status: Healthy | Metrics: latency: 15.19, space: 1420, bandwidth: 88, bitbucket_space: 450, jenkins_space: 125, artifactory_space: 1450, fortify_space: 85, teamcity_space: 220, bitbucket_bandwidth: 12.33, jenkins_bandwidth: 3.14, artifactory_bandwidth: 64.8
[2026-07-30 18:07:14] [INFO] [INFRA_SIMULATOR] s3_storage | Status: Healthy | Metrics: latency: 14.48, space: 1424, bandwidth: 84, bitbucket_space: 450, jenkins_space: 125, artifactory_space: 1450, fortify_space: 85, teamcity_space: 220, bitbucket_bandwidth: 12.32, jenkins_bandwidth: 3.18, artifactory_bandwidth: 66.02
[2026-07-30 18:07:14] [INFO] [LOG_AGENT] [S3-BUCK] Performing multipart backup archiving snapshot sentinel_db_dump.sql (bandwidth: 84.5 MB/s)
[2026-07-30 18:07:24] [INFO] [INFRA_SIMULATOR] s3_storage | Status: Healthy | Metrics: latency: 16.27, space: 1420, bandwidth: 82, bitbucket_space: 451, jenkins_space: 125, artifactory_space: 1451, fortify_space: 85, teamcity_space: 220, bitbucket_bandwidth: 12.22, jenkins_bandwidth: 3.03, artifactory_bandwidth: 66.4
[2026-07-30 18:07:34] [INFO] [INFRA_SIMULATOR] s3_storage | Status: Healthy | Metrics: latency: 15.45, space: 1421, bandwidth: 86, bitbucket_space: 451, jenkins_space: 125, artifactory_space: 1450, fortify_space: 85, teamcity_space: 220, bitbucket_bandwidth: 12.51, jenkins_bandwidth: 2.96, artifactory_bandwidth: 63.04
[2026-07-30 18:07:44] [INFO] [INFRA_SIMULATOR] s3_storage | Status: Healthy | Metrics: latency: 14.66, space: 1423, bandwidth: 82, bitbucket_space: 451, jenkins_space: 125, artifactory_space: 1451, fortify_space: 85, teamcity_space: 220, bitbucket_bandwidth: 12.58, jenkins_bandwidth: 3.42, artifactory_bandwidth: 65.06
[2026-07-30 18:07:54] [INFO] [INFRA_SIMULATOR] s3_storage | Status: Healthy | Metrics: latency: 16.21, space: 1420, bandwidth: 85, bitbucket_space: 451, jenkins_space: 125, artifactory_space: 1452, fortify_space: 85, teamcity_space: 220, bitbucket_bandwidth: 12.48, jenkins_bandwidth: 3.45, artifactory_bandwidth: 66.8
[2026-07-30 18:08:04] [INFO] [INFRA_SIMULATOR] s3_storage | Status: Healthy | Metrics: latency: 15.83, space: 1423, bandwidth: 83, bitbucket_space: 451, jenkins_space: 125, artifactory_space: 1450, fortify_space: 85, teamcity_space: 220, bitbucket_bandwidth: 12.76, jenkins_bandwidth: 3.05, artifactory_bandwidth: 63.5
[2026-07-30 18:08:14] [INFO] [INFRA_SIMULATOR] s3_storage | Status: Healthy | Metrics: latency: 15.64, space: 1421, bandwidth: 86, bitbucket_space: 451, jenkins_space: 125, artifactory_space: 1450, fortify_space: 85, teamcity_space: 220, bitbucket_bandwidth: 12.74, jenkins_bandwidth: 3.16, artifactory_bandwidth: 62.93
[2026-07-30 18:08:24] [INFO] [INFRA_SIMULATOR] s3_storage | Status: Healthy | Metrics: latency: 14.52, space: 1420, bandwidth: 86, bitbucket_space: 450, jenkins_space: 125, artifactory_space: 1450, fortify_space: 85, teamcity_space: 220, bitbucket_bandwidth: 12.79, jenkins_bandwidth: 3.17, artifactory_bandwidth: 65.05
[2026-07-30 18:08:34] [INFO] [INFRA_SIMULATOR] s3_storage | Status: Healthy | Metrics: latency: 15.92, space: 1423, bandwidth: 86, bitbucket_space: 451, jenkins_space: 125, artifactory_space: 1451, fortify_space: 85, teamcity_space: 220, bitbucket_bandwidth: 12.32, jenkins_bandwidth: 3.09, artifactory_bandwidth: 65.42
[2026-07-30 18:08:44] [INFO] [INFRA_SIMULATOR] s3_storage | Status: Healthy | Metrics: latency: 15.99, space: 1423, bandwidth: 86, bitbucket_space: 451, jenkins_space: 125, artifactory_space: 1450, fortify_space: 85, teamcity_space: 220, bitbucket_bandwidth: 12.61, jenkins_bandwidth: 3.44, artifactory_bandwidth: 64.73
[2026-07-30 18:08:44] [INFO] [LOG_AGENT] [S3-BUCK] Performing multipart backup archiving snapshot sentinel_db_dump.sql (bandwidth: 84.5 MB/s)
[2026-07-30 18:08:54] [INFO] [INFRA_SIMULATOR] s3_storage | Status: Healthy | Metrics: latency: 15.36, space: 1421, bandwidth: 85, bitbucket_space: 451, jenkins_space: 125, artifactory_space: 1450, fortify_space: 85, teamcity_space: 220, bitbucket_bandwidth: 12.72, jenkins_bandwidth: 3.24, artifactory_bandwidth: 64.48
[2026-07-30 18:09:04] [INFO] [INFRA_SIMULATOR] s3_storage | Status: Healthy | Metrics: latency: 16.2, space: 1422, bandwidth: 85, bitbucket_space: 451, jenkins_space: 125, artifactory_space: 1450, fortify_space: 85, teamcity_space: 220, bitbucket_bandwidth: 12.7, jenkins_bandwidth: 3.05, artifactory_bandwidth: 63.58
[2026-07-30 18:09:14] [INFO] [INFRA_SIMULATOR] s3_storage | Status: Healthy | Metrics: latency: 15.59, space: 1423, bandwidth: 86, bitbucket_space: 450, jenkins_space: 125, artifactory_space: 1452, fortify_space: 85, teamcity_space: 220, bitbucket_bandwidth: 12.38, jenkins_bandwidth: 3.09, artifactory_bandwidth: 65.62
[2026-07-30 18:09:24] [INFO] [INFRA_SIMULATOR] s3_storage | Status: Healthy | Metrics: latency: 16.3, space: 1424, bandwidth: 87, bitbucket_space: 451, jenkins_space: 125, artifactory_space: 1450, fortify_space: 85, teamcity_space: 220, bitbucket_bandwidth: 12.98, jenkins_bandwidth: 3.38, artifactory_bandwidth: 63.62
[2026-07-30 18:09:34] [INFO] [INFRA_SIMULATOR] s3_storage | Status: Healthy | Metrics: latency: 15.13, space: 1423, bandwidth: 83, bitbucket_space: 451, jenkins_space: 125, artifactory_space: 1452, fortify_space: 85, teamcity_space: 220, bitbucket_bandwidth: 12.55, jenkins_bandwidth: 3.02, artifactory_bandwidth: 65.82
[2026-07-30 18:09:44] [INFO] [INFRA_SIMULATOR] s3_storage | Status: Healthy | Metrics: latency: 14.44, space: 1422, bandwidth: 88, bitbucket_space: 450, jenkins_space: 125, artifactory_space: 1451, fortify_space: 85, teamcity_space: 220, bitbucket_bandwidth: 12.94, jenkins_bandwidth: 3.1, artifactory_bandwidth: 62.92
[2026-07-30 18:09:54] [INFO] [INFRA_SIMULATOR] s3_storage | Status: Healthy | Metrics: latency: 14.78, space: 1420, bandwidth: 84, bitbucket_space: 450, jenkins_space: 125, artifactory_space: 1450, fortify_space: 85, teamcity_space: 220, bitbucket_bandwidth: 12.74, jenkins_bandwidth: 3.38, artifactory_bandwidth: 65.31
[2026-07-30 18:10:04] [INFO] [INFRA_SIMULATOR] s3_storage | Status: Healthy | Metrics: latency: 15.38, space: 1420, bandwidth: 82, bitbucket_space: 450, jenkins_space: 125, artifactory_space: 1452, fortify_space: 85, teamcity_space: 220, bitbucket_bandwidth: 12.7, jenkins_bandwidth: 3.24, artifactory_bandwidth: 65.12
[2026-07-30 18:10:04] [INFO] [LOG_AGENT] [S3-BUCK] Performing multipart backup archiving snapshot sentinel_db_dump.sql (bandwidth: 84.5 MB/s)
[2026-07-30 18:10:14] [INFO] [INFRA_SIMULATOR] s3_storage | Status: Healthy | Metrics: latency: 16.04, space: 1422, bandwidth: 81, bitbucket_space: 450, jenkins_space: 125, artifactory_space: 1452, fortify_space: 85, teamcity_space: 220, bitbucket_bandwidth: 12.81, jenkins_bandwidth: 3.3, artifactory_bandwidth: 64.04
[2026-07-30 18:10:24] [INFO] [INFRA_SIMULATOR] s3_storage | Status: Healthy | Metrics: latency: 14.9, space: 1420, bandwidth: 82, bitbucket_space: 450, jenkins_space: 125, artifactory_space: 1450, fortify_space: 85, teamcity_space: 220, bitbucket_bandwidth: 12.94, jenkins_bandwidth: 3.24, artifactory_bandwidth: 64.84
[2026-07-30 18:10:34] [INFO] [INFRA_SIMULATOR] s3_storage | Status: Healthy | Metrics: latency: 14.44, space: 1423, bandwidth: 86, bitbucket_space: 450, jenkins_space: 125, artifactory_space: 1452, fortify_space: 85, teamcity_space: 220, bitbucket_bandwidth: 12.44, jenkins_bandwidth: 3.04, artifactory_bandwidth: 65.06
[2026-07-30 18:10:44] [INFO] [INFRA_SIMULATOR] s3_storage | Status: Healthy | Metrics: latency: 15.66, space: 1423, bandwidth: 86, bitbucket_space: 450, jenkins_space: 125, artifactory_space: 1450, fortify_space: 85, teamcity_space: 220, bitbucket_bandwidth: 12.99, jenkins_bandwidth: 3.19, artifactory_bandwidth: 64.11
[2026-07-30 18:10:54] [INFO] [INFRA_SIMULATOR] s3_storage | Status: Healthy | Metrics: latency: 16.3, space: 1420, bandwidth: 85, bitbucket_space: 450, jenkins_space: 125, artifactory_space: 1451, fortify_space: 85, teamcity_space: 220, bitbucket_bandwidth: 12.38, jenkins_bandwidth: 3.18, artifactory_bandwidth: 65.39
[2026-07-30 18:11:04] [INFO] [INFRA_SIMULATOR] s3_storage | Status: Healthy | Metrics: latency: 16.13, space: 1420, bandwidth: 81, bitbucket_space: 450, jenkins_space: 125, artifactory_space: 1450, fortify_space: 85, teamcity_space: 220, bitbucket_bandwidth: 12.01, jenkins_bandwidth: 3.33, artifactory_bandwidth: 65.76
[2026-07-30 18:11:14] [INFO] [INFRA_SIMULATOR] s3_storage | Status: Healthy | Metrics: latency: 14.9, space: 1422, bandwidth: 85, bitbucket_space: 451, jenkins_space: 125, artifactory_space: 1450, fortify_space: 85, teamcity_space: 220, bitbucket_bandwidth: 12.76, jenkins_bandwidth: 3.12, artifactory_bandwidth: 66.71
[2026-07-30 18:11:14] [INFO] [LOG_AGENT] [S3-BUCK] Performing multipart backup archiving snapshot sentinel_db_dump.sql (bandwidth: 84.5 MB/s)
[2026-07-30 18:11:24] [INFO] [INFRA_SIMULATOR] s3_storage | Status: Healthy | Metrics: latency: 15.53, space: 1422, bandwidth: 87, bitbucket_space: 450, jenkins_space: 125, artifactory_space: 1451, fortify_space: 85, teamcity_space: 220, bitbucket_bandwidth: 12.92, jenkins_bandwidth: 3.11, artifactory_bandwidth: 66.77
[2026-07-30 18:11:34] [INFO] [INFRA_SIMULATOR] s3_storage | Status: Healthy | Metrics: latency: 16.33, space: 1420, bandwidth: 88, bitbucket_space: 450, jenkins_space: 125, artifactory_space: 1451, fortify_space: 85, teamcity_space: 220, bitbucket_bandwidth: 12.59, jenkins_bandwidth: 3.16, artifactory_bandwidth: 63.13
[2026-07-30 18:11:44] [INFO] [INFRA_SIMULATOR] s3_storage | Status: Healthy | Metrics: latency: 15.65, space: 1422, bandwidth: 81, bitbucket_space: 450, jenkins_space: 125, artifactory_space: 1451, fortify_space: 85, teamcity_space: 220, bitbucket_bandwidth: 12.76, jenkins_bandwidth: 3.36, artifactory_bandwidth: 66.55
[2026-07-30 18:11:54] [INFO] [INFRA_SIMULATOR] s3_storage | Status: Healthy | Metrics: latency: 14.78, space: 1424, bandwidth: 82, bitbucket_space: 450, jenkins_space: 125, artifactory_space: 1450, fortify_space: 85, teamcity_space: 220, bitbucket_bandwidth: 12.97, jenkins_bandwidth: 3.18, artifactory_bandwidth: 64.24
[2026-07-30 18:12:04] [INFO] [INFRA_SIMULATOR] s3_storage | Status: Healthy | Metrics: latency: 15.77, space: 1421, bandwidth: 84, bitbucket_space: 451, jenkins_space: 125, artifactory_space: 1451, fortify_space: 85, teamcity_space: 220, bitbucket_bandwidth: 12.93, jenkins_bandwidth: 3.03, artifactory_bandwidth: 65.57
[2026-07-30 18:12:14] [INFO] [INFRA_SIMULATOR] s3_storage | Status: Healthy | Metrics: latency: 15.67, space: 1424, bandwidth: 86, bitbucket_space: 451, jenkins_space: 125, artifactory_space: 1450, fortify_space: 85, teamcity_space: 220, bitbucket_bandwidth: 12.36, jenkins_bandwidth: 3.14, artifactory_bandwidth: 64.5
[2026-07-30 18:12:24] [INFO] [INFRA_SIMULATOR] s3_storage | Status: Healthy | Metrics: latency: 15.05, space: 1421, bandwidth: 82, bitbucket_space: 450, jenkins_space: 125, artifactory_space: 1450, fortify_space: 85, teamcity_space: 220, bitbucket_bandwidth: 12.75, jenkins_bandwidth: 3.34, artifactory_bandwidth: 64.64
[2026-07-30 18:12:34] [INFO] [INFRA_SIMULATOR] s3_storage | Status: Healthy | Metrics: latency: 16.18, space: 1421, bandwidth: 83, bitbucket_space: 451, jenkins_space: 125, artifactory_space: 1452, fortify_space: 85, teamcity_space: 220, bitbucket_bandwidth: 12.44, jenkins_bandwidth: 3.38, artifactory_bandwidth: 62.98
[2026-07-30 18:12:44] [INFO] [INFRA_SIMULATOR] s3_storage | Status: Healthy | Metrics: latency: 16.22, space: 1424, bandwidth: 84, bitbucket_space: 450, jenkins_space: 125, artifactory_space: 1451, fortify_space: 85, teamcity_space: 220, bitbucket_bandwidth: 12.68, jenkins_bandwidth: 3.27, artifactory_bandwidth: 63.72
[2026-07-30 18:12:55] [INFO] [INFRA_SIMULATOR] s3_storage | Status: Healthy | Metrics: latency: 15.46, space: 1421, bandwidth: 87, bitbucket_space: 451, jenkins_space: 125, artifactory_space: 1451, fortify_space: 85, teamcity_space: 220, bitbucket_bandwidth: 12.35, jenkins_bandwidth: 2.97, artifactory_bandwidth: 62.88
[2026-07-30 18:13:04] [INFO] [INFRA_SIMULATOR] s3_storage | Status: Healthy | Metrics: latency: 16.02, space: 1424, bandwidth: 83, bitbucket_space: 451, jenkins_space: 125, artifactory_space: 1452, fortify_space: 85, teamcity_space: 220, bitbucket_bandwidth: 12.05, jenkins_bandwidth: 3.42, artifactory_bandwidth: 63.57
[2026-07-30 18:13:05] [INFO] [LOG_AGENT] [S3-BUCK] Performing multipart backup archiving snapshot sentinel_db_dump.sql (bandwidth: 84.5 MB/s)
[2026-07-30 18:13:15] [INFO] [INFRA_SIMULATOR] s3_storage | Status: Healthy | Metrics: latency: 15.46, space: 1420, bandwidth: 88, bitbucket_space: 451, jenkins_space: 125, artifactory_space: 1451, fortify_space: 85, teamcity_space: 220, bitbucket_bandwidth: 12.09, jenkins_bandwidth: 3.25, artifactory_bandwidth: 63.51
[2026-07-30 18:13:25] [INFO] [INFRA_SIMULATOR] s3_storage | Status: Healthy | Metrics: latency: 14.91, space: 1420, bandwidth: 82, bitbucket_space: 450, jenkins_space: 125, artifactory_space: 1450, fortify_space: 85, teamcity_space: 220, bitbucket_bandwidth: 12.06, jenkins_bandwidth: 3.27, artifactory_bandwidth: 66.07
[2026-07-30 18:13:35] [INFO] [INFRA_SIMULATOR] s3_storage | Status: Healthy | Metrics: latency: 15.82, space: 1422, bandwidth: 84, bitbucket_space: 450, jenkins_space: 125, artifactory_space: 1450, fortify_space: 85, teamcity_space: 220, bitbucket_bandwidth: 12.15, jenkins_bandwidth: 3.21, artifactory_bandwidth: 66.13
[2026-07-30 18:13:45] [INFO] [INFRA_SIMULATOR] s3_storage | Status: Healthy | Metrics: latency: 15.63, space: 1420, bandwidth: 83, bitbucket_space: 450, jenkins_space: 125, artifactory_space: 1452, fortify_space: 85, teamcity_space: 220, bitbucket_bandwidth: 12.28, jenkins_bandwidth: 3.41, artifactory_bandwidth: 65.96
[2026-07-30 18:13:55] [INFO] [INFRA_SIMULATOR] s3_storage | Status: Healthy | Metrics: latency: 14.45, space: 1423, bandwidth: 85, bitbucket_space: 451, jenkins_space: 125, artifactory_space: 1451, fortify_space: 85, teamcity_space: 220, bitbucket_bandwidth: 12.79, jenkins_bandwidth: 2.98, artifactory_bandwidth: 65.86
[2026-07-30 18:14:05] [INFO] [INFRA_SIMULATOR] s3_storage | Status: Healthy | Metrics: latency: 15.1, space: 1423, bandwidth: 84, bitbucket_space: 451, jenkins_space: 125, artifactory_space: 1452, fortify_space: 85, teamcity_space: 220, bitbucket_bandwidth: 12.82, jenkins_bandwidth: 2.99, artifactory_bandwidth: 64.37
[2026-07-30 18:14:15] [INFO] [INFRA_SIMULATOR] s3_storage | Status: Healthy | Metrics: latency: 15.65, space: 1421, bandwidth: 86, bitbucket_space: 450, jenkins_space: 125, artifactory_space: 1450, fortify_space: 85, teamcity_space: 220, bitbucket_bandwidth: 12.9, jenkins_bandwidth: 3.18, artifactory_bandwidth: 64.34
[2026-07-30 18:14:25] [INFO] [INFRA_SIMULATOR] s3_storage | Status: Healthy | Metrics: latency: 15.82, space: 1422, bandwidth: 83, bitbucket_space: 450, jenkins_space: 125, artifactory_space: 1450, fortify_space: 85, teamcity_space: 220, bitbucket_bandwidth: 12.54, jenkins_bandwidth: 3.32, artifactory_bandwidth: 63.96
[2026-07-30 18:14:35] [INFO] [INFRA_SIMULATOR] s3_storage | Status: Healthy | Metrics: latency: 14.86, space: 1420, bandwidth: 84, bitbucket_space: 450, jenkins_space: 125, artifactory_space: 1450, fortify_space: 85, teamcity_space: 220, bitbucket_bandwidth: 12.68, jenkins_bandwidth: 3.1, artifactory_bandwidth: 64.57
[2026-07-30 18:14:45] [INFO] [INFRA_SIMULATOR] s3_storage | Status: Healthy | Metrics: latency: 14.67, space: 1422, bandwidth: 86, bitbucket_space: 451, jenkins_space: 125, artifactory_space: 1450, fortify_space: 85, teamcity_space: 220, bitbucket_bandwidth: 12.91, jenkins_bandwidth: 3.28, artifactory_bandwidth: 66.56
[2026-07-30 18:14:55] [INFO] [INFRA_SIMULATOR] s3_storage | Status: Healthy | Metrics: latency: 15.84, space: 1424, bandwidth: 82, bitbucket_space: 450, jenkins_space: 125, artifactory_space: 1451, fortify_space: 85, teamcity_space: 220, bitbucket_bandwidth: 12.06, jenkins_bandwidth: 3.42, artifactory_bandwidth: 64.38
[2026-07-30 18:15:05] [INFO] [INFRA_SIMULATOR] s3_storage | Status: Healthy | Metrics: latency: 15.69, space: 1421, bandwidth: 82, bitbucket_space: 451, jenkins_space: 125, artifactory_space: 1450, fortify_space: 85, teamcity_space: 220, bitbucket_bandwidth: 12.23, jenkins_bandwidth: 3.04, artifactory_bandwidth: 63.09
[2026-07-30 18:15:15] [INFO] [INFRA_SIMULATOR] s3_storage | Status: Healthy | Metrics: latency: 14.97, space: 1420, bandwidth: 85, bitbucket_space: 451, jenkins_space: 125, artifactory_space: 1452, fortify_space: 85, teamcity_space: 220, bitbucket_bandwidth: 12.97, jenkins_bandwidth: 3.1, artifactory_bandwidth: 64.08
[2026-07-30 18:15:15] [INFO] [LOG_AGENT] [S3-BUCK] Performing multipart backup archiving snapshot sentinel_db_dump.sql (bandwidth: 84.5 MB/s)
[2026-07-30 18:15:25] [INFO] [INFRA_SIMULATOR] s3_storage | Status: Healthy | Metrics: latency: 15.24, space: 1421, bandwidth: 82, bitbucket_space: 451, jenkins_space: 125, artifactory_space: 1451, fortify_space: 85, teamcity_space: 220, bitbucket_bandwidth: 12.28, jenkins_bandwidth: 3.15, artifactory_bandwidth: 63.11
[2026-07-30 18:15:25] [INFO] [LOG_AGENT] [S3-BUCK] Performing multipart backup archiving snapshot sentinel_db_dump.sql (bandwidth: 84.5 MB/s)
[2026-07-30 18:15:35] [INFO] [INFRA_SIMULATOR] s3_storage | Status: Healthy | Metrics: latency: 16.06, space: 1423, bandwidth: 82, bitbucket_space: 451, jenkins_space: 125, artifactory_space: 1450, fortify_space: 85, teamcity_space: 220, bitbucket_bandwidth: 12.15, jenkins_bandwidth: 3.13, artifactory_bandwidth: 65.31
[2026-07-30 18:15:35] [INFO] [LOG_AGENT] [S3-BUCK] Performing multipart backup archiving snapshot sentinel_db_dump.sql (bandwidth: 84.5 MB/s)
[2026-07-30 18:15:45] [INFO] [INFRA_SIMULATOR] s3_storage | Status: Healthy | Metrics: latency: 15.11, space: 1421, bandwidth: 85, bitbucket_space: 451, jenkins_space: 125, artifactory_space: 1452, fortify_space: 85, teamcity_space: 220, bitbucket_bandwidth: 12.58, jenkins_bandwidth: 3.17, artifactory_bandwidth: 64.44
[2026-07-30 18:15:45] [INFO] [LOG_AGENT] [S3-BUCK] Performing multipart backup archiving snapshot sentinel_db_dump.sql (bandwidth: 84.5 MB/s)
[2026-07-30 18:15:55] [INFO] [INFRA_SIMULATOR] s3_storage | Status: Healthy | Metrics: latency: 16.3, space: 1424, bandwidth: 85, bitbucket_space: 450, jenkins_space: 125, artifactory_space: 1450, fortify_space: 85, teamcity_space: 220, bitbucket_bandwidth: 12.41, jenkins_bandwidth: 3.17, artifactory_bandwidth: 63.97
[2026-07-30 18:16:05] [INFO] [INFRA_SIMULATOR] s3_storage | Status: Healthy | Metrics: latency: 16.35, space: 1422, bandwidth: 85, bitbucket_space: 451, jenkins_space: 125, artifactory_space: 1450, fortify_space: 85, teamcity_space: 220, bitbucket_bandwidth: 12.65, jenkins_bandwidth: 3.14, artifactory_bandwidth: 65.47
[2026-07-30 18:16:15] [INFO] [INFRA_SIMULATOR] s3_storage | Status: Healthy | Metrics: latency: 15.75, space: 1424, bandwidth: 82, bitbucket_space: 451, jenkins_space: 125, artifactory_space: 1451, fortify_space: 85, teamcity_space: 220, bitbucket_bandwidth: 12.32, jenkins_bandwidth: 2.99, artifactory_bandwidth: 63.34
[2026-07-30 18:16:15] [INFO] [LOG_AGENT] [S3-BUCK] Performing multipart backup archiving snapshot sentinel_db_dump.sql (bandwidth: 84.5 MB/s)
[2026-07-30 18:16:25] [INFO] [INFRA_SIMULATOR] s3_storage | Status: Healthy | Metrics: latency: 15.76, space: 1421, bandwidth: 82, bitbucket_space: 451, jenkins_space: 125, artifactory_space: 1452, fortify_space: 85, teamcity_space: 220, bitbucket_bandwidth: 12.77, jenkins_bandwidth: 3.39, artifactory_bandwidth: 63.69
[2026-07-30 18:16:25] [INFO] [LOG_AGENT] [S3-BUCK] Performing multipart backup archiving snapshot sentinel_db_dump.sql (bandwidth: 84.5 MB/s)
[2026-07-30 18:16:35] [INFO] [INFRA_SIMULATOR] s3_storage | Status: Healthy | Metrics: latency: 16.23, space: 1422, bandwidth: 88, bitbucket_space: 450, jenkins_space: 125, artifactory_space: 1452, fortify_space: 85, teamcity_space: 220, bitbucket_bandwidth: 12.01, jenkins_bandwidth: 2.96, artifactory_bandwidth: 64.32
[2026-07-30 18:16:45] [INFO] [INFRA_SIMULATOR] s3_storage | Status: Healthy | Metrics: latency: 14.92, space: 1424, bandwidth: 81, bitbucket_space: 451, jenkins_space: 125, artifactory_space: 1450, fortify_space: 85, teamcity_space: 220, bitbucket_bandwidth: 12.79, jenkins_bandwidth: 3.24, artifactory_bandwidth: 65.55
[2026-07-30 18:16:55] [INFO] [INFRA_SIMULATOR] s3_storage | Status: Healthy | Metrics: latency: 15.16, space: 1423, bandwidth: 83, bitbucket_space: 451, jenkins_space: 125, artifactory_space: 1450, fortify_space: 85, teamcity_space: 220, bitbucket_bandwidth: 12.34, jenkins_bandwidth: 3.21, artifactory_bandwidth: 64.47
[2026-07-30 18:17:05] [INFO] [INFRA_SIMULATOR] s3_storage | Status: Healthy | Metrics: latency: 15.76, space: 1421, bandwidth: 87, bitbucket_space: 451, jenkins_space: 125, artifactory_space: 1451, fortify_space: 85, teamcity_space: 220, bitbucket_bandwidth: 12.95, jenkins_bandwidth: 3.19, artifactory_bandwidth: 65.02
[2026-07-30 18:17:15] [INFO] [INFRA_SIMULATOR] s3_storage | Status: Healthy | Metrics: latency: 16.32, space: 1420, bandwidth: 83, bitbucket_space: 451, jenkins_space: 125, artifactory_space: 1452, fortify_space: 85, teamcity_space: 220, bitbucket_bandwidth: 12.19, jenkins_bandwidth: 3.39, artifactory_bandwidth: 66.46
[2026-07-30 18:17:15] [INFO] [LOG_AGENT] [S3-BUCK] Performing multipart backup archiving snapshot sentinel_db_dump.sql (bandwidth: 84.5 MB/s)
[2026-07-30 18:17:25] [INFO] [INFRA_SIMULATOR] s3_storage | Status: Healthy | Metrics: latency: 14.58, space: 1421, bandwidth: 81, bitbucket_space: 450, jenkins_space: 125, artifactory_space: 1451, fortify_space: 85, teamcity_space: 220, bitbucket_bandwidth: 12.33, jenkins_bandwidth: 3.39, artifactory_bandwidth: 66.25
[2026-07-30 18:17:35] [INFO] [INFRA_SIMULATOR] s3_storage | Status: Healthy | Metrics: latency: 14.66, space: 1423, bandwidth: 81, bitbucket_space: 450, jenkins_space: 125, artifactory_space: 1450, fortify_space: 85, teamcity_space: 220, bitbucket_bandwidth: 12.06, jenkins_bandwidth: 3.03, artifactory_bandwidth: 66.77
[2026-07-30 18:17:45] [INFO] [INFRA_SIMULATOR] s3_storage | Status: Healthy | Metrics: latency: 15.39, space: 1424, bandwidth: 88, bitbucket_space: 451, jenkins_space: 125, artifactory_space: 1451, fortify_space: 85, teamcity_space: 220, bitbucket_bandwidth: 12.1, jenkins_bandwidth: 3.15, artifactory_bandwidth: 66.29
[2026-07-30 18:17:55] [INFO] [INFRA_SIMULATOR] s3_storage | Status: Healthy | Metrics: latency: 15.82, space: 1421, bandwidth: 86, bitbucket_space: 451, jenkins_space: 125, artifactory_space: 1451, fortify_space: 85, teamcity_space: 220, bitbucket_bandwidth: 12.54, jenkins_bandwidth: 2.98, artifactory_bandwidth: 64.98
[2026-07-30 18:18:05] [INFO] [INFRA_SIMULATOR] s3_storage | Status: Healthy | Metrics: latency: 16.09, space: 1423, bandwidth: 85, bitbucket_space: 451, jenkins_space: 125, artifactory_space: 1450, fortify_space: 85, teamcity_space: 220, bitbucket_bandwidth: 12.29, jenkins_bandwidth: 2.98, artifactory_bandwidth: 62.83
[2026-07-30 18:18:15] [INFO] [INFRA_SIMULATOR] s3_storage | Status: Healthy | Metrics: latency: 16.18, space: 1421, bandwidth: 86, bitbucket_space: 450, jenkins_space: 125, artifactory_space: 1452, fortify_space: 85, teamcity_space: 220, bitbucket_bandwidth: 12.45, jenkins_bandwidth: 3.12, artifactory_bandwidth: 66.75
[2026-07-30 18:18:25] [INFO] [INFRA_SIMULATOR] s3_storage | Status: Healthy | Metrics: latency: 16.22, space: 1424, bandwidth: 85, bitbucket_space: 450, jenkins_space: 125, artifactory_space: 1450, fortify_space: 85, teamcity_space: 220, bitbucket_bandwidth: 12.42, jenkins_bandwidth: 3.04, artifactory_bandwidth: 64.97
[2026-07-30 18:18:35] [INFO] [INFRA_SIMULATOR] s3_storage | Status: Healthy | Metrics: latency: 15.95, space: 1420, bandwidth: 84, bitbucket_space: 451, jenkins_space: 125, artifactory_space: 1450, fortify_space: 85, teamcity_space: 220, bitbucket_bandwidth: 12.74, jenkins_bandwidth: 3.17, artifactory_bandwidth: 66.26
[2026-07-30 18:18:45] [INFO] [INFRA_SIMULATOR] s3_storage | Status: Healthy | Metrics: latency: 15.03, space: 1422, bandwidth: 88, bitbucket_space: 451, jenkins_space: 125, artifactory_space: 1452, fortify_space: 85, teamcity_space: 220, bitbucket_bandwidth: 12.57, jenkins_bandwidth: 3.01, artifactory_bandwidth: 66.04
[2026-07-30 18:18:55] [INFO] [INFRA_SIMULATOR] s3_storage | Status: Healthy | Metrics: latency: 15.25, space: 1423, bandwidth: 87, bitbucket_space: 450, jenkins_space: 125, artifactory_space: 1450, fortify_space: 85, teamcity_space: 220, bitbucket_bandwidth: 12.33, jenkins_bandwidth: 3.19, artifactory_bandwidth: 63.51
[2026-07-30 18:19:05] [INFO] [INFRA_SIMULATOR] s3_storage | Status: Healthy | Metrics: latency: 14.93, space: 1424, bandwidth: 87, bitbucket_space: 450, jenkins_space: 125, artifactory_space: 1451, fortify_space: 85, teamcity_space: 220, bitbucket_bandwidth: 12.72, jenkins_bandwidth: 3.18, artifactory_bandwidth: 63.41
[2026-07-30 18:19:15] [INFO] [INFRA_SIMULATOR] s3_storage | Status: Healthy | Metrics: latency: 15.73, space: 1420, bandwidth: 83, bitbucket_space: 450, jenkins_space: 125, artifactory_space: 1451, fortify_space: 85, teamcity_space: 220, bitbucket_bandwidth: 12.32, jenkins_bandwidth: 2.95, artifactory_bandwidth: 66.66
[2026-07-30 18:19:15] [INFO] [LOG_AGENT] [S3-BUCK] Performing multipart backup archiving snapshot sentinel_db_dump.sql (bandwidth: 84.5 MB/s)
[2026-07-30 18:19:25] [INFO] [INFRA_SIMULATOR] s3_storage | Status: Healthy | Metrics: latency: 15.59, space: 1424, bandwidth: 86, bitbucket_space: 450, jenkins_space: 125, artifactory_space: 1450, fortify_space: 85, teamcity_space: 220, bitbucket_bandwidth: 12.43, jenkins_bandwidth: 3.27, artifactory_bandwidth: 66.67
[2026-07-30 18:19:25] [INFO] [LOG_AGENT] [S3-BUCK] Performing multipart backup archiving snapshot sentinel_db_dump.sql (bandwidth: 84.5 MB/s)
[2026-07-30 18:19:35] [INFO] [INFRA_SIMULATOR] s3_storage | Status: Healthy | Metrics: latency: 15.1, space: 1423, bandwidth: 85, bitbucket_space: 450, jenkins_space: 125, artifactory_space: 1451, fortify_space: 85, teamcity_space: 220, bitbucket_bandwidth: 12.62, jenkins_bandwidth: 3.11, artifactory_bandwidth: 64.12
[2026-07-30 18:19:45] [INFO] [INFRA_SIMULATOR] s3_storage | Status: Healthy | Metrics: latency: 14.65, space: 1424, bandwidth: 88, bitbucket_space: 450, jenkins_space: 125, artifactory_space: 1452, fortify_space: 85, teamcity_space: 220, bitbucket_bandwidth: 12.5, jenkins_bandwidth: 3.18, artifactory_bandwidth: 63.68
[2026-07-30 18:19:55] [INFO] [INFRA_SIMULATOR] s3_storage | Status: Healthy | Metrics: latency: 14.79, space: 1423, bandwidth: 85, bitbucket_space: 451, jenkins_space: 125, artifactory_space: 1452, fortify_space: 85, teamcity_space: 220, bitbucket_bandwidth: 12.42, jenkins_bandwidth: 3.23, artifactory_bandwidth: 63.71
[2026-07-30 18:20:05] [INFO] [INFRA_SIMULATOR] s3_storage | Status: Healthy | Metrics: latency: 14.46, space: 1420, bandwidth: 84, bitbucket_space: 450, jenkins_space: 125, artifactory_space: 1452, fortify_space: 85, teamcity_space: 220, bitbucket_bandwidth: 12.25, jenkins_bandwidth: 3.3, artifactory_bandwidth: 65.54
[2026-07-30 18:20:15] [INFO] [INFRA_SIMULATOR] s3_storage | Status: Healthy | Metrics: latency: 15.51, space: 1424, bandwidth: 85, bitbucket_space: 451, jenkins_space: 125, artifactory_space: 1451, fortify_space: 85, teamcity_space: 220, bitbucket_bandwidth: 12.89, jenkins_bandwidth: 2.99, artifactory_bandwidth: 66.46
[2026-07-30 18:20:25] [INFO] [INFRA_SIMULATOR] s3_storage | Status: Healthy | Metrics: latency: 16.08, space: 1423, bandwidth: 88, bitbucket_space: 450, jenkins_space: 125, artifactory_space: 1450, fortify_space: 85, teamcity_space: 220, bitbucket_bandwidth: 12.68, jenkins_bandwidth: 3.19, artifactory_bandwidth: 66.23
[2026-07-30 18:20:25] [INFO] [LOG_AGENT] [S3-BUCK] Performing multipart backup archiving snapshot sentinel_db_dump.sql (bandwidth: 84.5 MB/s)
[2026-07-30 18:20:35] [INFO] [INFRA_SIMULATOR] s3_storage | Status: Healthy | Metrics: latency: 15.75, space: 1420, bandwidth: 84, bitbucket_space: 451, jenkins_space: 125, artifactory_space: 1450, fortify_space: 85, teamcity_space: 220, bitbucket_bandwidth: 12.97, jenkins_bandwidth: 3.14, artifactory_bandwidth: 63.65
[2026-07-30 18:20:35] [INFO] [LOG_AGENT] [S3-BUCK] Performing multipart backup archiving snapshot sentinel_db_dump.sql (bandwidth: 84.5 MB/s)
[2026-07-30 18:20:45] [INFO] [INFRA_SIMULATOR] s3_storage | Status: Healthy | Metrics: latency: 16.25, space: 1423, bandwidth: 84, bitbucket_space: 450, jenkins_space: 125, artifactory_space: 1451, fortify_space: 85, teamcity_space: 220, bitbucket_bandwidth: 12.62, jenkins_bandwidth: 3.37, artifactory_bandwidth: 65.8
[2026-07-30 18:20:55] [INFO] [INFRA_SIMULATOR] s3_storage | Status: Healthy | Metrics: latency: 15.2, space: 1422, bandwidth: 84, bitbucket_space: 451, jenkins_space: 125, artifactory_space: 1451, fortify_space: 85, teamcity_space: 220, bitbucket_bandwidth: 12.75, jenkins_bandwidth: 3.22, artifactory_bandwidth: 65.48
[2026-07-30 18:21:05] [INFO] [INFRA_SIMULATOR] s3_storage | Status: Healthy | Metrics: latency: 15.57, space: 1422, bandwidth: 81, bitbucket_space: 451, jenkins_space: 125, artifactory_space: 1450, fortify_space: 85, teamcity_space: 220, bitbucket_bandwidth: 12.4, jenkins_bandwidth: 3.39, artifactory_bandwidth: 66.16
[2026-07-30 18:21:15] [INFO] [INFRA_SIMULATOR] s3_storage | Status: Healthy | Metrics: latency: 14.81, space: 1424, bandwidth: 85, bitbucket_space: 451, jenkins_space: 125, artifactory_space: 1450, fortify_space: 85, teamcity_space: 220, bitbucket_bandwidth: 12.06, jenkins_bandwidth: 3.01, artifactory_bandwidth: 64.92
[2026-07-30 18:21:25] [INFO] [INFRA_SIMULATOR] s3_storage | Status: Healthy | Metrics: latency: 14.56, space: 1424, bandwidth: 83, bitbucket_space: 450, jenkins_space: 125, artifactory_space: 1452, fortify_space: 85, teamcity_space: 220, bitbucket_bandwidth: 12.77, jenkins_bandwidth: 3.42, artifactory_bandwidth: 63.11
[2026-07-30 18:21:35] [INFO] [INFRA_SIMULATOR] s3_storage | Status: Healthy | Metrics: latency: 15.2, space: 1424, bandwidth: 86, bitbucket_space: 451, jenkins_space: 125, artifactory_space: 1452, fortify_space: 85, teamcity_space: 220, bitbucket_bandwidth: 12.2, jenkins_bandwidth: 3.39, artifactory_bandwidth: 66.16
[2026-07-30 18:21:45] [INFO] [INFRA_SIMULATOR] s3_storage | Status: Healthy | Metrics: latency: 15.94, space: 1424, bandwidth: 86, bitbucket_space: 450, jenkins_space: 125, artifactory_space: 1451, fortify_space: 85, teamcity_space: 220, bitbucket_bandwidth: 12.66, jenkins_bandwidth: 3.07, artifactory_bandwidth: 63.64
[2026-07-30 18:21:55] [INFO] [INFRA_SIMULATOR] s3_storage | Status: Healthy | Metrics: latency: 14.55, space: 1421, bandwidth: 88, bitbucket_space: 451, jenkins_space: 125, artifactory_space: 1452, fortify_space: 85, teamcity_space: 220, bitbucket_bandwidth: 12.53, jenkins_bandwidth: 3.34, artifactory_bandwidth: 66.04
[2026-07-30 18:22:05] [INFO] [INFRA_SIMULATOR] s3_storage | Status: Healthy | Metrics: latency: 14.89, space: 1424, bandwidth: 84, bitbucket_space: 451, jenkins_space: 125, artifactory_space: 1451, fortify_space: 85, teamcity_space: 220, bitbucket_bandwidth: 12.45, jenkins_bandwidth: 3.16, artifactory_bandwidth: 66.25
[2026-07-30 18:22:05] [INFO] [LOG_AGENT] [S3-BUCK] Performing multipart backup archiving snapshot sentinel_db_dump.sql (bandwidth: 84.5 MB/s)
[2026-07-30 18:22:15] [INFO] [INFRA_SIMULATOR] s3_storage | Status: Healthy | Metrics: latency: 14.43, space: 1422, bandwidth: 86, bitbucket_space: 450, jenkins_space: 125, artifactory_space: 1451, fortify_space: 85, teamcity_space: 220, bitbucket_bandwidth: 12.38, jenkins_bandwidth: 3.42, artifactory_bandwidth: 64.98
[2026-07-30 18:22:25] [INFO] [INFRA_SIMULATOR] s3_storage | Status: Healthy | Metrics: latency: 14.8, space: 1422, bandwidth: 88, bitbucket_space: 450, jenkins_space: 125, artifactory_space: 1452, fortify_space: 85, teamcity_space: 220, bitbucket_bandwidth: 12.62, jenkins_bandwidth: 2.95, artifactory_bandwidth: 64.84
[2026-07-30 18:22:35] [INFO] [INFRA_SIMULATOR] s3_storage | Status: Healthy | Metrics: latency: 15.7, space: 1423, bandwidth: 87, bitbucket_space: 450, jenkins_space: 125, artifactory_space: 1452, fortify_space: 85, teamcity_space: 220, bitbucket_bandwidth: 12.97, jenkins_bandwidth: 3.24, artifactory_bandwidth: 65.23
[2026-07-30 18:22:35] [INFO] [LOG_AGENT] [S3-BUCK] Performing multipart backup archiving snapshot sentinel_db_dump.sql (bandwidth: 84.5 MB/s)
[2026-07-30 18:22:35] [INFO] [LOG_AGENT] [S3-BUCK] Performing multipart backup archiving snapshot sentinel_db_dump.sql (bandwidth: 84.5 MB/s)
[2026-07-30 18:22:45] [INFO] [INFRA_SIMULATOR] s3_storage | Status: Healthy | Metrics: latency: 14.64, space: 1422, bandwidth: 85, bitbucket_space: 450, jenkins_space: 125, artifactory_space: 1452, fortify_space: 85, teamcity_space: 220, bitbucket_bandwidth: 12.14, jenkins_bandwidth: 3, artifactory_bandwidth: 66.23
[2026-07-30 18:22:55] [INFO] [INFRA_SIMULATOR] s3_storage | Status: Healthy | Metrics: latency: 15.09, space: 1424, bandwidth: 84, bitbucket_space: 450, jenkins_space: 125, artifactory_space: 1452, fortify_space: 85, teamcity_space: 220, bitbucket_bandwidth: 12.61, jenkins_bandwidth: 3.15, artifactory_bandwidth: 65.69
[2026-07-30 18:23:05] [INFO] [INFRA_SIMULATOR] s3_storage | Status: Healthy | Metrics: latency: 14.49, space: 1424, bandwidth: 86, bitbucket_space: 450, jenkins_space: 125, artifactory_space: 1452, fortify_space: 85, teamcity_space: 220, bitbucket_bandwidth: 12.44, jenkins_bandwidth: 3.42, artifactory_bandwidth: 63.63
[2026-07-30 18:23:15] [INFO] [INFRA_SIMULATOR] s3_storage | Status: Healthy | Metrics: latency: 15.04, space: 1423, bandwidth: 82, bitbucket_space: 450, jenkins_space: 125, artifactory_space: 1452, fortify_space: 85, teamcity_space: 220, bitbucket_bandwidth: 12.55, jenkins_bandwidth: 3.02, artifactory_bandwidth: 64.87
[2026-07-30 18:23:25] [INFO] [INFRA_SIMULATOR] s3_storage | Status: Healthy | Metrics: latency: 15.53, space: 1422, bandwidth: 83, bitbucket_space: 450, jenkins_space: 125, artifactory_space: 1450, fortify_space: 85, teamcity_space: 220, bitbucket_bandwidth: 13, jenkins_bandwidth: 3.22, artifactory_bandwidth: 66.08
[2026-07-30 18:23:35] [INFO] [INFRA_SIMULATOR] s3_storage | Status: Healthy | Metrics: latency: 14.47, space: 1424, bandwidth: 88, bitbucket_space: 451, jenkins_space: 125, artifactory_space: 1451, fortify_space: 85, teamcity_space: 220, bitbucket_bandwidth: 12.15, jenkins_bandwidth: 3.13, artifactory_bandwidth: 64.9
[2026-07-30 18:23:45] [INFO] [INFRA_SIMULATOR] s3_storage | Status: Healthy | Metrics: latency: 15.04, space: 1421, bandwidth: 86, bitbucket_space: 451, jenkins_space: 125, artifactory_space: 1450, fortify_space: 85, teamcity_space: 220, bitbucket_bandwidth: 13, jenkins_bandwidth: 3.29, artifactory_bandwidth: 63.61
[2026-07-30 18:23:55] [INFO] [INFRA_SIMULATOR] s3_storage | Status: Healthy | Metrics: latency: 14.4, space: 1422, bandwidth: 85, bitbucket_space: 451, jenkins_space: 125, artifactory_space: 1451, fortify_space: 85, teamcity_space: 220, bitbucket_bandwidth: 12.83, jenkins_bandwidth: 3.04, artifactory_bandwidth: 66.38
[2026-07-30 18:24:05] [INFO] [INFRA_SIMULATOR] s3_storage | Status: Healthy | Metrics: latency: 16.15, space: 1422, bandwidth: 84, bitbucket_space: 450, jenkins_space: 125, artifactory_space: 1451, fortify_space: 85, teamcity_space: 220, bitbucket_bandwidth: 12.01, jenkins_bandwidth: 3.43, artifactory_bandwidth: 65.53
[2026-07-30 18:24:15] [INFO] [INFRA_SIMULATOR] s3_storage | Status: Healthy | Metrics: latency: 15.97, space: 1424, bandwidth: 82, bitbucket_space: 450, jenkins_space: 125, artifactory_space: 1452, fortify_space: 85, teamcity_space: 220, bitbucket_bandwidth: 12.55, jenkins_bandwidth: 3.25, artifactory_bandwidth: 65.98
[2026-07-30 18:24:25] [INFO] [INFRA_SIMULATOR] s3_storage | Status: Healthy | Metrics: latency: 15.66, space: 1420, bandwidth: 86, bitbucket_space: 450, jenkins_space: 125, artifactory_space: 1452, fortify_space: 85, teamcity_space: 220, bitbucket_bandwidth: 12.41, jenkins_bandwidth: 3.1, artifactory_bandwidth: 64.05
[2026-07-30 18:24:35] [INFO] [INFRA_SIMULATOR] s3_storage | Status: Healthy | Metrics: latency: 15.63, space: 1424, bandwidth: 83, bitbucket_space: 450, jenkins_space: 125, artifactory_space: 1451, fortify_space: 85, teamcity_space: 220, bitbucket_bandwidth: 12.77, jenkins_bandwidth: 3.23, artifactory_bandwidth: 66.37
[2026-07-30 18:24:45] [INFO] [INFRA_SIMULATOR] s3_storage | Status: Healthy | Metrics: latency: 15.82, space: 1421, bandwidth: 86, bitbucket_space: 450, jenkins_space: 125, artifactory_space: 1451, fortify_space: 85, teamcity_space: 220, bitbucket_bandwidth: 12.01, jenkins_bandwidth: 3.12, artifactory_bandwidth: 65.48
[2026-07-30 18:24:55] [INFO] [INFRA_SIMULATOR] s3_storage | Status: Healthy | Metrics: latency: 15.72, space: 1422, bandwidth: 81, bitbucket_space: 450, jenkins_space: 125, artifactory_space: 1451, fortify_space: 85, teamcity_space: 220, bitbucket_bandwidth: 12.1, jenkins_bandwidth: 3.44, artifactory_bandwidth: 66.37
[2026-07-30 18:25:05] [INFO] [INFRA_SIMULATOR] s3_storage | Status: Healthy | Metrics: latency: 15.67, space: 1423, bandwidth: 84, bitbucket_space: 450, jenkins_space: 125, artifactory_space: 1450, fortify_space: 85, teamcity_space: 220, bitbucket_bandwidth: 12.74, jenkins_bandwidth: 3.25, artifactory_bandwidth: 64.09
[2026-07-30 18:25:05] [INFO] [LOG_AGENT] [S3-BUCK] Performing multipart backup archiving snapshot sentinel_db_dump.sql (bandwidth: 84.5 MB/s)
[2026-07-30 18:25:15] [INFO] [INFRA_SIMULATOR] s3_storage | Status: Healthy | Metrics: latency: 15.67, space: 1424, bandwidth: 82, bitbucket_space: 451, jenkins_space: 125, artifactory_space: 1451, fortify_space: 85, teamcity_space: 220, bitbucket_bandwidth: 12.34, jenkins_bandwidth: 3.42, artifactory_bandwidth: 66.05
[2026-07-30 18:25:25] [INFO] [INFRA_SIMULATOR] s3_storage | Status: Healthy | Metrics: latency: 14.47, space: 1424, bandwidth: 83, bitbucket_space: 451, jenkins_space: 125, artifactory_space: 1450, fortify_space: 85, teamcity_space: 220, bitbucket_bandwidth: 12.49, jenkins_bandwidth: 3.13, artifactory_bandwidth: 65.61
[2026-07-30 18:25:35] [INFO] [INFRA_SIMULATOR] s3_storage | Status: Healthy | Metrics: latency: 16.39, space: 1420, bandwidth: 82, bitbucket_space: 450, jenkins_space: 125, artifactory_space: 1450, fortify_space: 85, teamcity_space: 220, bitbucket_bandwidth: 12.44, jenkins_bandwidth: 3.23, artifactory_bandwidth: 66.71
[2026-07-30 18:25:35] [INFO] [LOG_AGENT] [S3-BUCK] Performing multipart backup archiving snapshot sentinel_db_dump.sql (bandwidth: 84.5 MB/s)
[2026-07-30 18:25:45] [INFO] [INFRA_SIMULATOR] s3_storage | Status: Healthy | Metrics: latency: 14.74, space: 1421, bandwidth: 85, bitbucket_space: 451, jenkins_space: 125, artifactory_space: 1451, fortify_space: 85, teamcity_space: 220, bitbucket_bandwidth: 12.49, jenkins_bandwidth: 3.31, artifactory_bandwidth: 64.82
[2026-07-30 18:25:55] [INFO] [INFRA_SIMULATOR] s3_storage | Status: Healthy | Metrics: latency: 16.37, space: 1420, bandwidth: 88, bitbucket_space: 450, jenkins_space: 125, artifactory_space: 1452, fortify_space: 85, teamcity_space: 220, bitbucket_bandwidth: 12.03, jenkins_bandwidth: 3.38, artifactory_bandwidth: 64.22
[2026-07-30 18:26:05] [INFO] [INFRA_SIMULATOR] s3_storage | Status: Healthy | Metrics: latency: 15.37, space: 1422, bandwidth: 85, bitbucket_space: 451, jenkins_space: 125, artifactory_space: 1450, fortify_space: 85, teamcity_space: 220, bitbucket_bandwidth: 12.03, jenkins_bandwidth: 3.06, artifactory_bandwidth: 65
[2026-07-30 18:26:15] [INFO] [INFRA_SIMULATOR] s3_storage | Status: Healthy | Metrics: latency: 15.1, space: 1424, bandwidth: 88, bitbucket_space: 451, jenkins_space: 125, artifactory_space: 1452, fortify_space: 85, teamcity_space: 220, bitbucket_bandwidth: 12.86, jenkins_bandwidth: 3.29, artifactory_bandwidth: 65.25
[2026-07-30 18:26:25] [INFO] [INFRA_SIMULATOR] s3_storage | Status: Healthy | Metrics: latency: 16.1, space: 1422, bandwidth: 83, bitbucket_space: 451, jenkins_space: 125, artifactory_space: 1452, fortify_space: 85, teamcity_space: 220, bitbucket_bandwidth: 12.18, jenkins_bandwidth: 3.32, artifactory_bandwidth: 66.44
[2026-07-30 18:26:35] [INFO] [INFRA_SIMULATOR] s3_storage | Status: Healthy | Metrics: latency: 16.26, space: 1422, bandwidth: 87, bitbucket_space: 450, jenkins_space: 125, artifactory_space: 1451, fortify_space: 85, teamcity_space: 220, bitbucket_bandwidth: 12.44, jenkins_bandwidth: 3.07, artifactory_bandwidth: 62.96
[2026-07-30 18:26:45] [INFO] [INFRA_SIMULATOR] s3_storage | Status: Healthy | Metrics: latency: 16.21, space: 1421, bandwidth: 81, bitbucket_space: 450, jenkins_space: 125, artifactory_space: 1450, fortify_space: 85, teamcity_space: 220, bitbucket_bandwidth: 12.05, jenkins_bandwidth: 3.39, artifactory_bandwidth: 65.55
[2026-07-30 18:26:55] [INFO] [INFRA_SIMULATOR] s3_storage | Status: Healthy | Metrics: latency: 15.35, space: 1421, bandwidth: 86, bitbucket_space: 451, jenkins_space: 125, artifactory_space: 1452, fortify_space: 85, teamcity_space: 220, bitbucket_bandwidth: 12.63, jenkins_bandwidth: 3.24, artifactory_bandwidth: 64.31
[2026-07-30 18:27:05] [INFO] [INFRA_SIMULATOR] s3_storage | Status: Healthy | Metrics: latency: 15.67, space: 1420, bandwidth: 81, bitbucket_space: 451, jenkins_space: 125, artifactory_space: 1452, fortify_space: 85, teamcity_space: 220, bitbucket_bandwidth: 12.85, jenkins_bandwidth: 3.42, artifactory_bandwidth: 63.81
[2026-07-30 18:27:15] [INFO] [INFRA_SIMULATOR] s3_storage | Status: Healthy | Metrics: latency: 15.18, space: 1421, bandwidth: 88, bitbucket_space: 450, jenkins_space: 125, artifactory_space: 1452, fortify_space: 85, teamcity_space: 220, bitbucket_bandwidth: 12.41, jenkins_bandwidth: 3.01, artifactory_bandwidth: 66.53
[2026-07-30 18:38:44] [INFO] [INFRA_SIMULATOR] s3_storage | Status: Healthy | Metrics: latency: 15.46, space: 1424, bandwidth: 85, bitbucket_space: 450, jenkins_space: 125, artifactory_space: 1451, fortify_space: 85, teamcity_space: 220, bitbucket_bandwidth: 12.83, jenkins_bandwidth: 3.12, artifactory_bandwidth: 66.33
[2026-07-30 18:38:54] [INFO] [INFRA_SIMULATOR] s3_storage | Status: Healthy | Metrics: latency: 15.13, space: 1424, bandwidth: 81, bitbucket_space: 450, jenkins_space: 125, artifactory_space: 1452, fortify_space: 85, teamcity_space: 220, bitbucket_bandwidth: 12.24, jenkins_bandwidth: 3.07, artifactory_bandwidth: 64.22
[2026-07-30 18:39:04] [INFO] [INFRA_SIMULATOR] s3_storage | Status: Healthy | Metrics: latency: 15.28, space: 1423, bandwidth: 83, bitbucket_space: 450, jenkins_space: 125, artifactory_space: 1452, fortify_space: 85, teamcity_space: 220, bitbucket_bandwidth: 12.27, jenkins_bandwidth: 3.03, artifactory_bandwidth: 65.38
[2026-07-30 18:39:14] [INFO] [INFRA_SIMULATOR] s3_storage | Status: Healthy | Metrics: latency: 16.05, space: 1420, bandwidth: 86, bitbucket_space: 451, jenkins_space: 125, artifactory_space: 1450, fortify_space: 85, teamcity_space: 220, bitbucket_bandwidth: 12.55, jenkins_bandwidth: 3.09, artifactory_bandwidth: 63.53
[2026-07-30 18:39:24] [INFO] [INFRA_SIMULATOR] s3_storage | Status: Healthy | Metrics: latency: 15.34, space: 1423, bandwidth: 82, bitbucket_space: 450, jenkins_space: 125, artifactory_space: 1452, fortify_space: 85, teamcity_space: 220, bitbucket_bandwidth: 12.03, jenkins_bandwidth: 3.33, artifactory_bandwidth: 65.83
[2026-07-30 18:39:34] [INFO] [INFRA_SIMULATOR] s3_storage | Status: Healthy | Metrics: latency: 15.21, space: 1421, bandwidth: 88, bitbucket_space: 450, jenkins_space: 125, artifactory_space: 1452, fortify_space: 85, teamcity_space: 220, bitbucket_bandwidth: 12.7, jenkins_bandwidth: 3.12, artifactory_bandwidth: 66.66
[2026-07-30 18:39:44] [INFO] [INFRA_SIMULATOR] s3_storage | Status: Healthy | Metrics: latency: 16.25, space: 1421, bandwidth: 84, bitbucket_space: 451, jenkins_space: 125, artifactory_space: 1451, fortify_space: 85, teamcity_space: 220, bitbucket_bandwidth: 12.29, jenkins_bandwidth: 3.18, artifactory_bandwidth: 66.03
[2026-07-30 18:39:44] [INFO] [LOG_AGENT] [S3-BUCK] Performing multipart backup archiving snapshot sentinel_db_dump.sql (bandwidth: 84.5 MB/s)
[2026-07-30 18:39:54] [INFO] [INFRA_SIMULATOR] s3_storage | Status: Healthy | Metrics: latency: 14.48, space: 1420, bandwidth: 81, bitbucket_space: 451, jenkins_space: 125, artifactory_space: 1452, fortify_space: 85, teamcity_space: 220, bitbucket_bandwidth: 12.58, jenkins_bandwidth: 3.37, artifactory_bandwidth: 64.43
[2026-07-30 18:40:04] [INFO] [INFRA_SIMULATOR] s3_storage | Status: Healthy | Metrics: latency: 14.87, space: 1420, bandwidth: 82, bitbucket_space: 450, jenkins_space: 125, artifactory_space: 1450, fortify_space: 85, teamcity_space: 220, bitbucket_bandwidth: 12.52, jenkins_bandwidth: 3.08, artifactory_bandwidth: 66.38
[2026-07-30 18:40:14] [INFO] [INFRA_SIMULATOR] s3_storage | Status: Healthy | Metrics: latency: 16.01, space: 1421, bandwidth: 87, bitbucket_space: 450, jenkins_space: 125, artifactory_space: 1450, fortify_space: 85, teamcity_space: 220, bitbucket_bandwidth: 12.38, jenkins_bandwidth: 2.96, artifactory_bandwidth: 63.79
[2026-07-30 18:40:24] [INFO] [INFRA_SIMULATOR] s3_storage | Status: Healthy | Metrics: latency: 15.24, space: 1422, bandwidth: 88, bitbucket_space: 450, jenkins_space: 125, artifactory_space: 1451, fortify_space: 85, teamcity_space: 220, bitbucket_bandwidth: 12.46, jenkins_bandwidth: 3.35, artifactory_bandwidth: 65.5
[2026-07-30 18:40:24] [INFO] [LOG_AGENT] [S3-BUCK] Performing multipart backup archiving snapshot sentinel_db_dump.sql (bandwidth: 84.5 MB/s)
[2026-07-30 18:40:34] [INFO] [INFRA_SIMULATOR] s3_storage | Status: Healthy | Metrics: latency: 15.66, space: 1422, bandwidth: 84, bitbucket_space: 451, jenkins_space: 125, artifactory_space: 1450, fortify_space: 85, teamcity_space: 220, bitbucket_bandwidth: 12.58, jenkins_bandwidth: 3, artifactory_bandwidth: 64.65
[2026-07-30 18:40:44] [INFO] [INFRA_SIMULATOR] s3_storage | Status: Healthy | Metrics: latency: 14.76, space: 1420, bandwidth: 84, bitbucket_space: 450, jenkins_space: 125, artifactory_space: 1452, fortify_space: 85, teamcity_space: 220, bitbucket_bandwidth: 12.91, jenkins_bandwidth: 3.02, artifactory_bandwidth: 63.17
[2026-07-30 18:40:54] [INFO] [INFRA_SIMULATOR] s3_storage | Status: Healthy | Metrics: latency: 15.59, space: 1421, bandwidth: 81, bitbucket_space: 451, jenkins_space: 125, artifactory_space: 1451, fortify_space: 85, teamcity_space: 220, bitbucket_bandwidth: 12.89, jenkins_bandwidth: 3.31, artifactory_bandwidth: 64.39
[2026-07-30 18:41:04] [INFO] [INFRA_SIMULATOR] s3_storage | Status: Healthy | Metrics: latency: 14.81, space: 1420, bandwidth: 83, bitbucket_space: 451, jenkins_space: 125, artifactory_space: 1452, fortify_space: 85, teamcity_space: 220, bitbucket_bandwidth: 12.07, jenkins_bandwidth: 3.31, artifactory_bandwidth: 63.99
[2026-07-30 18:41:14] [INFO] [INFRA_SIMULATOR] s3_storage | Status: Healthy | Metrics: latency: 14.42, space: 1424, bandwidth: 86, bitbucket_space: 450, jenkins_space: 125, artifactory_space: 1451, fortify_space: 85, teamcity_space: 220, bitbucket_bandwidth: 12.96, jenkins_bandwidth: 3.21, artifactory_bandwidth: 66.56
[2026-07-30 18:41:24] [INFO] [INFRA_SIMULATOR] s3_storage | Status: Healthy | Metrics: latency: 15.75, space: 1423, bandwidth: 82, bitbucket_space: 450, jenkins_space: 125, artifactory_space: 1451, fortify_space: 85, teamcity_space: 220, bitbucket_bandwidth: 12.68, jenkins_bandwidth: 3.31, artifactory_bandwidth: 65.49
[2026-07-30 18:41:34] [INFO] [INFRA_SIMULATOR] s3_storage | Status: Healthy | Metrics: latency: 16.08, space: 1424, bandwidth: 85, bitbucket_space: 450, jenkins_space: 125, artifactory_space: 1451, fortify_space: 85, teamcity_space: 220, bitbucket_bandwidth: 12.57, jenkins_bandwidth: 3.24, artifactory_bandwidth: 65.31
[2026-07-30 18:41:44] [INFO] [INFRA_SIMULATOR] s3_storage | Status: Healthy | Metrics: latency: 15.64, space: 1421, bandwidth: 87, bitbucket_space: 451, jenkins_space: 125, artifactory_space: 1451, fortify_space: 85, teamcity_space: 220, bitbucket_bandwidth: 12.5, jenkins_bandwidth: 3.1, artifactory_bandwidth: 64.09
[2026-07-30 18:41:44] [INFO] [LOG_AGENT] [S3-BUCK] Performing multipart backup archiving snapshot sentinel_db_dump.sql (bandwidth: 84.5 MB/s)
[2026-07-30 18:41:54] [INFO] [INFRA_SIMULATOR] s3_storage | Status: Healthy | Metrics: latency: 14.79, space: 1423, bandwidth: 84, bitbucket_space: 450, jenkins_space: 125, artifactory_space: 1450, fortify_space: 85, teamcity_space: 220, bitbucket_bandwidth: 12.92, jenkins_bandwidth: 3.4, artifactory_bandwidth: 64.18
[2026-07-30 18:41:54] [INFO] [LOG_AGENT] [S3-BUCK] Performing multipart backup archiving snapshot sentinel_db_dump.sql (bandwidth: 84.5 MB/s)
[2026-07-30 18:42:04] [INFO] [INFRA_SIMULATOR] s3_storage | Status: Healthy | Metrics: latency: 15.92, space: 1422, bandwidth: 82, bitbucket_space: 450, jenkins_space: 125, artifactory_space: 1452, fortify_space: 85, teamcity_space: 220, bitbucket_bandwidth: 12.51, jenkins_bandwidth: 3.06, artifactory_bandwidth: 65.86
[2026-07-30 18:42:14] [INFO] [INFRA_SIMULATOR] s3_storage | Status: Healthy | Metrics: latency: 14.65, space: 1421, bandwidth: 85, bitbucket_space: 450, jenkins_space: 125, artifactory_space: 1450, fortify_space: 85, teamcity_space: 220, bitbucket_bandwidth: 12.59, jenkins_bandwidth: 3.06, artifactory_bandwidth: 66.57
[2026-07-30 18:42:24] [INFO] [INFRA_SIMULATOR] s3_storage | Status: Healthy | Metrics: latency: 16.37, space: 1421, bandwidth: 86, bitbucket_space: 451, jenkins_space: 125, artifactory_space: 1451, fortify_space: 85, teamcity_space: 220, bitbucket_bandwidth: 12.26, jenkins_bandwidth: 3.06, artifactory_bandwidth: 64.59
[2026-07-30 18:42:34] [INFO] [INFRA_SIMULATOR] s3_storage | Status: Healthy | Metrics: latency: 15.54, space: 1424, bandwidth: 87, bitbucket_space: 450, jenkins_space: 125, artifactory_space: 1452, fortify_space: 85, teamcity_space: 220, bitbucket_bandwidth: 12.1, jenkins_bandwidth: 3.1, artifactory_bandwidth: 65.19
[2026-07-30 18:42:44] [INFO] [INFRA_SIMULATOR] s3_storage | Status: Healthy | Metrics: latency: 15.23, space: 1420, bandwidth: 83, bitbucket_space: 451, jenkins_space: 125, artifactory_space: 1451, fortify_space: 85, teamcity_space: 220, bitbucket_bandwidth: 12.7, jenkins_bandwidth: 3.04, artifactory_bandwidth: 66.77
[2026-07-30 18:42:54] [INFO] [INFRA_SIMULATOR] s3_storage | Status: Healthy | Metrics: latency: 14.83, space: 1422, bandwidth: 87, bitbucket_space: 451, jenkins_space: 125, artifactory_space: 1451, fortify_space: 85, teamcity_space: 220, bitbucket_bandwidth: 12.84, jenkins_bandwidth: 2.99, artifactory_bandwidth: 65.88
[2026-07-30 18:43:04] [INFO] [INFRA_SIMULATOR] s3_storage | Status: Healthy | Metrics: latency: 15.06, space: 1423, bandwidth: 86, bitbucket_space: 451, jenkins_space: 125, artifactory_space: 1452, fortify_space: 85, teamcity_space: 220, bitbucket_bandwidth: 12.88, jenkins_bandwidth: 3.12, artifactory_bandwidth: 63.25
[2026-07-30 18:43:14] [INFO] [INFRA_SIMULATOR] s3_storage | Status: Healthy | Metrics: latency: 15.69, space: 1423, bandwidth: 82, bitbucket_space: 450, jenkins_space: 125, artifactory_space: 1450, fortify_space: 85, teamcity_space: 220, bitbucket_bandwidth: 12.66, jenkins_bandwidth: 3.36, artifactory_bandwidth: 65.38
[2026-07-30 18:43:24] [INFO] [INFRA_SIMULATOR] s3_storage | Status: Healthy | Metrics: latency: 15.65, space: 1424, bandwidth: 88, bitbucket_space: 451, jenkins_space: 125, artifactory_space: 1451, fortify_space: 85, teamcity_space: 220, bitbucket_bandwidth: 12.14, jenkins_bandwidth: 3.3, artifactory_bandwidth: 65.21
[2026-07-30 18:43:34] [INFO] [INFRA_SIMULATOR] s3_storage | Status: Healthy | Metrics: latency: 16.18, space: 1420, bandwidth: 84, bitbucket_space: 451, jenkins_space: 125, artifactory_space: 1450, fortify_space: 85, teamcity_space: 220, bitbucket_bandwidth: 12.72, jenkins_bandwidth: 2.96, artifactory_bandwidth: 65.86
[2026-07-30 18:43:44] [INFO] [INFRA_SIMULATOR] s3_storage | Status: Healthy | Metrics: latency: 15.13, space: 1424, bandwidth: 81, bitbucket_space: 451, jenkins_space: 125, artifactory_space: 1450, fortify_space: 85, teamcity_space: 220, bitbucket_bandwidth: 12.89, jenkins_bandwidth: 3.09, artifactory_bandwidth: 66.62
[2026-07-30 18:43:54] [INFO] [INFRA_SIMULATOR] s3_storage | Status: Healthy | Metrics: latency: 15.24, space: 1423, bandwidth: 84, bitbucket_space: 450, jenkins_space: 125, artifactory_space: 1451, fortify_space: 85, teamcity_space: 220, bitbucket_bandwidth: 12.26, jenkins_bandwidth: 3.42, artifactory_bandwidth: 64.79
[2026-07-30 18:43:54] [INFO] [LOG_AGENT] [S3-BUCK] Performing multipart backup archiving snapshot sentinel_db_dump.sql (bandwidth: 84.5 MB/s)
[2026-07-30 18:44:04] [INFO] [INFRA_SIMULATOR] s3_storage | Status: Healthy | Metrics: latency: 14.48, space: 1422, bandwidth: 87, bitbucket_space: 450, jenkins_space: 125, artifactory_space: 1452, fortify_space: 85, teamcity_space: 220, bitbucket_bandwidth: 12.5, jenkins_bandwidth: 3.24, artifactory_bandwidth: 66.13
[2026-07-30 18:44:14] [INFO] [INFRA_SIMULATOR] s3_storage | Status: Healthy | Metrics: latency: 16.34, space: 1420, bandwidth: 83, bitbucket_space: 451, jenkins_space: 125, artifactory_space: 1452, fortify_space: 85, teamcity_space: 220, bitbucket_bandwidth: 12.99, jenkins_bandwidth: 3.3, artifactory_bandwidth: 63.83
[2026-07-30 18:44:24] [INFO] [INFRA_SIMULATOR] s3_storage | Status: Healthy | Metrics: latency: 14.51, space: 1424, bandwidth: 84, bitbucket_space: 450, jenkins_space: 125, artifactory_space: 1451, fortify_space: 85, teamcity_space: 220, bitbucket_bandwidth: 12.16, jenkins_bandwidth: 3.36, artifactory_bandwidth: 65.92
[2026-07-30 18:44:34] [INFO] [INFRA_SIMULATOR] s3_storage | Status: Healthy | Metrics: latency: 15.62, space: 1422, bandwidth: 84, bitbucket_space: 450, jenkins_space: 125, artifactory_space: 1450, fortify_space: 85, teamcity_space: 220, bitbucket_bandwidth: 12.13, jenkins_bandwidth: 3.37, artifactory_bandwidth: 64.08
[2026-07-30 18:44:44] [INFO] [INFRA_SIMULATOR] s3_storage | Status: Healthy | Metrics: latency: 16.15, space: 1423, bandwidth: 84, bitbucket_space: 450, jenkins_space: 125, artifactory_space: 1450, fortify_space: 85, teamcity_space: 220, bitbucket_bandwidth: 12.36, jenkins_bandwidth: 3.21, artifactory_bandwidth: 63.9
[2026-07-30 18:44:54] [INFO] [INFRA_SIMULATOR] s3_storage | Status: Healthy | Metrics: latency: 14.45, space: 1421, bandwidth: 88, bitbucket_space: 451, jenkins_space: 125, artifactory_space: 1452, fortify_space: 85, teamcity_space: 220, bitbucket_bandwidth: 12.65, jenkins_bandwidth: 2.97, artifactory_bandwidth: 65.11
[2026-07-30 18:45:04] [INFO] [INFRA_SIMULATOR] s3_storage | Status: Healthy | Metrics: latency: 15.17, space: 1423, bandwidth: 86, bitbucket_space: 451, jenkins_space: 125, artifactory_space: 1450, fortify_space: 85, teamcity_space: 220, bitbucket_bandwidth: 12.64, jenkins_bandwidth: 3.09, artifactory_bandwidth: 63.01
[2026-07-30 18:45:14] [INFO] [INFRA_SIMULATOR] s3_storage | Status: Healthy | Metrics: latency: 14.97, space: 1422, bandwidth: 86, bitbucket_space: 450, jenkins_space: 125, artifactory_space: 1452, fortify_space: 85, teamcity_space: 220, bitbucket_bandwidth: 12.31, jenkins_bandwidth: 3.07, artifactory_bandwidth: 65.94
[2026-07-30 18:45:24] [INFO] [INFRA_SIMULATOR] s3_storage | Status: Healthy | Metrics: latency: 14.44, space: 1420, bandwidth: 84, bitbucket_space: 451, jenkins_space: 125, artifactory_space: 1450, fortify_space: 85, teamcity_space: 220, bitbucket_bandwidth: 12.67, jenkins_bandwidth: 3.18, artifactory_bandwidth: 66.45
[2026-07-30 18:45:34] [INFO] [INFRA_SIMULATOR] s3_storage | Status: Healthy | Metrics: latency: 16.23, space: 1424, bandwidth: 82, bitbucket_space: 451, jenkins_space: 125, artifactory_space: 1451, fortify_space: 85, teamcity_space: 220, bitbucket_bandwidth: 12.71, jenkins_bandwidth: 3.12, artifactory_bandwidth: 66.31
[2026-07-30 18:45:44] [INFO] [INFRA_SIMULATOR] s3_storage | Status: Healthy | Metrics: latency: 15.68, space: 1422, bandwidth: 88, bitbucket_space: 450, jenkins_space: 125, artifactory_space: 1451, fortify_space: 85, teamcity_space: 220, bitbucket_bandwidth: 12.07, jenkins_bandwidth: 2.97, artifactory_bandwidth: 62.89
[2026-07-30 18:45:44] [INFO] [LOG_AGENT] [S3-BUCK] Performing multipart backup archiving snapshot sentinel_db_dump.sql (bandwidth: 84.5 MB/s)
[2026-07-30 18:45:54] [INFO] [INFRA_SIMULATOR] s3_storage | Status: Healthy | Metrics: latency: 15.55, space: 1424, bandwidth: 84, bitbucket_space: 451, jenkins_space: 125, artifactory_space: 1452, fortify_space: 85, teamcity_space: 220, bitbucket_bandwidth: 12.3, jenkins_bandwidth: 3.23, artifactory_bandwidth: 64.33
[2026-07-30 18:46:04] [INFO] [INFRA_SIMULATOR] s3_storage | Status: Healthy | Metrics: latency: 15.63, space: 1423, bandwidth: 84, bitbucket_space: 450, jenkins_space: 125, artifactory_space: 1450, fortify_space: 85, teamcity_space: 220, bitbucket_bandwidth: 12.5, jenkins_bandwidth: 3.43, artifactory_bandwidth: 63.61
[2026-07-30 18:46:14] [INFO] [INFRA_SIMULATOR] s3_storage | Status: Healthy | Metrics: latency: 15.5, space: 1420, bandwidth: 83, bitbucket_space: 450, jenkins_space: 125, artifactory_space: 1450, fortify_space: 85, teamcity_space: 220, bitbucket_bandwidth: 12.71, jenkins_bandwidth: 3.36, artifactory_bandwidth: 64.06
[2026-07-30 18:46:24] [INFO] [INFRA_SIMULATOR] s3_storage | Status: Healthy | Metrics: latency: 14.62, space: 1422, bandwidth: 85, bitbucket_space: 451, jenkins_space: 125, artifactory_space: 1451, fortify_space: 85, teamcity_space: 220, bitbucket_bandwidth: 12.56, jenkins_bandwidth: 2.96, artifactory_bandwidth: 66.23
[2026-07-30 18:46:34] [INFO] [INFRA_SIMULATOR] s3_storage | Status: Healthy | Metrics: latency: 15.58, space: 1424, bandwidth: 82, bitbucket_space: 450, jenkins_space: 125, artifactory_space: 1452, fortify_space: 85, teamcity_space: 220, bitbucket_bandwidth: 12.65, jenkins_bandwidth: 3.28, artifactory_bandwidth: 62.81
[2026-07-30 18:46:44] [INFO] [INFRA_SIMULATOR] s3_storage | Status: Healthy | Metrics: latency: 16.35, space: 1423, bandwidth: 87, bitbucket_space: 450, jenkins_space: 125, artifactory_space: 1452, fortify_space: 85, teamcity_space: 220, bitbucket_bandwidth: 12.45, jenkins_bandwidth: 3.23, artifactory_bandwidth: 66.59
[2026-07-30 18:46:54] [INFO] [INFRA_SIMULATOR] s3_storage | Status: Healthy | Metrics: latency: 14.6, space: 1420, bandwidth: 87, bitbucket_space: 451, jenkins_space: 125, artifactory_space: 1450, fortify_space: 85, teamcity_space: 220, bitbucket_bandwidth: 12.4, jenkins_bandwidth: 3.22, artifactory_bandwidth: 66.7
[2026-07-30 18:47:04] [INFO] [INFRA_SIMULATOR] s3_storage | Status: Healthy | Metrics: latency: 16.28, space: 1420, bandwidth: 84, bitbucket_space: 450, jenkins_space: 125, artifactory_space: 1451, fortify_space: 85, teamcity_space: 220, bitbucket_bandwidth: 12.08, jenkins_bandwidth: 3.21, artifactory_bandwidth: 64.97
[2026-07-30 18:47:14] [INFO] [INFRA_SIMULATOR] s3_storage | Status: Healthy | Metrics: latency: 14.78, space: 1420, bandwidth: 83, bitbucket_space: 450, jenkins_space: 125, artifactory_space: 1450, fortify_space: 85, teamcity_space: 220, bitbucket_bandwidth: 12.72, jenkins_bandwidth: 2.99, artifactory_bandwidth: 63.66
[2026-07-30 18:47:15] [INFO] [LOG_AGENT] [S3-BUCK] Performing multipart backup archiving snapshot sentinel_db_dump.sql (bandwidth: 84.5 MB/s)
[2026-07-30 18:47:24] [INFO] [INFRA_SIMULATOR] s3_storage | Status: Healthy | Metrics: latency: 15.97, space: 1424, bandwidth: 85, bitbucket_space: 450, jenkins_space: 125, artifactory_space: 1452, fortify_space: 85, teamcity_space: 220, bitbucket_bandwidth: 12.54, jenkins_bandwidth: 3.25, artifactory_bandwidth: 64.32
[2026-07-30 18:47:34] [INFO] [INFRA_SIMULATOR] s3_storage | Status: Healthy | Metrics: latency: 16.06, space: 1420, bandwidth: 86, bitbucket_space: 451, jenkins_space: 125, artifactory_space: 1452, fortify_space: 85, teamcity_space: 220, bitbucket_bandwidth: 12.8, jenkins_bandwidth: 3.03, artifactory_bandwidth: 63.06
[2026-07-30 18:47:44] [INFO] [INFRA_SIMULATOR] s3_storage | Status: Healthy | Metrics: latency: 16.11, space: 1422, bandwidth: 81, bitbucket_space: 450, jenkins_space: 125, artifactory_space: 1452, fortify_space: 85, teamcity_space: 220, bitbucket_bandwidth: 12.51, jenkins_bandwidth: 3.25, artifactory_bandwidth: 64.57
[2026-07-30 18:47:55] [INFO] [INFRA_SIMULATOR] s3_storage | Status: Healthy | Metrics: latency: 15.32, space: 1424, bandwidth: 87, bitbucket_space: 451, jenkins_space: 125, artifactory_space: 1452, fortify_space: 85, teamcity_space: 220, bitbucket_bandwidth: 12.65, jenkins_bandwidth: 3.37, artifactory_bandwidth: 64.67
[2026-07-30 18:48:04] [INFO] [INFRA_SIMULATOR] s3_storage | Status: Healthy | Metrics: latency: 14.57, space: 1421, bandwidth: 84, bitbucket_space: 450, jenkins_space: 125, artifactory_space: 1452, fortify_space: 85, teamcity_space: 220, bitbucket_bandwidth: 12.15, jenkins_bandwidth: 3.28, artifactory_bandwidth: 66.59
[2026-07-30 18:48:14] [INFO] [INFRA_SIMULATOR] s3_storage | Status: Healthy | Metrics: latency: 14.58, space: 1420, bandwidth: 85, bitbucket_space: 451, jenkins_space: 125, artifactory_space: 1450, fortify_space: 85, teamcity_space: 220, bitbucket_bandwidth: 12.22, jenkins_bandwidth: 3.37, artifactory_bandwidth: 65.49
[2026-07-30 18:48:25] [INFO] [INFRA_SIMULATOR] s3_storage | Status: Healthy | Metrics: latency: 14.8, space: 1421, bandwidth: 84, bitbucket_space: 451, jenkins_space: 125, artifactory_space: 1451, fortify_space: 85, teamcity_space: 220, bitbucket_bandwidth: 12.63, jenkins_bandwidth: 3.12, artifactory_bandwidth: 66.35
[2026-07-30 18:48:25] [INFO] [LOG_AGENT] [S3-BUCK] Performing multipart backup archiving snapshot sentinel_db_dump.sql (bandwidth: 84.5 MB/s)
[2026-07-30 18:48:35] [INFO] [INFRA_SIMULATOR] s3_storage | Status: Healthy | Metrics: latency: 15.58, space: 1421, bandwidth: 84, bitbucket_space: 450, jenkins_space: 125, artifactory_space: 1450, fortify_space: 85, teamcity_space: 220, bitbucket_bandwidth: 12.51, jenkins_bandwidth: 3.12, artifactory_bandwidth: 64.34
[2026-07-30 18:48:35] [INFO] [LOG_AGENT] [S3-BUCK] Performing multipart backup archiving snapshot sentinel_db_dump.sql (bandwidth: 84.5 MB/s)
